_global/failed_cases.csv	249
_global/splits/.ipynb_checkpoints/make_splits-checkpoint.ipynb	48494
_global/splits/.ipynb_checkpoints/make_splits_ja-checkpoint.ipynb	49692
_global/splits/README.md	3794
_global/splits/make_splits.ipynb	48316
_global/splits/make_splits_ja.ipynb	47366
_global/splits/splits_field.csv	18420
_global/splits/splits_loso_foldA.csv	55409
_global/splits/splits_loso_foldB.csv	55337
_global/splits/splits_random_5fold.csv	236536
_global/splits/splits_vendor_philips.csv	22167
ucsf-pdgm/UCSF-PDGM-0004_nifti/preprocessing_metadata.json	2567
ucsf-pdgm/UCSF-PDGM-0004_nifti/volumes/ASL.nii.gz	5498916
ucsf-pdgm/UCSF-PDGM-0004_nifti/volumes/DWI.nii.gz	5506903
ucsf-pdgm/UCSF-PDGM-0004_nifti/volumes/FLAIR.nii.gz	5531033
ucsf-pdgm/UCSF-PDGM-0004_nifti/volumes/SWI.nii.gz	5560476
ucsf-pdgm/UCSF-PDGM-0004_nifti/volumes/T1.nii.gz	5504538
ucsf-pdgm/UCSF-PDGM-0004_nifti/volumes/T1c.nii.gz	5548831
ucsf-pdgm/UCSF-PDGM-0004_nifti/volumes/T2.nii.gz	5489221
ucsf-pdgm/UCSF-PDGM-0004_nifti/volumes/brain_mask.nii.gz	291793
ucsf-pdgm/UCSF-PDGM-0004_nifti/volumes/tumor_seg.nii.gz	178482
ucsf-pdgm/UCSF-PDGM-0005_nifti/preprocessing_metadata.json	2581
ucsf-pdgm/UCSF-PDGM-0005_nifti/volumes/ASL.nii.gz	5085957
ucsf-pdgm/UCSF-PDGM-0005_nifti/volumes/DWI.nii.gz	5081378
ucsf-pdgm/UCSF-PDGM-0005_nifti/volumes/FLAIR.nii.gz	5090803
ucsf-pdgm/UCSF-PDGM-0005_nifti/volumes/SWI.nii.gz	5114620
ucsf-pdgm/UCSF-PDGM-0005_nifti/volumes/T1.nii.gz	5070513
ucsf-pdgm/UCSF-PDGM-0005_nifti/volumes/T1c.nii.gz	5120746
ucsf-pdgm/UCSF-PDGM-0005_nifti/volumes/T2.nii.gz	5048288
ucsf-pdgm/UCSF-PDGM-0005_nifti/volumes/brain_mask.nii.gz	282379
ucsf-pdgm/UCSF-PDGM-0005_nifti/volumes/tumor_seg.nii.gz	173735
ucsf-pdgm/UCSF-PDGM-0007_nifti/preprocessing_metadata.json	2584
ucsf-pdgm/UCSF-PDGM-0007_nifti/volumes/ASL.nii.gz	6583975
ucsf-pdgm/UCSF-PDGM-0007_nifti/volumes/DWI.nii.gz	6629295
ucsf-pdgm/UCSF-PDGM-0007_nifti/volumes/FLAIR.nii.gz	6686063
ucsf-pdgm/UCSF-PDGM-0007_nifti/volumes/SWI.nii.gz	6626902
ucsf-pdgm/UCSF-PDGM-0007_nifti/volumes/T1.nii.gz	6627668
ucsf-pdgm/UCSF-PDGM-0007_nifti/volumes/T1c.nii.gz	6669212
ucsf-pdgm/UCSF-PDGM-0007_nifti/volumes/T2.nii.gz	6597294
ucsf-pdgm/UCSF-PDGM-0007_nifti/volumes/brain_mask.nii.gz	313153
ucsf-pdgm/UCSF-PDGM-0007_nifti/volumes/tumor_seg.nii.gz	239859
ucsf-pdgm/UCSF-PDGM-0008_nifti/preprocessing_metadata.json	2570
ucsf-pdgm/UCSF-PDGM-0008_nifti/volumes/ASL.nii.gz	5417847
ucsf-pdgm/UCSF-PDGM-0008_nifti/volumes/DWI.nii.gz	5441608
ucsf-pdgm/UCSF-PDGM-0008_nifti/volumes/FLAIR.nii.gz	5468640
ucsf-pdgm/UCSF-PDGM-0008_nifti/volumes/SWI.nii.gz	5446252
ucsf-pdgm/UCSF-PDGM-0008_nifti/volumes/T1.nii.gz	5431582
ucsf-pdgm/UCSF-PDGM-0008_nifti/volumes/T1c.nii.gz	5460229
ucsf-pdgm/UCSF-PDGM-0008_nifti/volumes/T2.nii.gz	5411273
ucsf-pdgm/UCSF-PDGM-0008_nifti/volumes/brain_mask.nii.gz	293050
ucsf-pdgm/UCSF-PDGM-0008_nifti/volumes/tumor_seg.nii.gz	233374
ucsf-pdgm/UCSF-PDGM-0009_nifti/preprocessing_metadata.json	2585
ucsf-pdgm/UCSF-PDGM-0009_nifti/volumes/ASL.nii.gz	5401314
ucsf-pdgm/UCSF-PDGM-0009_nifti/volumes/DWI.nii.gz	5413367
ucsf-pdgm/UCSF-PDGM-0009_nifti/volumes/FLAIR.nii.gz	5459355
ucsf-pdgm/UCSF-PDGM-0009_nifti/volumes/SWI.nii.gz	5458914
ucsf-pdgm/UCSF-PDGM-0009_nifti/volumes/T1.nii.gz	5404336
ucsf-pdgm/UCSF-PDGM-0009_nifti/volumes/T1c.nii.gz	5444805
ucsf-pdgm/UCSF-PDGM-0009_nifti/volumes/T2.nii.gz	5382695
ucsf-pdgm/UCSF-PDGM-0009_nifti/volumes/brain_mask.nii.gz	277772
ucsf-pdgm/UCSF-PDGM-0009_nifti/volumes/tumor_seg.nii.gz	192404
ucsf-pdgm/UCSF-PDGM-0010_nifti/preprocessing_metadata.json	2561
ucsf-pdgm/UCSF-PDGM-0010_nifti/volumes/ASL.nii.gz	5539405
ucsf-pdgm/UCSF-PDGM-0010_nifti/volumes/DWI.nii.gz	5574728
ucsf-pdgm/UCSF-PDGM-0010_nifti/volumes/FLAIR.nii.gz	5574529
ucsf-pdgm/UCSF-PDGM-0010_nifti/volumes/SWI.nii.gz	5579845
ucsf-pdgm/UCSF-PDGM-0010_nifti/volumes/T1.nii.gz	5570221
ucsf-pdgm/UCSF-PDGM-0010_nifti/volumes/T1c.nii.gz	5579203
ucsf-pdgm/UCSF-PDGM-0010_nifti/volumes/T2.nii.gz	5581365
ucsf-pdgm/UCSF-PDGM-0010_nifti/volumes/brain_mask.nii.gz	300697
ucsf-pdgm/UCSF-PDGM-0010_nifti/volumes/tumor_seg.nii.gz	213323
ucsf-pdgm/UCSF-PDGM-0011_nifti/preprocessing_metadata.json	2580
ucsf-pdgm/UCSF-PDGM-0011_nifti/volumes/ASL.nii.gz	4765280
ucsf-pdgm/UCSF-PDGM-0011_nifti/volumes/DWI.nii.gz	4775341
ucsf-pdgm/UCSF-PDGM-0011_nifti/volumes/FLAIR.nii.gz	4801591
ucsf-pdgm/UCSF-PDGM-0011_nifti/volumes/SWI.nii.gz	4747089
ucsf-pdgm/UCSF-PDGM-0011_nifti/volumes/T1.nii.gz	4767218
ucsf-pdgm/UCSF-PDGM-0011_nifti/volumes/T1c.nii.gz	4784681
ucsf-pdgm/UCSF-PDGM-0011_nifti/volumes/T2.nii.gz	4761658
ucsf-pdgm/UCSF-PDGM-0011_nifti/volumes/brain_mask.nii.gz	273074
ucsf-pdgm/UCSF-PDGM-0011_nifti/volumes/tumor_seg.nii.gz	197760
ucsf-pdgm/UCSF-PDGM-0012_nifti/preprocessing_metadata.json	2576
ucsf-pdgm/UCSF-PDGM-0012_nifti/volumes/ASL.nii.gz	4321935
ucsf-pdgm/UCSF-PDGM-0012_nifti/volumes/DWI.nii.gz	4349303
ucsf-pdgm/UCSF-PDGM-0012_nifti/volumes/FLAIR.nii.gz	4364521
ucsf-pdgm/UCSF-PDGM-0012_nifti/volumes/SWI.nii.gz	4339153
ucsf-pdgm/UCSF-PDGM-0012_nifti/volumes/T1.nii.gz	4349627
ucsf-pdgm/UCSF-PDGM-0012_nifti/volumes/T1c.nii.gz	4364000
ucsf-pdgm/UCSF-PDGM-0012_nifti/volumes/T2.nii.gz	4327051
ucsf-pdgm/UCSF-PDGM-0012_nifti/volumes/brain_mask.nii.gz	270685
ucsf-pdgm/UCSF-PDGM-0012_nifti/volumes/tumor_seg.nii.gz	226113
ucsf-pdgm/UCSF-PDGM-0013_nifti/preprocessing_metadata.json	2576
ucsf-pdgm/UCSF-PDGM-0013_nifti/volumes/ASL.nii.gz	5529360
ucsf-pdgm/UCSF-PDGM-0013_nifti/volumes/DWI.nii.gz	5558905
ucsf-pdgm/UCSF-PDGM-0013_nifti/volumes/FLAIR.nii.gz	5591690
ucsf-pdgm/UCSF-PDGM-0013_nifti/volumes/SWI.nii.gz	5575542
ucsf-pdgm/UCSF-PDGM-0013_nifti/volumes/T1.nii.gz	5548575
ucsf-pdgm/UCSF-PDGM-0013_nifti/volumes/T1c.nii.gz	5583033
ucsf-pdgm/UCSF-PDGM-0013_nifti/volumes/T2.nii.gz	5531205
ucsf-pdgm/UCSF-PDGM-0013_nifti/volumes/brain_mask.nii.gz	298115
ucsf-pdgm/UCSF-PDGM-0013_nifti/volumes/tumor_seg.nii.gz	207733
ucsf-pdgm/UCSF-PDGM-0014_nifti/preprocessing_metadata.json	2584
ucsf-pdgm/UCSF-PDGM-0014_nifti/volumes/ASL.nii.gz	5387915
ucsf-pdgm/UCSF-PDGM-0014_nifti/volumes/DWI.nii.gz	5413801
ucsf-pdgm/UCSF-PDGM-0014_nifti/volumes/FLAIR.nii.gz	5431396
ucsf-pdgm/UCSF-PDGM-0014_nifti/volumes/SWI.nii.gz	5405592
ucsf-pdgm/UCSF-PDGM-0014_nifti/volumes/T1.nii.gz	5400525
ucsf-pdgm/UCSF-PDGM-0014_nifti/volumes/T1c.nii.gz	5449405
ucsf-pdgm/UCSF-PDGM-0014_nifti/volumes/T2.nii.gz	5392641
ucsf-pdgm/UCSF-PDGM-0014_nifti/volumes/brain_mask.nii.gz	293985
ucsf-pdgm/UCSF-PDGM-0014_nifti/volumes/tumor_seg.nii.gz	209056
ucsf-pdgm/UCSF-PDGM-0015_nifti/preprocessing_metadata.json	2569
ucsf-pdgm/UCSF-PDGM-0015_nifti/volumes/ASL.nii.gz	5560841
ucsf-pdgm/UCSF-PDGM-0015_nifti/volumes/DWI.nii.gz	5580276
ucsf-pdgm/UCSF-PDGM-0015_nifti/volumes/FLAIR.nii.gz	5578374
ucsf-pdgm/UCSF-PDGM-0015_nifti/volumes/SWI.nii.gz	5573135
ucsf-pdgm/UCSF-PDGM-0015_nifti/volumes/T1.nii.gz	5590953
ucsf-pdgm/UCSF-PDGM-0015_nifti/volumes/T1c.nii.gz	5578145
ucsf-pdgm/UCSF-PDGM-0015_nifti/volumes/T2.nii.gz	5569774
ucsf-pdgm/UCSF-PDGM-0015_nifti/volumes/brain_mask.nii.gz	301234
ucsf-pdgm/UCSF-PDGM-0015_nifti/volumes/tumor_seg.nii.gz	197831
ucsf-pdgm/UCSF-PDGM-0016_nifti/preprocessing_metadata.json	2569
ucsf-pdgm/UCSF-PDGM-0016_nifti/volumes/ASL.nii.gz	4994500
ucsf-pdgm/UCSF-PDGM-0016_nifti/volumes/DWI.nii.gz	5012982
ucsf-pdgm/UCSF-PDGM-0016_nifti/volumes/FLAIR.nii.gz	5019782
ucsf-pdgm/UCSF-PDGM-0016_nifti/volumes/SWI.nii.gz	5027885
ucsf-pdgm/UCSF-PDGM-0016_nifti/volumes/T1.nii.gz	5005280
ucsf-pdgm/UCSF-PDGM-0016_nifti/volumes/T1c.nii.gz	5033022
ucsf-pdgm/UCSF-PDGM-0016_nifti/volumes/T2.nii.gz	5004224
ucsf-pdgm/UCSF-PDGM-0016_nifti/volumes/brain_mask.nii.gz	283794
ucsf-pdgm/UCSF-PDGM-0016_nifti/volumes/tumor_seg.nii.gz	214179
ucsf-pdgm/UCSF-PDGM-0017_nifti/preprocessing_metadata.json	2577
ucsf-pdgm/UCSF-PDGM-0017_nifti/volumes/ASL.nii.gz	6180609
ucsf-pdgm/UCSF-PDGM-0017_nifti/volumes/DWI.nii.gz	6219977
ucsf-pdgm/UCSF-PDGM-0017_nifti/volumes/FLAIR.nii.gz	6220598
ucsf-pdgm/UCSF-PDGM-0017_nifti/volumes/SWI.nii.gz	6211762
ucsf-pdgm/UCSF-PDGM-0017_nifti/volumes/T1.nii.gz	6189133
ucsf-pdgm/UCSF-PDGM-0017_nifti/volumes/T1c.nii.gz	6226280
ucsf-pdgm/UCSF-PDGM-0017_nifti/volumes/T2.nii.gz	6189380
ucsf-pdgm/UCSF-PDGM-0017_nifti/volumes/brain_mask.nii.gz	309035
ucsf-pdgm/UCSF-PDGM-0017_nifti/volumes/tumor_seg.nii.gz	205894
ucsf-pdgm/UCSF-PDGM-0018_nifti/preprocessing_metadata.json	2577
ucsf-pdgm/UCSF-PDGM-0018_nifti/volumes/ASL.nii.gz	5842731
ucsf-pdgm/UCSF-PDGM-0018_nifti/volumes/DWI.nii.gz	5865824
ucsf-pdgm/UCSF-PDGM-0018_nifti/volumes/FLAIR.nii.gz	5876099
ucsf-pdgm/UCSF-PDGM-0018_nifti/volumes/SWI.nii.gz	5860613
ucsf-pdgm/UCSF-PDGM-0018_nifti/volumes/T1.nii.gz	5847216
ucsf-pdgm/UCSF-PDGM-0018_nifti/volumes/T1c.nii.gz	5875861
ucsf-pdgm/UCSF-PDGM-0018_nifti/volumes/T2.nii.gz	5835776
ucsf-pdgm/UCSF-PDGM-0018_nifti/volumes/brain_mask.nii.gz	304724
ucsf-pdgm/UCSF-PDGM-0018_nifti/volumes/tumor_seg.nii.gz	178782
ucsf-pdgm/UCSF-PDGM-0019_nifti/preprocessing_metadata.json	2576
ucsf-pdgm/UCSF-PDGM-0019_nifti/volumes/ASL.nii.gz	6264140
ucsf-pdgm/UCSF-PDGM-0019_nifti/volumes/DWI.nii.gz	6300570
ucsf-pdgm/UCSF-PDGM-0019_nifti/volumes/FLAIR.nii.gz	6282560
ucsf-pdgm/UCSF-PDGM-0019_nifti/volumes/SWI.nii.gz	6286364
ucsf-pdgm/UCSF-PDGM-0019_nifti/volumes/T1.nii.gz	6243309
ucsf-pdgm/UCSF-PDGM-0019_nifti/volumes/T1c.nii.gz	6289847
ucsf-pdgm/UCSF-PDGM-0019_nifti/volumes/T2.nii.gz	6254869
ucsf-pdgm/UCSF-PDGM-0019_nifti/volumes/brain_mask.nii.gz	305509
ucsf-pdgm/UCSF-PDGM-0019_nifti/volumes/tumor_seg.nii.gz	193701
ucsf-pdgm/UCSF-PDGM-0020_nifti/preprocessing_metadata.json	2584
ucsf-pdgm/UCSF-PDGM-0020_nifti/volumes/ASL.nii.gz	6318713
ucsf-pdgm/UCSF-PDGM-0020_nifti/volumes/DWI.nii.gz	6399144
ucsf-pdgm/UCSF-PDGM-0020_nifti/volumes/FLAIR.nii.gz	6400699
ucsf-pdgm/UCSF-PDGM-0020_nifti/volumes/SWI.nii.gz	6414469
ucsf-pdgm/UCSF-PDGM-0020_nifti/volumes/T1.nii.gz	6377937
ucsf-pdgm/UCSF-PDGM-0020_nifti/volumes/T1c.nii.gz	6389881
ucsf-pdgm/UCSF-PDGM-0020_nifti/volumes/T2.nii.gz	6378436
ucsf-pdgm/UCSF-PDGM-0020_nifti/volumes/brain_mask.nii.gz	334081
ucsf-pdgm/UCSF-PDGM-0020_nifti/volumes/tumor_seg.nii.gz	211940
ucsf-pdgm/UCSF-PDGM-0021_nifti/preprocessing_metadata.json	2569
ucsf-pdgm/UCSF-PDGM-0021_nifti/volumes/ASL.nii.gz	6278012
ucsf-pdgm/UCSF-PDGM-0021_nifti/volumes/DWI.nii.gz	6303186
ucsf-pdgm/UCSF-PDGM-0021_nifti/volumes/FLAIR.nii.gz	6292507
ucsf-pdgm/UCSF-PDGM-0021_nifti/volumes/SWI.nii.gz	6312718
ucsf-pdgm/UCSF-PDGM-0021_nifti/volumes/T1.nii.gz	6283879
ucsf-pdgm/UCSF-PDGM-0021_nifti/volumes/T1c.nii.gz	6296023
ucsf-pdgm/UCSF-PDGM-0021_nifti/volumes/T2.nii.gz	6293479
ucsf-pdgm/UCSF-PDGM-0021_nifti/volumes/brain_mask.nii.gz	316510
ucsf-pdgm/UCSF-PDGM-0021_nifti/volumes/tumor_seg.nii.gz	191077
ucsf-pdgm/UCSF-PDGM-0022_nifti/preprocessing_metadata.json	2562
ucsf-pdgm/UCSF-PDGM-0022_nifti/volumes/ASL.nii.gz	5283902
ucsf-pdgm/UCSF-PDGM-0022_nifti/volumes/DWI.nii.gz	5307989
ucsf-pdgm/UCSF-PDGM-0022_nifti/volumes/FLAIR.nii.gz	5306660
ucsf-pdgm/UCSF-PDGM-0022_nifti/volumes/SWI.nii.gz	5279621
ucsf-pdgm/UCSF-PDGM-0022_nifti/volumes/T1.nii.gz	5278312
ucsf-pdgm/UCSF-PDGM-0022_nifti/volumes/T1c.nii.gz	5308687
ucsf-pdgm/UCSF-PDGM-0022_nifti/volumes/T2.nii.gz	5284399
ucsf-pdgm/UCSF-PDGM-0022_nifti/volumes/brain_mask.nii.gz	282965
ucsf-pdgm/UCSF-PDGM-0022_nifti/volumes/tumor_seg.nii.gz	205889
ucsf-pdgm/UCSF-PDGM-0023_nifti/preprocessing_metadata.json	2575
ucsf-pdgm/UCSF-PDGM-0023_nifti/volumes/ASL.nii.gz	5024304
ucsf-pdgm/UCSF-PDGM-0023_nifti/volumes/DWI.nii.gz	5096363
ucsf-pdgm/UCSF-PDGM-0023_nifti/volumes/FLAIR.nii.gz	5105712
ucsf-pdgm/UCSF-PDGM-0023_nifti/volumes/SWI.nii.gz	5122649
ucsf-pdgm/UCSF-PDGM-0023_nifti/volumes/T1.nii.gz	5075764
ucsf-pdgm/UCSF-PDGM-0023_nifti/volumes/T1c.nii.gz	5097670
ucsf-pdgm/UCSF-PDGM-0023_nifti/volumes/T2.nii.gz	5072921
ucsf-pdgm/UCSF-PDGM-0023_nifti/volumes/brain_mask.nii.gz	280752
ucsf-pdgm/UCSF-PDGM-0023_nifti/volumes/tumor_seg.nii.gz	171555
ucsf-pdgm/UCSF-PDGM-0024_nifti/preprocessing_metadata.json	2575
ucsf-pdgm/UCSF-PDGM-0024_nifti/volumes/ASL.nii.gz	6438035
ucsf-pdgm/UCSF-PDGM-0024_nifti/volumes/DWI.nii.gz	6512638
ucsf-pdgm/UCSF-PDGM-0024_nifti/volumes/FLAIR.nii.gz	6488846
ucsf-pdgm/UCSF-PDGM-0024_nifti/volumes/SWI.nii.gz	6505398
ucsf-pdgm/UCSF-PDGM-0024_nifti/volumes/T1.nii.gz	6512078
ucsf-pdgm/UCSF-PDGM-0024_nifti/volumes/T1c.nii.gz	6492768
ucsf-pdgm/UCSF-PDGM-0024_nifti/volumes/T2.nii.gz	6491654
ucsf-pdgm/UCSF-PDGM-0024_nifti/volumes/brain_mask.nii.gz	318121
ucsf-pdgm/UCSF-PDGM-0024_nifti/volumes/tumor_seg.nii.gz	201590
ucsf-pdgm/UCSF-PDGM-0025_nifti/preprocessing_metadata.json	2582
ucsf-pdgm/UCSF-PDGM-0025_nifti/volumes/ASL.nii.gz	6438248
ucsf-pdgm/UCSF-PDGM-0025_nifti/volumes/DWI.nii.gz	6483423
ucsf-pdgm/UCSF-PDGM-0025_nifti/volumes/FLAIR.nii.gz	6495338
ucsf-pdgm/UCSF-PDGM-0025_nifti/volumes/SWI.nii.gz	6448711
ucsf-pdgm/UCSF-PDGM-0025_nifti/volumes/T1.nii.gz	6467831
ucsf-pdgm/UCSF-PDGM-0025_nifti/volumes/T1c.nii.gz	6477273
ucsf-pdgm/UCSF-PDGM-0025_nifti/volumes/T2.nii.gz	6447632
ucsf-pdgm/UCSF-PDGM-0025_nifti/volumes/brain_mask.nii.gz	314650
ucsf-pdgm/UCSF-PDGM-0025_nifti/volumes/tumor_seg.nii.gz	228184
ucsf-pdgm/UCSF-PDGM-0026_nifti/preprocessing_metadata.json	2577
ucsf-pdgm/UCSF-PDGM-0026_nifti/volumes/ASL.nii.gz	4862225
ucsf-pdgm/UCSF-PDGM-0026_nifti/volumes/DWI.nii.gz	4842756
ucsf-pdgm/UCSF-PDGM-0026_nifti/volumes/FLAIR.nii.gz	4862429
ucsf-pdgm/UCSF-PDGM-0026_nifti/volumes/SWI.nii.gz	4857267
ucsf-pdgm/UCSF-PDGM-0026_nifti/volumes/T1.nii.gz	4855164
ucsf-pdgm/UCSF-PDGM-0026_nifti/volumes/T1c.nii.gz	4890624
ucsf-pdgm/UCSF-PDGM-0026_nifti/volumes/T2.nii.gz	4830420
ucsf-pdgm/UCSF-PDGM-0026_nifti/volumes/brain_mask.nii.gz	266528
ucsf-pdgm/UCSF-PDGM-0026_nifti/volumes/tumor_seg.nii.gz	181386
ucsf-pdgm/UCSF-PDGM-0027_nifti/preprocessing_metadata.json	2577
ucsf-pdgm/UCSF-PDGM-0027_nifti/volumes/ASL.nii.gz	5374741
ucsf-pdgm/UCSF-PDGM-0027_nifti/volumes/DWI.nii.gz	5411673
ucsf-pdgm/UCSF-PDGM-0027_nifti/volumes/FLAIR.nii.gz	5416443
ucsf-pdgm/UCSF-PDGM-0027_nifti/volumes/SWI.nii.gz	5393646
ucsf-pdgm/UCSF-PDGM-0027_nifti/volumes/T1.nii.gz	5380132
ucsf-pdgm/UCSF-PDGM-0027_nifti/volumes/T1c.nii.gz	5401596
ucsf-pdgm/UCSF-PDGM-0027_nifti/volumes/T2.nii.gz	5379364
ucsf-pdgm/UCSF-PDGM-0027_nifti/volumes/brain_mask.nii.gz	292096
ucsf-pdgm/UCSF-PDGM-0027_nifti/volumes/tumor_seg.nii.gz	199083
ucsf-pdgm/UCSF-PDGM-0029_nifti/preprocessing_metadata.json	2578
ucsf-pdgm/UCSF-PDGM-0029_nifti/volumes/ASL.nii.gz	5781101
ucsf-pdgm/UCSF-PDGM-0029_nifti/volumes/DWI.nii.gz	5793799
ucsf-pdgm/UCSF-PDGM-0029_nifti/volumes/FLAIR.nii.gz	5796573
ucsf-pdgm/UCSF-PDGM-0029_nifti/volumes/SWI.nii.gz	5780605
ucsf-pdgm/UCSF-PDGM-0029_nifti/volumes/T1.nii.gz	5782207
ucsf-pdgm/UCSF-PDGM-0029_nifti/volumes/T1c.nii.gz	5808168
ucsf-pdgm/UCSF-PDGM-0029_nifti/volumes/T2.nii.gz	5739352
ucsf-pdgm/UCSF-PDGM-0029_nifti/volumes/brain_mask.nii.gz	301499
ucsf-pdgm/UCSF-PDGM-0029_nifti/volumes/tumor_seg.nii.gz	195719
ucsf-pdgm/UCSF-PDGM-0030_nifti/preprocessing_metadata.json	2575
ucsf-pdgm/UCSF-PDGM-0030_nifti/volumes/ASL.nii.gz	5428825
ucsf-pdgm/UCSF-PDGM-0030_nifti/volumes/DWI.nii.gz	5443160
ucsf-pdgm/UCSF-PDGM-0030_nifti/volumes/FLAIR.nii.gz	5478240
ucsf-pdgm/UCSF-PDGM-0030_nifti/volumes/SWI.nii.gz	5462112
ucsf-pdgm/UCSF-PDGM-0030_nifti/volumes/T1.nii.gz	5435530
ucsf-pdgm/UCSF-PDGM-0030_nifti/volumes/T1c.nii.gz	5491575
ucsf-pdgm/UCSF-PDGM-0030_nifti/volumes/T2.nii.gz	5445978
ucsf-pdgm/UCSF-PDGM-0030_nifti/volumes/brain_mask.nii.gz	298194
ucsf-pdgm/UCSF-PDGM-0030_nifti/volumes/tumor_seg.nii.gz	197959
ucsf-pdgm/UCSF-PDGM-0031_nifti/preprocessing_metadata.json	2579
ucsf-pdgm/UCSF-PDGM-0031_nifti/volumes/ASL.nii.gz	5557838
ucsf-pdgm/UCSF-PDGM-0031_nifti/volumes/DWI.nii.gz	5574544
ucsf-pdgm/UCSF-PDGM-0031_nifti/volumes/FLAIR.nii.gz	5584220
ucsf-pdgm/UCSF-PDGM-0031_nifti/volumes/SWI.nii.gz	5562977
ucsf-pdgm/UCSF-PDGM-0031_nifti/volumes/T1.nii.gz	5546002
ucsf-pdgm/UCSF-PDGM-0031_nifti/volumes/T1c.nii.gz	5588448
ucsf-pdgm/UCSF-PDGM-0031_nifti/volumes/T2.nii.gz	5554800
ucsf-pdgm/UCSF-PDGM-0031_nifti/volumes/brain_mask.nii.gz	295895
ucsf-pdgm/UCSF-PDGM-0031_nifti/volumes/tumor_seg.nii.gz	203682
ucsf-pdgm/UCSF-PDGM-0032_nifti/preprocessing_metadata.json	2581
ucsf-pdgm/UCSF-PDGM-0032_nifti/volumes/ASL.nii.gz	5257385
ucsf-pdgm/UCSF-PDGM-0032_nifti/volumes/DWI.nii.gz	5251983
ucsf-pdgm/UCSF-PDGM-0032_nifti/volumes/FLAIR.nii.gz	5273206
ucsf-pdgm/UCSF-PDGM-0032_nifti/volumes/SWI.nii.gz	5234636
ucsf-pdgm/UCSF-PDGM-0032_nifti/volumes/T1.nii.gz	5239227
ucsf-pdgm/UCSF-PDGM-0032_nifti/volumes/T1c.nii.gz	5279839
ucsf-pdgm/UCSF-PDGM-0032_nifti/volumes/T2.nii.gz	5238141
ucsf-pdgm/UCSF-PDGM-0032_nifti/volumes/brain_mask.nii.gz	293435
ucsf-pdgm/UCSF-PDGM-0032_nifti/volumes/tumor_seg.nii.gz	199512
ucsf-pdgm/UCSF-PDGM-0033_nifti/preprocessing_metadata.json	2572
ucsf-pdgm/UCSF-PDGM-0033_nifti/volumes/ASL.nii.gz	6359421
ucsf-pdgm/UCSF-PDGM-0033_nifti/volumes/DWI.nii.gz	6425361
ucsf-pdgm/UCSF-PDGM-0033_nifti/volumes/FLAIR.nii.gz	6423940
ucsf-pdgm/UCSF-PDGM-0033_nifti/volumes/SWI.nii.gz	6378845
ucsf-pdgm/UCSF-PDGM-0033_nifti/volumes/T1.nii.gz	6387347
ucsf-pdgm/UCSF-PDGM-0033_nifti/volumes/T1c.nii.gz	6410558
ucsf-pdgm/UCSF-PDGM-0033_nifti/volumes/T2.nii.gz	6437595
ucsf-pdgm/UCSF-PDGM-0033_nifti/volumes/brain_mask.nii.gz	309397
ucsf-pdgm/UCSF-PDGM-0033_nifti/volumes/tumor_seg.nii.gz	211470
ucsf-pdgm/UCSF-PDGM-0034_nifti/preprocessing_metadata.json	2566
ucsf-pdgm/UCSF-PDGM-0034_nifti/volumes/ASL.nii.gz	5203373
ucsf-pdgm/UCSF-PDGM-0034_nifti/volumes/DWI.nii.gz	5222733
ucsf-pdgm/UCSF-PDGM-0034_nifti/volumes/FLAIR.nii.gz	5240190
ucsf-pdgm/UCSF-PDGM-0034_nifti/volumes/SWI.nii.gz	5207650
ucsf-pdgm/UCSF-PDGM-0034_nifti/volumes/T1.nii.gz	5230873
ucsf-pdgm/UCSF-PDGM-0034_nifti/volumes/T1c.nii.gz	5240261
ucsf-pdgm/UCSF-PDGM-0034_nifti/volumes/T2.nii.gz	5193989
ucsf-pdgm/UCSF-PDGM-0034_nifti/volumes/brain_mask.nii.gz	275025
ucsf-pdgm/UCSF-PDGM-0034_nifti/volumes/tumor_seg.nii.gz	196553
ucsf-pdgm/UCSF-PDGM-0035_nifti/preprocessing_metadata.json	2580
ucsf-pdgm/UCSF-PDGM-0035_nifti/volumes/ASL.nii.gz	6554972
ucsf-pdgm/UCSF-PDGM-0035_nifti/volumes/DWI.nii.gz	6557575
ucsf-pdgm/UCSF-PDGM-0035_nifti/volumes/FLAIR.nii.gz	6624883
ucsf-pdgm/UCSF-PDGM-0035_nifti/volumes/SWI.nii.gz	6577406
ucsf-pdgm/UCSF-PDGM-0035_nifti/volumes/T1.nii.gz	6582339
ucsf-pdgm/UCSF-PDGM-0035_nifti/volumes/T1c.nii.gz	6610518
ucsf-pdgm/UCSF-PDGM-0035_nifti/volumes/T2.nii.gz	6540145
ucsf-pdgm/UCSF-PDGM-0035_nifti/volumes/brain_mask.nii.gz	319096
ucsf-pdgm/UCSF-PDGM-0035_nifti/volumes/tumor_seg.nii.gz	223226
ucsf-pdgm/UCSF-PDGM-0036_nifti/preprocessing_metadata.json	2574
ucsf-pdgm/UCSF-PDGM-0036_nifti/volumes/ASL.nii.gz	6276893
ucsf-pdgm/UCSF-PDGM-0036_nifti/volumes/DWI.nii.gz	6319175
ucsf-pdgm/UCSF-PDGM-0036_nifti/volumes/FLAIR.nii.gz	6311195
ucsf-pdgm/UCSF-PDGM-0036_nifti/volumes/SWI.nii.gz	6296057
ucsf-pdgm/UCSF-PDGM-0036_nifti/volumes/T1.nii.gz	6253459
ucsf-pdgm/UCSF-PDGM-0036_nifti/volumes/T1c.nii.gz	6292492
ucsf-pdgm/UCSF-PDGM-0036_nifti/volumes/T2.nii.gz	6275324
ucsf-pdgm/UCSF-PDGM-0036_nifti/volumes/brain_mask.nii.gz	311166
ucsf-pdgm/UCSF-PDGM-0036_nifti/volumes/tumor_seg.nii.gz	177402
ucsf-pdgm/UCSF-PDGM-0037_nifti/preprocessing_metadata.json	2565
ucsf-pdgm/UCSF-PDGM-0037_nifti/volumes/ASL.nii.gz	6033561
ucsf-pdgm/UCSF-PDGM-0037_nifti/volumes/DWI.nii.gz	6041164
ucsf-pdgm/UCSF-PDGM-0037_nifti/volumes/FLAIR.nii.gz	6072099
ucsf-pdgm/UCSF-PDGM-0037_nifti/volumes/SWI.nii.gz	6034743
ucsf-pdgm/UCSF-PDGM-0037_nifti/volumes/T1.nii.gz	6016554
ucsf-pdgm/UCSF-PDGM-0037_nifti/volumes/T1c.nii.gz	6058370
ucsf-pdgm/UCSF-PDGM-0037_nifti/volumes/T2.nii.gz	6008518
ucsf-pdgm/UCSF-PDGM-0037_nifti/volumes/brain_mask.nii.gz	302667
ucsf-pdgm/UCSF-PDGM-0037_nifti/volumes/tumor_seg.nii.gz	188743
ucsf-pdgm/UCSF-PDGM-0038_nifti/preprocessing_metadata.json	2559
ucsf-pdgm/UCSF-PDGM-0038_nifti/volumes/ASL.nii.gz	5764363
ucsf-pdgm/UCSF-PDGM-0038_nifti/volumes/DWI.nii.gz	5756770
ucsf-pdgm/UCSF-PDGM-0038_nifti/volumes/FLAIR.nii.gz	5797019
ucsf-pdgm/UCSF-PDGM-0038_nifti/volumes/SWI.nii.gz	5768388
ucsf-pdgm/UCSF-PDGM-0038_nifti/volumes/T1.nii.gz	5792197
ucsf-pdgm/UCSF-PDGM-0038_nifti/volumes/T1c.nii.gz	5799514
ucsf-pdgm/UCSF-PDGM-0038_nifti/volumes/T2.nii.gz	5729766
ucsf-pdgm/UCSF-PDGM-0038_nifti/volumes/brain_mask.nii.gz	299176
ucsf-pdgm/UCSF-PDGM-0038_nifti/volumes/tumor_seg.nii.gz	237639
ucsf-pdgm/UCSF-PDGM-0039_nifti/preprocessing_metadata.json	2581
ucsf-pdgm/UCSF-PDGM-0039_nifti/volumes/ASL.nii.gz	6403819
ucsf-pdgm/UCSF-PDGM-0039_nifti/volumes/DWI.nii.gz	6456911
ucsf-pdgm/UCSF-PDGM-0039_nifti/volumes/FLAIR.nii.gz	6447881
ucsf-pdgm/UCSF-PDGM-0039_nifti/volumes/SWI.nii.gz	6433075
ucsf-pdgm/UCSF-PDGM-0039_nifti/volumes/T1.nii.gz	6390719
ucsf-pdgm/UCSF-PDGM-0039_nifti/volumes/T1c.nii.gz	6444223
ucsf-pdgm/UCSF-PDGM-0039_nifti/volumes/T2.nii.gz	6430290
ucsf-pdgm/UCSF-PDGM-0039_nifti/volumes/brain_mask.nii.gz	326738
ucsf-pdgm/UCSF-PDGM-0039_nifti/volumes/tumor_seg.nii.gz	199251
ucsf-pdgm/UCSF-PDGM-0040_nifti/preprocessing_metadata.json	2580
ucsf-pdgm/UCSF-PDGM-0040_nifti/volumes/ASL.nii.gz	6485135
ucsf-pdgm/UCSF-PDGM-0040_nifti/volumes/DWI.nii.gz	6540089
ucsf-pdgm/UCSF-PDGM-0040_nifti/volumes/FLAIR.nii.gz	6581944
ucsf-pdgm/UCSF-PDGM-0040_nifti/volumes/SWI.nii.gz	6541222
ucsf-pdgm/UCSF-PDGM-0040_nifti/volumes/T1.nii.gz	6539095
ucsf-pdgm/UCSF-PDGM-0040_nifti/volumes/T1c.nii.gz	6569388
ucsf-pdgm/UCSF-PDGM-0040_nifti/volumes/T2.nii.gz	6515725
ucsf-pdgm/UCSF-PDGM-0040_nifti/volumes/brain_mask.nii.gz	322651
ucsf-pdgm/UCSF-PDGM-0040_nifti/volumes/tumor_seg.nii.gz	219768
ucsf-pdgm/UCSF-PDGM-0041_nifti/preprocessing_metadata.json	2579
ucsf-pdgm/UCSF-PDGM-0041_nifti/volumes/ASL.nii.gz	5711556
ucsf-pdgm/UCSF-PDGM-0041_nifti/volumes/DWI.nii.gz	5710177
ucsf-pdgm/UCSF-PDGM-0041_nifti/volumes/FLAIR.nii.gz	5741029
ucsf-pdgm/UCSF-PDGM-0041_nifti/volumes/SWI.nii.gz	5723690
ucsf-pdgm/UCSF-PDGM-0041_nifti/volumes/T1.nii.gz	5719051
ucsf-pdgm/UCSF-PDGM-0041_nifti/volumes/T1c.nii.gz	5742045
ucsf-pdgm/UCSF-PDGM-0041_nifti/volumes/T2.nii.gz	5684816
ucsf-pdgm/UCSF-PDGM-0041_nifti/volumes/brain_mask.nii.gz	305588
ucsf-pdgm/UCSF-PDGM-0041_nifti/volumes/tumor_seg.nii.gz	249378
ucsf-pdgm/UCSF-PDGM-0042_nifti/preprocessing_metadata.json	2576
ucsf-pdgm/UCSF-PDGM-0042_nifti/volumes/ASL.nii.gz	5571729
ucsf-pdgm/UCSF-PDGM-0042_nifti/volumes/DWI.nii.gz	5595467
ucsf-pdgm/UCSF-PDGM-0042_nifti/volumes/FLAIR.nii.gz	5608401
ucsf-pdgm/UCSF-PDGM-0042_nifti/volumes/SWI.nii.gz	5618108
ucsf-pdgm/UCSF-PDGM-0042_nifti/volumes/T1.nii.gz	5586735
ucsf-pdgm/UCSF-PDGM-0042_nifti/volumes/T1c.nii.gz	5624746
ucsf-pdgm/UCSF-PDGM-0042_nifti/volumes/T2.nii.gz	5553002
ucsf-pdgm/UCSF-PDGM-0042_nifti/volumes/brain_mask.nii.gz	298570
ucsf-pdgm/UCSF-PDGM-0042_nifti/volumes/tumor_seg.nii.gz	168476
ucsf-pdgm/UCSF-PDGM-0043_nifti/preprocessing_metadata.json	2558
ucsf-pdgm/UCSF-PDGM-0043_nifti/volumes/ASL.nii.gz	5168926
ucsf-pdgm/UCSF-PDGM-0043_nifti/volumes/DWI.nii.gz	5177861
ucsf-pdgm/UCSF-PDGM-0043_nifti/volumes/FLAIR.nii.gz	5189651
ucsf-pdgm/UCSF-PDGM-0043_nifti/volumes/SWI.nii.gz	5204707
ucsf-pdgm/UCSF-PDGM-0043_nifti/volumes/T1.nii.gz	5184699
ucsf-pdgm/UCSF-PDGM-0043_nifti/volumes/T1c.nii.gz	5190055
ucsf-pdgm/UCSF-PDGM-0043_nifti/volumes/T2.nii.gz	5177954
ucsf-pdgm/UCSF-PDGM-0043_nifti/volumes/brain_mask.nii.gz	286786
ucsf-pdgm/UCSF-PDGM-0043_nifti/volumes/tumor_seg.nii.gz	172674
ucsf-pdgm/UCSF-PDGM-0044_nifti/preprocessing_metadata.json	2578
ucsf-pdgm/UCSF-PDGM-0044_nifti/volumes/ASL.nii.gz	5524528
ucsf-pdgm/UCSF-PDGM-0044_nifti/volumes/DWI.nii.gz	5549434
ucsf-pdgm/UCSF-PDGM-0044_nifti/volumes/FLAIR.nii.gz	5569980
ucsf-pdgm/UCSF-PDGM-0044_nifti/volumes/SWI.nii.gz	5571132
ucsf-pdgm/UCSF-PDGM-0044_nifti/volumes/T1.nii.gz	5558410
ucsf-pdgm/UCSF-PDGM-0044_nifti/volumes/T1c.nii.gz	5575434
ucsf-pdgm/UCSF-PDGM-0044_nifti/volumes/T2.nii.gz	5563625
ucsf-pdgm/UCSF-PDGM-0044_nifti/volumes/brain_mask.nii.gz	299696
ucsf-pdgm/UCSF-PDGM-0044_nifti/volumes/tumor_seg.nii.gz	223249
ucsf-pdgm/UCSF-PDGM-0045_nifti/preprocessing_metadata.json	2576
ucsf-pdgm/UCSF-PDGM-0045_nifti/volumes/ASL.nii.gz	5888231
ucsf-pdgm/UCSF-PDGM-0045_nifti/volumes/DWI.nii.gz	5921237
ucsf-pdgm/UCSF-PDGM-0045_nifti/volumes/FLAIR.nii.gz	5914827
ucsf-pdgm/UCSF-PDGM-0045_nifti/volumes/SWI.nii.gz	5904757
ucsf-pdgm/UCSF-PDGM-0045_nifti/volumes/T1.nii.gz	5888058
ucsf-pdgm/UCSF-PDGM-0045_nifti/volumes/T1c.nii.gz	5916023
ucsf-pdgm/UCSF-PDGM-0045_nifti/volumes/T2.nii.gz	5850381
ucsf-pdgm/UCSF-PDGM-0045_nifti/volumes/brain_mask.nii.gz	300626
ucsf-pdgm/UCSF-PDGM-0045_nifti/volumes/tumor_seg.nii.gz	192038
ucsf-pdgm/UCSF-PDGM-0046_nifti/preprocessing_metadata.json	2569
ucsf-pdgm/UCSF-PDGM-0046_nifti/volumes/ASL.nii.gz	6394281
ucsf-pdgm/UCSF-PDGM-0046_nifti/volumes/DWI.nii.gz	6414377
ucsf-pdgm/UCSF-PDGM-0046_nifti/volumes/FLAIR.nii.gz	6429839
ucsf-pdgm/UCSF-PDGM-0046_nifti/volumes/SWI.nii.gz	6413297
ucsf-pdgm/UCSF-PDGM-0046_nifti/volumes/T1.nii.gz	6364318
ucsf-pdgm/UCSF-PDGM-0046_nifti/volumes/T1c.nii.gz	6424239
ucsf-pdgm/UCSF-PDGM-0046_nifti/volumes/T2.nii.gz	6376318
ucsf-pdgm/UCSF-PDGM-0046_nifti/volumes/brain_mask.nii.gz	316311
ucsf-pdgm/UCSF-PDGM-0046_nifti/volumes/tumor_seg.nii.gz	213965
ucsf-pdgm/UCSF-PDGM-0047_nifti/preprocessing_metadata.json	2584
ucsf-pdgm/UCSF-PDGM-0047_nifti/volumes/ASL.nii.gz	5839514
ucsf-pdgm/UCSF-PDGM-0047_nifti/volumes/DWI.nii.gz	5933148
ucsf-pdgm/UCSF-PDGM-0047_nifti/volumes/FLAIR.nii.gz	5930999
ucsf-pdgm/UCSF-PDGM-0047_nifti/volumes/SWI.nii.gz	5903352
ucsf-pdgm/UCSF-PDGM-0047_nifti/volumes/T1.nii.gz	5910682
ucsf-pdgm/UCSF-PDGM-0047_nifti/volumes/T1c.nii.gz	5922994
ucsf-pdgm/UCSF-PDGM-0047_nifti/volumes/T2.nii.gz	5897825
ucsf-pdgm/UCSF-PDGM-0047_nifti/volumes/brain_mask.nii.gz	306931
ucsf-pdgm/UCSF-PDGM-0047_nifti/volumes/tumor_seg.nii.gz	190892
ucsf-pdgm/UCSF-PDGM-0048_nifti/preprocessing_metadata.json	2581
ucsf-pdgm/UCSF-PDGM-0048_nifti/volumes/ASL.nii.gz	6728923
ucsf-pdgm/UCSF-PDGM-0048_nifti/volumes/DWI.nii.gz	6770790
ucsf-pdgm/UCSF-PDGM-0048_nifti/volumes/FLAIR.nii.gz	6793514
ucsf-pdgm/UCSF-PDGM-0048_nifti/volumes/SWI.nii.gz	6776619
ucsf-pdgm/UCSF-PDGM-0048_nifti/volumes/T1.nii.gz	6741935
ucsf-pdgm/UCSF-PDGM-0048_nifti/volumes/T1c.nii.gz	6804830
ucsf-pdgm/UCSF-PDGM-0048_nifti/volumes/T2.nii.gz	6717623
ucsf-pdgm/UCSF-PDGM-0048_nifti/volumes/brain_mask.nii.gz	335190
ucsf-pdgm/UCSF-PDGM-0048_nifti/volumes/tumor_seg.nii.gz	211286
ucsf-pdgm/UCSF-PDGM-0049_nifti/preprocessing_metadata.json	2559
ucsf-pdgm/UCSF-PDGM-0049_nifti/volumes/ASL.nii.gz	5229702
ucsf-pdgm/UCSF-PDGM-0049_nifti/volumes/DWI.nii.gz	5230941
ucsf-pdgm/UCSF-PDGM-0049_nifti/volumes/FLAIR.nii.gz	5246616
ucsf-pdgm/UCSF-PDGM-0049_nifti/volumes/SWI.nii.gz	5181246
ucsf-pdgm/UCSF-PDGM-0049_nifti/volumes/T1.nii.gz	5203154
ucsf-pdgm/UCSF-PDGM-0049_nifti/volumes/T1c.nii.gz	5246600
ucsf-pdgm/UCSF-PDGM-0049_nifti/volumes/T2.nii.gz	5202692
ucsf-pdgm/UCSF-PDGM-0049_nifti/volumes/brain_mask.nii.gz	285228
ucsf-pdgm/UCSF-PDGM-0049_nifti/volumes/tumor_seg.nii.gz	209328
ucsf-pdgm/UCSF-PDGM-0050_nifti/preprocessing_metadata.json	2576
ucsf-pdgm/UCSF-PDGM-0050_nifti/volumes/ASL.nii.gz	6587960
ucsf-pdgm/UCSF-PDGM-0050_nifti/volumes/DWI.nii.gz	6644467
ucsf-pdgm/UCSF-PDGM-0050_nifti/volumes/FLAIR.nii.gz	6635207
ucsf-pdgm/UCSF-PDGM-0050_nifti/volumes/SWI.nii.gz	6598717
ucsf-pdgm/UCSF-PDGM-0050_nifti/volumes/T1.nii.gz	6615048
ucsf-pdgm/UCSF-PDGM-0050_nifti/volumes/T1c.nii.gz	6651591
ucsf-pdgm/UCSF-PDGM-0050_nifti/volumes/T2.nii.gz	6610887
ucsf-pdgm/UCSF-PDGM-0050_nifti/volumes/brain_mask.nii.gz	316276
ucsf-pdgm/UCSF-PDGM-0050_nifti/volumes/tumor_seg.nii.gz	193449
ucsf-pdgm/UCSF-PDGM-0053_nifti/preprocessing_metadata.json	2577
ucsf-pdgm/UCSF-PDGM-0053_nifti/volumes/ASL.nii.gz	5698195
ucsf-pdgm/UCSF-PDGM-0053_nifti/volumes/DWI.nii.gz	5737204
ucsf-pdgm/UCSF-PDGM-0053_nifti/volumes/FLAIR.nii.gz	5731827
ucsf-pdgm/UCSF-PDGM-0053_nifti/volumes/SWI.nii.gz	5728666
ucsf-pdgm/UCSF-PDGM-0053_nifti/volumes/T1.nii.gz	5702661
ucsf-pdgm/UCSF-PDGM-0053_nifti/volumes/T1c.nii.gz	5743651
ucsf-pdgm/UCSF-PDGM-0053_nifti/volumes/T2.nii.gz	5691405
ucsf-pdgm/UCSF-PDGM-0053_nifti/volumes/brain_mask.nii.gz	295706
ucsf-pdgm/UCSF-PDGM-0053_nifti/volumes/tumor_seg.nii.gz	224481
ucsf-pdgm/UCSF-PDGM-0055_nifti/preprocessing_metadata.json	2575
ucsf-pdgm/UCSF-PDGM-0055_nifti/volumes/ASL.nii.gz	5554310
ucsf-pdgm/UCSF-PDGM-0055_nifti/volumes/DWI.nii.gz	5554247
ucsf-pdgm/UCSF-PDGM-0055_nifti/volumes/FLAIR.nii.gz	5585461
ucsf-pdgm/UCSF-PDGM-0055_nifti/volumes/SWI.nii.gz	5542485
ucsf-pdgm/UCSF-PDGM-0055_nifti/volumes/T1.nii.gz	5512658
ucsf-pdgm/UCSF-PDGM-0055_nifti/volumes/T1c.nii.gz	5551048
ucsf-pdgm/UCSF-PDGM-0055_nifti/volumes/T2.nii.gz	5527699
ucsf-pdgm/UCSF-PDGM-0055_nifti/volumes/brain_mask.nii.gz	296769
ucsf-pdgm/UCSF-PDGM-0055_nifti/volumes/tumor_seg.nii.gz	188727
ucsf-pdgm/UCSF-PDGM-0056_nifti/preprocessing_metadata.json	2570
ucsf-pdgm/UCSF-PDGM-0056_nifti/volumes/ASL.nii.gz	5601413
ucsf-pdgm/UCSF-PDGM-0056_nifti/volumes/DWI.nii.gz	5624282
ucsf-pdgm/UCSF-PDGM-0056_nifti/volumes/FLAIR.nii.gz	5659795
ucsf-pdgm/UCSF-PDGM-0056_nifti/volumes/SWI.nii.gz	5644444
ucsf-pdgm/UCSF-PDGM-0056_nifti/volumes/T1.nii.gz	5641030
ucsf-pdgm/UCSF-PDGM-0056_nifti/volumes/T1c.nii.gz	5686240
ucsf-pdgm/UCSF-PDGM-0056_nifti/volumes/T2.nii.gz	5627940
ucsf-pdgm/UCSF-PDGM-0056_nifti/volumes/brain_mask.nii.gz	304068
ucsf-pdgm/UCSF-PDGM-0056_nifti/volumes/tumor_seg.nii.gz	184163
ucsf-pdgm/UCSF-PDGM-0057_nifti/preprocessing_metadata.json	2558
ucsf-pdgm/UCSF-PDGM-0057_nifti/volumes/ASL.nii.gz	5744404
ucsf-pdgm/UCSF-PDGM-0057_nifti/volumes/DWI.nii.gz	5763419
ucsf-pdgm/UCSF-PDGM-0057_nifti/volumes/FLAIR.nii.gz	5760110
ucsf-pdgm/UCSF-PDGM-0057_nifti/volumes/SWI.nii.gz	5717245
ucsf-pdgm/UCSF-PDGM-0057_nifti/volumes/T1.nii.gz	5735944
ucsf-pdgm/UCSF-PDGM-0057_nifti/volumes/T1c.nii.gz	5762331
ucsf-pdgm/UCSF-PDGM-0057_nifti/volumes/T2.nii.gz	5748247
ucsf-pdgm/UCSF-PDGM-0057_nifti/volumes/brain_mask.nii.gz	304341
ucsf-pdgm/UCSF-PDGM-0057_nifti/volumes/tumor_seg.nii.gz	194478
ucsf-pdgm/UCSF-PDGM-0058_nifti/preprocessing_metadata.json	2567
ucsf-pdgm/UCSF-PDGM-0058_nifti/volumes/ASL.nii.gz	5478926
ucsf-pdgm/UCSF-PDGM-0058_nifti/volumes/DWI.nii.gz	5502383
ucsf-pdgm/UCSF-PDGM-0058_nifti/volumes/FLAIR.nii.gz	5508628
ucsf-pdgm/UCSF-PDGM-0058_nifti/volumes/SWI.nii.gz	5485053
ucsf-pdgm/UCSF-PDGM-0058_nifti/volumes/T1.nii.gz	5471415
ucsf-pdgm/UCSF-PDGM-0058_nifti/volumes/T1c.nii.gz	5513993
ucsf-pdgm/UCSF-PDGM-0058_nifti/volumes/T2.nii.gz	5478480
ucsf-pdgm/UCSF-PDGM-0058_nifti/volumes/brain_mask.nii.gz	285125
ucsf-pdgm/UCSF-PDGM-0058_nifti/volumes/tumor_seg.nii.gz	190818
ucsf-pdgm/UCSF-PDGM-0059_nifti/preprocessing_metadata.json	2572
ucsf-pdgm/UCSF-PDGM-0059_nifti/volumes/ASL.nii.gz	6838475
ucsf-pdgm/UCSF-PDGM-0059_nifti/volumes/DWI.nii.gz	6879377
ucsf-pdgm/UCSF-PDGM-0059_nifti/volumes/FLAIR.nii.gz	6892417
ucsf-pdgm/UCSF-PDGM-0059_nifti/volumes/SWI.nii.gz	6840343
ucsf-pdgm/UCSF-PDGM-0059_nifti/volumes/T1.nii.gz	6860867
ucsf-pdgm/UCSF-PDGM-0059_nifti/volumes/T1c.nii.gz	6880041
ucsf-pdgm/UCSF-PDGM-0059_nifti/volumes/T2.nii.gz	6811574
ucsf-pdgm/UCSF-PDGM-0059_nifti/volumes/brain_mask.nii.gz	325087
ucsf-pdgm/UCSF-PDGM-0059_nifti/volumes/tumor_seg.nii.gz	229248
ucsf-pdgm/UCSF-PDGM-0061_nifti/preprocessing_metadata.json	2574
ucsf-pdgm/UCSF-PDGM-0061_nifti/volumes/ASL.nii.gz	6304192
ucsf-pdgm/UCSF-PDGM-0061_nifti/volumes/DWI.nii.gz	6325628
ucsf-pdgm/UCSF-PDGM-0061_nifti/volumes/FLAIR.nii.gz	6335264
ucsf-pdgm/UCSF-PDGM-0061_nifti/volumes/SWI.nii.gz	6310575
ucsf-pdgm/UCSF-PDGM-0061_nifti/volumes/T1.nii.gz	6308393
ucsf-pdgm/UCSF-PDGM-0061_nifti/volumes/T1c.nii.gz	6349563
ucsf-pdgm/UCSF-PDGM-0061_nifti/volumes/T2.nii.gz	6310761
ucsf-pdgm/UCSF-PDGM-0061_nifti/volumes/brain_mask.nii.gz	307585
ucsf-pdgm/UCSF-PDGM-0061_nifti/volumes/tumor_seg.nii.gz	242052
ucsf-pdgm/UCSF-PDGM-0063_nifti/preprocessing_metadata.json	2567
ucsf-pdgm/UCSF-PDGM-0063_nifti/volumes/ASL.nii.gz	5847094
ucsf-pdgm/UCSF-PDGM-0063_nifti/volumes/DWI.nii.gz	5870166
ucsf-pdgm/UCSF-PDGM-0063_nifti/volumes/FLAIR.nii.gz	5881296
ucsf-pdgm/UCSF-PDGM-0063_nifti/volumes/SWI.nii.gz	5850192
ucsf-pdgm/UCSF-PDGM-0063_nifti/volumes/T1.nii.gz	5855061
ucsf-pdgm/UCSF-PDGM-0063_nifti/volumes/T1c.nii.gz	5905064
ucsf-pdgm/UCSF-PDGM-0063_nifti/volumes/T2.nii.gz	5863146
ucsf-pdgm/UCSF-PDGM-0063_nifti/volumes/brain_mask.nii.gz	301253
ucsf-pdgm/UCSF-PDGM-0063_nifti/volumes/tumor_seg.nii.gz	226075
ucsf-pdgm/UCSF-PDGM-0064_nifti/preprocessing_metadata.json	2573
ucsf-pdgm/UCSF-PDGM-0064_nifti/volumes/ASL.nii.gz	6242688
ucsf-pdgm/UCSF-PDGM-0064_nifti/volumes/DWI.nii.gz	6271432
ucsf-pdgm/UCSF-PDGM-0064_nifti/volumes/FLAIR.nii.gz	6268713
ucsf-pdgm/UCSF-PDGM-0064_nifti/volumes/SWI.nii.gz	6279518
ucsf-pdgm/UCSF-PDGM-0064_nifti/volumes/T1.nii.gz	6259442
ucsf-pdgm/UCSF-PDGM-0064_nifti/volumes/T1c.nii.gz	6258226
ucsf-pdgm/UCSF-PDGM-0064_nifti/volumes/T2.nii.gz	6236533
ucsf-pdgm/UCSF-PDGM-0064_nifti/volumes/brain_mask.nii.gz	302727
ucsf-pdgm/UCSF-PDGM-0064_nifti/volumes/tumor_seg.nii.gz	181797
ucsf-pdgm/UCSF-PDGM-0065_nifti/preprocessing_metadata.json	2580
ucsf-pdgm/UCSF-PDGM-0065_nifti/volumes/ASL.nii.gz	6220009
ucsf-pdgm/UCSF-PDGM-0065_nifti/volumes/DWI.nii.gz	6210159
ucsf-pdgm/UCSF-PDGM-0065_nifti/volumes/FLAIR.nii.gz	6268068
ucsf-pdgm/UCSF-PDGM-0065_nifti/volumes/SWI.nii.gz	6212606
ucsf-pdgm/UCSF-PDGM-0065_nifti/volumes/T1.nii.gz	6241477
ucsf-pdgm/UCSF-PDGM-0065_nifti/volumes/T1c.nii.gz	6250258
ucsf-pdgm/UCSF-PDGM-0065_nifti/volumes/T2.nii.gz	6184742
ucsf-pdgm/UCSF-PDGM-0065_nifti/volumes/brain_mask.nii.gz	301466
ucsf-pdgm/UCSF-PDGM-0065_nifti/volumes/tumor_seg.nii.gz	231703
ucsf-pdgm/UCSF-PDGM-0066_nifti/preprocessing_metadata.json	2571
ucsf-pdgm/UCSF-PDGM-0066_nifti/volumes/ASL.nii.gz	5372898
ucsf-pdgm/UCSF-PDGM-0066_nifti/volumes/DWI.nii.gz	5398426
ucsf-pdgm/UCSF-PDGM-0066_nifti/volumes/FLAIR.nii.gz	5413826
ucsf-pdgm/UCSF-PDGM-0066_nifti/volumes/SWI.nii.gz	5384534
ucsf-pdgm/UCSF-PDGM-0066_nifti/volumes/T1.nii.gz	5373600
ucsf-pdgm/UCSF-PDGM-0066_nifti/volumes/T1c.nii.gz	5417135
ucsf-pdgm/UCSF-PDGM-0066_nifti/volumes/T2.nii.gz	5391334
ucsf-pdgm/UCSF-PDGM-0066_nifti/volumes/brain_mask.nii.gz	296830
ucsf-pdgm/UCSF-PDGM-0066_nifti/volumes/tumor_seg.nii.gz	168422
ucsf-pdgm/UCSF-PDGM-0067_nifti/preprocessing_metadata.json	2563
ucsf-pdgm/UCSF-PDGM-0067_nifti/volumes/ASL.nii.gz	6607414
ucsf-pdgm/UCSF-PDGM-0067_nifti/volumes/DWI.nii.gz	6940521
ucsf-pdgm/UCSF-PDGM-0067_nifti/volumes/FLAIR.nii.gz	6962564
ucsf-pdgm/UCSF-PDGM-0067_nifti/volumes/SWI.nii.gz	6909234
ucsf-pdgm/UCSF-PDGM-0067_nifti/volumes/T1.nii.gz	6941012
ucsf-pdgm/UCSF-PDGM-0067_nifti/volumes/T1c.nii.gz	6972986
ucsf-pdgm/UCSF-PDGM-0067_nifti/volumes/T2.nii.gz	6896701
ucsf-pdgm/UCSF-PDGM-0067_nifti/volumes/brain_mask.nii.gz	338459
ucsf-pdgm/UCSF-PDGM-0067_nifti/volumes/tumor_seg.nii.gz	238579
ucsf-pdgm/UCSF-PDGM-0068_nifti/preprocessing_metadata.json	2572
ucsf-pdgm/UCSF-PDGM-0068_nifti/volumes/ASL.nii.gz	6405893
ucsf-pdgm/UCSF-PDGM-0068_nifti/volumes/DWI.nii.gz	6435974
ucsf-pdgm/UCSF-PDGM-0068_nifti/volumes/FLAIR.nii.gz	6446006
ucsf-pdgm/UCSF-PDGM-0068_nifti/volumes/SWI.nii.gz	6399403
ucsf-pdgm/UCSF-PDGM-0068_nifti/volumes/T1.nii.gz	6405457
ucsf-pdgm/UCSF-PDGM-0068_nifti/volumes/T1c.nii.gz	6447833
ucsf-pdgm/UCSF-PDGM-0068_nifti/volumes/T2.nii.gz	6412211
ucsf-pdgm/UCSF-PDGM-0068_nifti/volumes/brain_mask.nii.gz	322973
ucsf-pdgm/UCSF-PDGM-0068_nifti/volumes/tumor_seg.nii.gz	189946
ucsf-pdgm/UCSF-PDGM-0069_nifti/preprocessing_metadata.json	2575
ucsf-pdgm/UCSF-PDGM-0069_nifti/volumes/ASL.nii.gz	5451032
ucsf-pdgm/UCSF-PDGM-0069_nifti/volumes/DWI.nii.gz	5483637
ucsf-pdgm/UCSF-PDGM-0069_nifti/volumes/FLAIR.nii.gz	5475873
ucsf-pdgm/UCSF-PDGM-0069_nifti/volumes/SWI.nii.gz	5482747
ucsf-pdgm/UCSF-PDGM-0069_nifti/volumes/T1.nii.gz	5457355
ucsf-pdgm/UCSF-PDGM-0069_nifti/volumes/T1c.nii.gz	5492774
ucsf-pdgm/UCSF-PDGM-0069_nifti/volumes/T2.nii.gz	5451201
ucsf-pdgm/UCSF-PDGM-0069_nifti/volumes/brain_mask.nii.gz	297201
ucsf-pdgm/UCSF-PDGM-0069_nifti/volumes/tumor_seg.nii.gz	183245
ucsf-pdgm/UCSF-PDGM-0070_nifti/preprocessing_metadata.json	2580
ucsf-pdgm/UCSF-PDGM-0070_nifti/volumes/ASL.nii.gz	6573697
ucsf-pdgm/UCSF-PDGM-0070_nifti/volumes/DWI.nii.gz	6608190
ucsf-pdgm/UCSF-PDGM-0070_nifti/volumes/FLAIR.nii.gz	6631483
ucsf-pdgm/UCSF-PDGM-0070_nifti/volumes/SWI.nii.gz	6593011
ucsf-pdgm/UCSF-PDGM-0070_nifti/volumes/T1.nii.gz	6588753
ucsf-pdgm/UCSF-PDGM-0070_nifti/volumes/T1c.nii.gz	6623842
ucsf-pdgm/UCSF-PDGM-0070_nifti/volumes/T2.nii.gz	6578162
ucsf-pdgm/UCSF-PDGM-0070_nifti/volumes/brain_mask.nii.gz	328108
ucsf-pdgm/UCSF-PDGM-0070_nifti/volumes/tumor_seg.nii.gz	240412
ucsf-pdgm/UCSF-PDGM-0071_nifti/preprocessing_metadata.json	2557
ucsf-pdgm/UCSF-PDGM-0071_nifti/volumes/ASL.nii.gz	5075399
ucsf-pdgm/UCSF-PDGM-0071_nifti/volumes/DWI.nii.gz	5064777
ucsf-pdgm/UCSF-PDGM-0071_nifti/volumes/FLAIR.nii.gz	5089886
ucsf-pdgm/UCSF-PDGM-0071_nifti/volumes/SWI.nii.gz	5084656
ucsf-pdgm/UCSF-PDGM-0071_nifti/volumes/T1.nii.gz	5066028
ucsf-pdgm/UCSF-PDGM-0071_nifti/volumes/T1c.nii.gz	5102269
ucsf-pdgm/UCSF-PDGM-0071_nifti/volumes/T2.nii.gz	5069555
ucsf-pdgm/UCSF-PDGM-0071_nifti/volumes/brain_mask.nii.gz	276940
ucsf-pdgm/UCSF-PDGM-0071_nifti/volumes/tumor_seg.nii.gz	198139
ucsf-pdgm/UCSF-PDGM-0072_nifti/preprocessing_metadata.json	2573
ucsf-pdgm/UCSF-PDGM-0072_nifti/volumes/ASL.nii.gz	6479697
ucsf-pdgm/UCSF-PDGM-0072_nifti/volumes/DWI.nii.gz	6505260
ucsf-pdgm/UCSF-PDGM-0072_nifti/volumes/FLAIR.nii.gz	6502105
ucsf-pdgm/UCSF-PDGM-0072_nifti/volumes/SWI.nii.gz	6480688
ucsf-pdgm/UCSF-PDGM-0072_nifti/volumes/T1.nii.gz	6449797
ucsf-pdgm/UCSF-PDGM-0072_nifti/volumes/T1c.nii.gz	6504355
ucsf-pdgm/UCSF-PDGM-0072_nifti/volumes/T2.nii.gz	6456346
ucsf-pdgm/UCSF-PDGM-0072_nifti/volumes/brain_mask.nii.gz	322878
ucsf-pdgm/UCSF-PDGM-0072_nifti/volumes/tumor_seg.nii.gz	200948
ucsf-pdgm/UCSF-PDGM-0073_nifti/preprocessing_metadata.json	2579
ucsf-pdgm/UCSF-PDGM-0073_nifti/volumes/ASL.nii.gz	5478116
ucsf-pdgm/UCSF-PDGM-0073_nifti/volumes/DWI.nii.gz	5484454
ucsf-pdgm/UCSF-PDGM-0073_nifti/volumes/FLAIR.nii.gz	5489902
ucsf-pdgm/UCSF-PDGM-0073_nifti/volumes/SWI.nii.gz	5472015
ucsf-pdgm/UCSF-PDGM-0073_nifti/volumes/T1.nii.gz	5454390
ucsf-pdgm/UCSF-PDGM-0073_nifti/volumes/T1c.nii.gz	5498040
ucsf-pdgm/UCSF-PDGM-0073_nifti/volumes/T2.nii.gz	5473800
ucsf-pdgm/UCSF-PDGM-0073_nifti/volumes/brain_mask.nii.gz	287209
ucsf-pdgm/UCSF-PDGM-0073_nifti/volumes/tumor_seg.nii.gz	185693
ucsf-pdgm/UCSF-PDGM-0074_nifti/preprocessing_metadata.json	2579
ucsf-pdgm/UCSF-PDGM-0074_nifti/volumes/ASL.nii.gz	4996291
ucsf-pdgm/UCSF-PDGM-0074_nifti/volumes/DWI.nii.gz	5015144
ucsf-pdgm/UCSF-PDGM-0074_nifti/volumes/FLAIR.nii.gz	5019304
ucsf-pdgm/UCSF-PDGM-0074_nifti/volumes/SWI.nii.gz	4989990
ucsf-pdgm/UCSF-PDGM-0074_nifti/volumes/T1.nii.gz	4969752
ucsf-pdgm/UCSF-PDGM-0074_nifti/volumes/T1c.nii.gz	5015243
ucsf-pdgm/UCSF-PDGM-0074_nifti/volumes/T2.nii.gz	4979456
ucsf-pdgm/UCSF-PDGM-0074_nifti/volumes/brain_mask.nii.gz	279321
ucsf-pdgm/UCSF-PDGM-0074_nifti/volumes/tumor_seg.nii.gz	183780
ucsf-pdgm/UCSF-PDGM-0075_nifti/preprocessing_metadata.json	2577
ucsf-pdgm/UCSF-PDGM-0075_nifti/volumes/ASL.nii.gz	6302204
ucsf-pdgm/UCSF-PDGM-0075_nifti/volumes/DWI.nii.gz	6437288
ucsf-pdgm/UCSF-PDGM-0075_nifti/volumes/FLAIR.nii.gz	6459685
ucsf-pdgm/UCSF-PDGM-0075_nifti/volumes/SWI.nii.gz	6442644
ucsf-pdgm/UCSF-PDGM-0075_nifti/volumes/T1.nii.gz	6418365
ucsf-pdgm/UCSF-PDGM-0075_nifti/volumes/T1c.nii.gz	6466122
ucsf-pdgm/UCSF-PDGM-0075_nifti/volumes/T2.nii.gz	6407797
ucsf-pdgm/UCSF-PDGM-0075_nifti/volumes/brain_mask.nii.gz	339045
ucsf-pdgm/UCSF-PDGM-0075_nifti/volumes/tumor_seg.nii.gz	190363
ucsf-pdgm/UCSF-PDGM-0076_nifti/preprocessing_metadata.json	2560
ucsf-pdgm/UCSF-PDGM-0076_nifti/volumes/ASL.nii.gz	5858186
ucsf-pdgm/UCSF-PDGM-0076_nifti/volumes/DWI.nii.gz	5844715
ucsf-pdgm/UCSF-PDGM-0076_nifti/volumes/FLAIR.nii.gz	5887717
ucsf-pdgm/UCSF-PDGM-0076_nifti/volumes/SWI.nii.gz	5861255
ucsf-pdgm/UCSF-PDGM-0076_nifti/volumes/T1.nii.gz	5864794
ucsf-pdgm/UCSF-PDGM-0076_nifti/volumes/T1c.nii.gz	5891555
ucsf-pdgm/UCSF-PDGM-0076_nifti/volumes/T2.nii.gz	5839930
ucsf-pdgm/UCSF-PDGM-0076_nifti/volumes/brain_mask.nii.gz	300950
ucsf-pdgm/UCSF-PDGM-0076_nifti/volumes/tumor_seg.nii.gz	211118
ucsf-pdgm/UCSF-PDGM-0077_nifti/preprocessing_metadata.json	2579
ucsf-pdgm/UCSF-PDGM-0077_nifti/volumes/ASL.nii.gz	6053896
ucsf-pdgm/UCSF-PDGM-0077_nifti/volumes/DWI.nii.gz	6036112
ucsf-pdgm/UCSF-PDGM-0077_nifti/volumes/FLAIR.nii.gz	6092097
ucsf-pdgm/UCSF-PDGM-0077_nifti/volumes/SWI.nii.gz	6047331
ucsf-pdgm/UCSF-PDGM-0077_nifti/volumes/T1.nii.gz	6078027
ucsf-pdgm/UCSF-PDGM-0077_nifti/volumes/T1c.nii.gz	6099129
ucsf-pdgm/UCSF-PDGM-0077_nifti/volumes/T2.nii.gz	6046697
ucsf-pdgm/UCSF-PDGM-0077_nifti/volumes/brain_mask.nii.gz	309917
ucsf-pdgm/UCSF-PDGM-0077_nifti/volumes/tumor_seg.nii.gz	233945
ucsf-pdgm/UCSF-PDGM-0078_nifti/preprocessing_metadata.json	2575
ucsf-pdgm/UCSF-PDGM-0078_nifti/volumes/ASL.nii.gz	5912677
ucsf-pdgm/UCSF-PDGM-0078_nifti/volumes/DWI.nii.gz	5931022
ucsf-pdgm/UCSF-PDGM-0078_nifti/volumes/FLAIR.nii.gz	5971170
ucsf-pdgm/UCSF-PDGM-0078_nifti/volumes/SWI.nii.gz	5926881
ucsf-pdgm/UCSF-PDGM-0078_nifti/volumes/T1.nii.gz	5924915
ucsf-pdgm/UCSF-PDGM-0078_nifti/volumes/T1c.nii.gz	5980351
ucsf-pdgm/UCSF-PDGM-0078_nifti/volumes/T2.nii.gz	5912071
ucsf-pdgm/UCSF-PDGM-0078_nifti/volumes/brain_mask.nii.gz	298865
ucsf-pdgm/UCSF-PDGM-0078_nifti/volumes/tumor_seg.nii.gz	179930
ucsf-pdgm/UCSF-PDGM-0079_nifti/preprocessing_metadata.json	2563
ucsf-pdgm/UCSF-PDGM-0079_nifti/volumes/ASL.nii.gz	5130247
ucsf-pdgm/UCSF-PDGM-0079_nifti/volumes/DWI.nii.gz	5131849
ucsf-pdgm/UCSF-PDGM-0079_nifti/volumes/FLAIR.nii.gz	5172345
ucsf-pdgm/UCSF-PDGM-0079_nifti/volumes/SWI.nii.gz	5171502
ucsf-pdgm/UCSF-PDGM-0079_nifti/volumes/T1.nii.gz	5133546
ucsf-pdgm/UCSF-PDGM-0079_nifti/volumes/T1c.nii.gz	5175258
ucsf-pdgm/UCSF-PDGM-0079_nifti/volumes/T2.nii.gz	5114505
ucsf-pdgm/UCSF-PDGM-0079_nifti/volumes/brain_mask.nii.gz	295821
ucsf-pdgm/UCSF-PDGM-0079_nifti/volumes/tumor_seg.nii.gz	201923
ucsf-pdgm/UCSF-PDGM-0080_nifti/preprocessing_metadata.json	2570
ucsf-pdgm/UCSF-PDGM-0080_nifti/volumes/ASL.nii.gz	5591557
ucsf-pdgm/UCSF-PDGM-0080_nifti/volumes/DWI.nii.gz	5601582
ucsf-pdgm/UCSF-PDGM-0080_nifti/volumes/FLAIR.nii.gz	5630151
ucsf-pdgm/UCSF-PDGM-0080_nifti/volumes/SWI.nii.gz	5585690
ucsf-pdgm/UCSF-PDGM-0080_nifti/volumes/T1.nii.gz	5592184
ucsf-pdgm/UCSF-PDGM-0080_nifti/volumes/T1c.nii.gz	5639567
ucsf-pdgm/UCSF-PDGM-0080_nifti/volumes/T2.nii.gz	5576835
ucsf-pdgm/UCSF-PDGM-0080_nifti/volumes/brain_mask.nii.gz	283414
ucsf-pdgm/UCSF-PDGM-0080_nifti/volumes/tumor_seg.nii.gz	163191
ucsf-pdgm/UCSF-PDGM-0082_nifti/preprocessing_metadata.json	2560
ucsf-pdgm/UCSF-PDGM-0082_nifti/volumes/ASL.nii.gz	6145635
ucsf-pdgm/UCSF-PDGM-0082_nifti/volumes/DWI.nii.gz	6153880
ucsf-pdgm/UCSF-PDGM-0082_nifti/volumes/FLAIR.nii.gz	6167944
ucsf-pdgm/UCSF-PDGM-0082_nifti/volumes/SWI.nii.gz	6156339
ucsf-pdgm/UCSF-PDGM-0082_nifti/volumes/T1.nii.gz	6143778
ucsf-pdgm/UCSF-PDGM-0082_nifti/volumes/T1c.nii.gz	6176078
ucsf-pdgm/UCSF-PDGM-0082_nifti/volumes/T2.nii.gz	6128313
ucsf-pdgm/UCSF-PDGM-0082_nifti/volumes/brain_mask.nii.gz	315771
ucsf-pdgm/UCSF-PDGM-0082_nifti/volumes/tumor_seg.nii.gz	220771
ucsf-pdgm/UCSF-PDGM-0083_nifti/preprocessing_metadata.json	2564
ucsf-pdgm/UCSF-PDGM-0083_nifti/volumes/ASL.nii.gz	5547327
ucsf-pdgm/UCSF-PDGM-0083_nifti/volumes/DWI.nii.gz	5568944
ucsf-pdgm/UCSF-PDGM-0083_nifti/volumes/FLAIR.nii.gz	5565899
ucsf-pdgm/UCSF-PDGM-0083_nifti/volumes/SWI.nii.gz	5572891
ucsf-pdgm/UCSF-PDGM-0083_nifti/volumes/T1.nii.gz	5531179
ucsf-pdgm/UCSF-PDGM-0083_nifti/volumes/T1c.nii.gz	5568070
ucsf-pdgm/UCSF-PDGM-0083_nifti/volumes/T2.nii.gz	5521138
ucsf-pdgm/UCSF-PDGM-0083_nifti/volumes/brain_mask.nii.gz	298602
ucsf-pdgm/UCSF-PDGM-0083_nifti/volumes/tumor_seg.nii.gz	168170
ucsf-pdgm/UCSF-PDGM-0084_nifti/preprocessing_metadata.json	2581
ucsf-pdgm/UCSF-PDGM-0084_nifti/volumes/ASL.nii.gz	6560889
ucsf-pdgm/UCSF-PDGM-0084_nifti/volumes/DWI.nii.gz	6636870
ucsf-pdgm/UCSF-PDGM-0084_nifti/volumes/FLAIR.nii.gz	6624354
ucsf-pdgm/UCSF-PDGM-0084_nifti/volumes/SWI.nii.gz	6609689
ucsf-pdgm/UCSF-PDGM-0084_nifti/volumes/T1.nii.gz	6584660
ucsf-pdgm/UCSF-PDGM-0084_nifti/volumes/T1c.nii.gz	6635101
ucsf-pdgm/UCSF-PDGM-0084_nifti/volumes/T2.nii.gz	6581955
ucsf-pdgm/UCSF-PDGM-0084_nifti/volumes/brain_mask.nii.gz	326079
ucsf-pdgm/UCSF-PDGM-0084_nifti/volumes/tumor_seg.nii.gz	189191
ucsf-pdgm/UCSF-PDGM-0085_nifti/preprocessing_metadata.json	2576
ucsf-pdgm/UCSF-PDGM-0085_nifti/volumes/ASL.nii.gz	6078455
ucsf-pdgm/UCSF-PDGM-0085_nifti/volumes/DWI.nii.gz	6059382
ucsf-pdgm/UCSF-PDGM-0085_nifti/volumes/FLAIR.nii.gz	6117999
ucsf-pdgm/UCSF-PDGM-0085_nifti/volumes/SWI.nii.gz	6084808
ucsf-pdgm/UCSF-PDGM-0085_nifti/volumes/T1.nii.gz	6080890
ucsf-pdgm/UCSF-PDGM-0085_nifti/volumes/T1c.nii.gz	6123388
ucsf-pdgm/UCSF-PDGM-0085_nifti/volumes/T2.nii.gz	6059171
ucsf-pdgm/UCSF-PDGM-0085_nifti/volumes/brain_mask.nii.gz	301100
ucsf-pdgm/UCSF-PDGM-0085_nifti/volumes/tumor_seg.nii.gz	187285
ucsf-pdgm/UCSF-PDGM-0086_nifti/preprocessing_metadata.json	2562
ucsf-pdgm/UCSF-PDGM-0086_nifti/volumes/ASL.nii.gz	5246833
ucsf-pdgm/UCSF-PDGM-0086_nifti/volumes/DWI.nii.gz	5260821
ucsf-pdgm/UCSF-PDGM-0086_nifti/volumes/FLAIR.nii.gz	5283529
ucsf-pdgm/UCSF-PDGM-0086_nifti/volumes/SWI.nii.gz	5246355
ucsf-pdgm/UCSF-PDGM-0086_nifti/volumes/T1.nii.gz	5258660
ucsf-pdgm/UCSF-PDGM-0086_nifti/volumes/T1c.nii.gz	5277746
ucsf-pdgm/UCSF-PDGM-0086_nifti/volumes/T2.nii.gz	5248936
ucsf-pdgm/UCSF-PDGM-0086_nifti/volumes/brain_mask.nii.gz	280851
ucsf-pdgm/UCSF-PDGM-0086_nifti/volumes/tumor_seg.nii.gz	168739
ucsf-pdgm/UCSF-PDGM-0087_nifti/preprocessing_metadata.json	2584
ucsf-pdgm/UCSF-PDGM-0087_nifti/volumes/ASL.nii.gz	6413487
ucsf-pdgm/UCSF-PDGM-0087_nifti/volumes/DWI.nii.gz	6486816
ucsf-pdgm/UCSF-PDGM-0087_nifti/volumes/FLAIR.nii.gz	6514363
ucsf-pdgm/UCSF-PDGM-0087_nifti/volumes/SWI.nii.gz	6524682
ucsf-pdgm/UCSF-PDGM-0087_nifti/volumes/T1.nii.gz	6491713
ucsf-pdgm/UCSF-PDGM-0087_nifti/volumes/T1c.nii.gz	6512942
ucsf-pdgm/UCSF-PDGM-0087_nifti/volumes/T2.nii.gz	6456716
ucsf-pdgm/UCSF-PDGM-0087_nifti/volumes/brain_mask.nii.gz	334819
ucsf-pdgm/UCSF-PDGM-0087_nifti/volumes/tumor_seg.nii.gz	223004
ucsf-pdgm/UCSF-PDGM-0088_nifti/preprocessing_metadata.json	2564
ucsf-pdgm/UCSF-PDGM-0088_nifti/volumes/ASL.nii.gz	5508625
ucsf-pdgm/UCSF-PDGM-0088_nifti/volumes/DWI.nii.gz	5509765
ucsf-pdgm/UCSF-PDGM-0088_nifti/volumes/FLAIR.nii.gz	5545394
ucsf-pdgm/UCSF-PDGM-0088_nifti/volumes/SWI.nii.gz	5535594
ucsf-pdgm/UCSF-PDGM-0088_nifti/volumes/T1.nii.gz	5509985
ucsf-pdgm/UCSF-PDGM-0088_nifti/volumes/T1c.nii.gz	5549036
ucsf-pdgm/UCSF-PDGM-0088_nifti/volumes/T2.nii.gz	5505180
ucsf-pdgm/UCSF-PDGM-0088_nifti/volumes/brain_mask.nii.gz	291161
ucsf-pdgm/UCSF-PDGM-0088_nifti/volumes/tumor_seg.nii.gz	163931
ucsf-pdgm/UCSF-PDGM-0089_nifti/preprocessing_metadata.json	2582
ucsf-pdgm/UCSF-PDGM-0089_nifti/volumes/ASL.nii.gz	6722225
ucsf-pdgm/UCSF-PDGM-0089_nifti/volumes/DWI.nii.gz	6747865
ucsf-pdgm/UCSF-PDGM-0089_nifti/volumes/FLAIR.nii.gz	6700170
ucsf-pdgm/UCSF-PDGM-0089_nifti/volumes/SWI.nii.gz	6712884
ucsf-pdgm/UCSF-PDGM-0089_nifti/volumes/T1.nii.gz	6761319
ucsf-pdgm/UCSF-PDGM-0089_nifti/volumes/T1c.nii.gz	6749749
ucsf-pdgm/UCSF-PDGM-0089_nifti/volumes/T2.nii.gz	6655607
ucsf-pdgm/UCSF-PDGM-0089_nifti/volumes/brain_mask.nii.gz	314284
ucsf-pdgm/UCSF-PDGM-0089_nifti/volumes/tumor_seg.nii.gz	263072
ucsf-pdgm/UCSF-PDGM-0090_nifti/preprocessing_metadata.json	2574
ucsf-pdgm/UCSF-PDGM-0090_nifti/volumes/ASL.nii.gz	6766517
ucsf-pdgm/UCSF-PDGM-0090_nifti/volumes/DWI.nii.gz	6999331
ucsf-pdgm/UCSF-PDGM-0090_nifti/volumes/FLAIR.nii.gz	6996399
ucsf-pdgm/UCSF-PDGM-0090_nifti/volumes/SWI.nii.gz	6988948
ucsf-pdgm/UCSF-PDGM-0090_nifti/volumes/T1.nii.gz	6991647
ucsf-pdgm/UCSF-PDGM-0090_nifti/volumes/T1c.nii.gz	7003722
ucsf-pdgm/UCSF-PDGM-0090_nifti/volumes/T2.nii.gz	6946954
ucsf-pdgm/UCSF-PDGM-0090_nifti/volumes/brain_mask.nii.gz	335652
ucsf-pdgm/UCSF-PDGM-0090_nifti/volumes/tumor_seg.nii.gz	274700
ucsf-pdgm/UCSF-PDGM-0091_nifti/preprocessing_metadata.json	2558
ucsf-pdgm/UCSF-PDGM-0091_nifti/volumes/ASL.nii.gz	5701524
ucsf-pdgm/UCSF-PDGM-0091_nifti/volumes/DWI.nii.gz	5745296
ucsf-pdgm/UCSF-PDGM-0091_nifti/volumes/FLAIR.nii.gz	5762119
ucsf-pdgm/UCSF-PDGM-0091_nifti/volumes/SWI.nii.gz	5768703
ucsf-pdgm/UCSF-PDGM-0091_nifti/volumes/T1.nii.gz	5737126
ucsf-pdgm/UCSF-PDGM-0091_nifti/volumes/T1c.nii.gz	5785574
ucsf-pdgm/UCSF-PDGM-0091_nifti/volumes/T2.nii.gz	5718491
ucsf-pdgm/UCSF-PDGM-0091_nifti/volumes/brain_mask.nii.gz	306777
ucsf-pdgm/UCSF-PDGM-0091_nifti/volumes/tumor_seg.nii.gz	175870
ucsf-pdgm/UCSF-PDGM-0092_nifti/preprocessing_metadata.json	2581
ucsf-pdgm/UCSF-PDGM-0092_nifti/volumes/ASL.nii.gz	5472751
ucsf-pdgm/UCSF-PDGM-0092_nifti/volumes/DWI.nii.gz	5513201
ucsf-pdgm/UCSF-PDGM-0092_nifti/volumes/FLAIR.nii.gz	5518428
ucsf-pdgm/UCSF-PDGM-0092_nifti/volumes/SWI.nii.gz	5529994
ucsf-pdgm/UCSF-PDGM-0092_nifti/volumes/T1.nii.gz	5499102
ucsf-pdgm/UCSF-PDGM-0092_nifti/volumes/T1c.nii.gz	5522641
ucsf-pdgm/UCSF-PDGM-0092_nifti/volumes/T2.nii.gz	5465097
ucsf-pdgm/UCSF-PDGM-0092_nifti/volumes/brain_mask.nii.gz	291089
ucsf-pdgm/UCSF-PDGM-0092_nifti/volumes/tumor_seg.nii.gz	172662
ucsf-pdgm/UCSF-PDGM-0093_nifti/preprocessing_metadata.json	2569
ucsf-pdgm/UCSF-PDGM-0093_nifti/volumes/ASL.nii.gz	6130693
ucsf-pdgm/UCSF-PDGM-0093_nifti/volumes/DWI.nii.gz	6107216
ucsf-pdgm/UCSF-PDGM-0093_nifti/volumes/FLAIR.nii.gz	6149981
ucsf-pdgm/UCSF-PDGM-0093_nifti/volumes/SWI.nii.gz	6131674
ucsf-pdgm/UCSF-PDGM-0093_nifti/volumes/T1.nii.gz	6108249
ucsf-pdgm/UCSF-PDGM-0093_nifti/volumes/T1c.nii.gz	6162142
ucsf-pdgm/UCSF-PDGM-0093_nifti/volumes/T2.nii.gz	6094790
ucsf-pdgm/UCSF-PDGM-0093_nifti/volumes/brain_mask.nii.gz	310541
ucsf-pdgm/UCSF-PDGM-0093_nifti/volumes/tumor_seg.nii.gz	194249
ucsf-pdgm/UCSF-PDGM-0094_nifti/preprocessing_metadata.json	2564
ucsf-pdgm/UCSF-PDGM-0094_nifti/volumes/ASL.nii.gz	5374630
ucsf-pdgm/UCSF-PDGM-0094_nifti/volumes/DWI.nii.gz	5368394
ucsf-pdgm/UCSF-PDGM-0094_nifti/volumes/FLAIR.nii.gz	5411629
ucsf-pdgm/UCSF-PDGM-0094_nifti/volumes/SWI.nii.gz	5381436
ucsf-pdgm/UCSF-PDGM-0094_nifti/volumes/T1.nii.gz	5373382
ucsf-pdgm/UCSF-PDGM-0094_nifti/volumes/T1c.nii.gz	5407426
ucsf-pdgm/UCSF-PDGM-0094_nifti/volumes/T2.nii.gz	5368915
ucsf-pdgm/UCSF-PDGM-0094_nifti/volumes/brain_mask.nii.gz	284713
ucsf-pdgm/UCSF-PDGM-0094_nifti/volumes/tumor_seg.nii.gz	238597
ucsf-pdgm/UCSF-PDGM-0095_nifti/preprocessing_metadata.json	2563
ucsf-pdgm/UCSF-PDGM-0095_nifti/volumes/ASL.nii.gz	5184870
ucsf-pdgm/UCSF-PDGM-0095_nifti/volumes/DWI.nii.gz	5235974
ucsf-pdgm/UCSF-PDGM-0095_nifti/volumes/FLAIR.nii.gz	5234095
ucsf-pdgm/UCSF-PDGM-0095_nifti/volumes/SWI.nii.gz	5217118
ucsf-pdgm/UCSF-PDGM-0095_nifti/volumes/T1.nii.gz	5224301
ucsf-pdgm/UCSF-PDGM-0095_nifti/volumes/T1c.nii.gz	5242306
ucsf-pdgm/UCSF-PDGM-0095_nifti/volumes/T2.nii.gz	5212508
ucsf-pdgm/UCSF-PDGM-0095_nifti/volumes/brain_mask.nii.gz	290251
ucsf-pdgm/UCSF-PDGM-0095_nifti/volumes/tumor_seg.nii.gz	177791
ucsf-pdgm/UCSF-PDGM-0096_nifti/preprocessing_metadata.json	2579
ucsf-pdgm/UCSF-PDGM-0096_nifti/volumes/ASL.nii.gz	6298568
ucsf-pdgm/UCSF-PDGM-0096_nifti/volumes/DWI.nii.gz	6315939
ucsf-pdgm/UCSF-PDGM-0096_nifti/volumes/FLAIR.nii.gz	6322342
ucsf-pdgm/UCSF-PDGM-0096_nifti/volumes/SWI.nii.gz	6271928
ucsf-pdgm/UCSF-PDGM-0096_nifti/volumes/T1.nii.gz	6277906
ucsf-pdgm/UCSF-PDGM-0096_nifti/volumes/T1c.nii.gz	6321543
ucsf-pdgm/UCSF-PDGM-0096_nifti/volumes/T2.nii.gz	6274676
ucsf-pdgm/UCSF-PDGM-0096_nifti/volumes/brain_mask.nii.gz	302807
ucsf-pdgm/UCSF-PDGM-0096_nifti/volumes/tumor_seg.nii.gz	209927
ucsf-pdgm/UCSF-PDGM-0097_nifti/preprocessing_metadata.json	2577
ucsf-pdgm/UCSF-PDGM-0097_nifti/volumes/ASL.nii.gz	5101167
ucsf-pdgm/UCSF-PDGM-0097_nifti/volumes/DWI.nii.gz	5102508
ucsf-pdgm/UCSF-PDGM-0097_nifti/volumes/FLAIR.nii.gz	5132544
ucsf-pdgm/UCSF-PDGM-0097_nifti/volumes/SWI.nii.gz	5134186
ucsf-pdgm/UCSF-PDGM-0097_nifti/volumes/T1.nii.gz	5131514
ucsf-pdgm/UCSF-PDGM-0097_nifti/volumes/T1c.nii.gz	5131391
ucsf-pdgm/UCSF-PDGM-0097_nifti/volumes/T2.nii.gz	5095362
ucsf-pdgm/UCSF-PDGM-0097_nifti/volumes/brain_mask.nii.gz	268333
ucsf-pdgm/UCSF-PDGM-0097_nifti/volumes/tumor_seg.nii.gz	199858
ucsf-pdgm/UCSF-PDGM-0099_nifti/preprocessing_metadata.json	2583
ucsf-pdgm/UCSF-PDGM-0099_nifti/volumes/ASL.nii.gz	5279438
ucsf-pdgm/UCSF-PDGM-0099_nifti/volumes/DWI.nii.gz	5294368
ucsf-pdgm/UCSF-PDGM-0099_nifti/volumes/FLAIR.nii.gz	5311865
ucsf-pdgm/UCSF-PDGM-0099_nifti/volumes/SWI.nii.gz	5271356
ucsf-pdgm/UCSF-PDGM-0099_nifti/volumes/T1.nii.gz	5272307
ucsf-pdgm/UCSF-PDGM-0099_nifti/volumes/T1c.nii.gz	5307784
ucsf-pdgm/UCSF-PDGM-0099_nifti/volumes/T2.nii.gz	5280487
ucsf-pdgm/UCSF-PDGM-0099_nifti/volumes/brain_mask.nii.gz	292444
ucsf-pdgm/UCSF-PDGM-0099_nifti/volumes/tumor_seg.nii.gz	171732
ucsf-pdgm/UCSF-PDGM-0101_nifti/preprocessing_metadata.json	2576
ucsf-pdgm/UCSF-PDGM-0101_nifti/volumes/ASL.nii.gz	5819514
ucsf-pdgm/UCSF-PDGM-0101_nifti/volumes/DWI.nii.gz	5847280
ucsf-pdgm/UCSF-PDGM-0101_nifti/volumes/FLAIR.nii.gz	5861342
ucsf-pdgm/UCSF-PDGM-0101_nifti/volumes/SWI.nii.gz	5787017
ucsf-pdgm/UCSF-PDGM-0101_nifti/volumes/T1.nii.gz	5822645
ucsf-pdgm/UCSF-PDGM-0101_nifti/volumes/T1c.nii.gz	5855966
ucsf-pdgm/UCSF-PDGM-0101_nifti/volumes/T2.nii.gz	5838839
ucsf-pdgm/UCSF-PDGM-0101_nifti/volumes/brain_mask.nii.gz	305144
ucsf-pdgm/UCSF-PDGM-0101_nifti/volumes/tumor_seg.nii.gz	197579
ucsf-pdgm/UCSF-PDGM-0102_nifti/preprocessing_metadata.json	2578
ucsf-pdgm/UCSF-PDGM-0102_nifti/volumes/ASL.nii.gz	6036415
ucsf-pdgm/UCSF-PDGM-0102_nifti/volumes/DWI.nii.gz	6142718
ucsf-pdgm/UCSF-PDGM-0102_nifti/volumes/FLAIR.nii.gz	6144439
ucsf-pdgm/UCSF-PDGM-0102_nifti/volumes/SWI.nii.gz	6151495
ucsf-pdgm/UCSF-PDGM-0102_nifti/volumes/T1.nii.gz	6108000
ucsf-pdgm/UCSF-PDGM-0102_nifti/volumes/T1c.nii.gz	6165670
ucsf-pdgm/UCSF-PDGM-0102_nifti/volumes/T2.nii.gz	6098480
ucsf-pdgm/UCSF-PDGM-0102_nifti/volumes/brain_mask.nii.gz	323089
ucsf-pdgm/UCSF-PDGM-0102_nifti/volumes/tumor_seg.nii.gz	176938
ucsf-pdgm/UCSF-PDGM-0103_nifti/preprocessing_metadata.json	2568
ucsf-pdgm/UCSF-PDGM-0103_nifti/volumes/ASL.nii.gz	6505612
ucsf-pdgm/UCSF-PDGM-0103_nifti/volumes/DWI.nii.gz	6516765
ucsf-pdgm/UCSF-PDGM-0103_nifti/volumes/FLAIR.nii.gz	6546153
ucsf-pdgm/UCSF-PDGM-0103_nifti/volumes/SWI.nii.gz	6497985
ucsf-pdgm/UCSF-PDGM-0103_nifti/volumes/T1.nii.gz	6497294
ucsf-pdgm/UCSF-PDGM-0103_nifti/volumes/T1c.nii.gz	6541394
ucsf-pdgm/UCSF-PDGM-0103_nifti/volumes/T2.nii.gz	6528062
ucsf-pdgm/UCSF-PDGM-0103_nifti/volumes/brain_mask.nii.gz	314276
ucsf-pdgm/UCSF-PDGM-0103_nifti/volumes/tumor_seg.nii.gz	202283
ucsf-pdgm/UCSF-PDGM-0104_nifti/preprocessing_metadata.json	2570
ucsf-pdgm/UCSF-PDGM-0104_nifti/volumes/ASL.nii.gz	7544415
ucsf-pdgm/UCSF-PDGM-0104_nifti/volumes/DWI.nii.gz	7594287
ucsf-pdgm/UCSF-PDGM-0104_nifti/volumes/FLAIR.nii.gz	7599737
ucsf-pdgm/UCSF-PDGM-0104_nifti/volumes/SWI.nii.gz	7584508
ucsf-pdgm/UCSF-PDGM-0104_nifti/volumes/T1.nii.gz	7578429
ucsf-pdgm/UCSF-PDGM-0104_nifti/volumes/T1c.nii.gz	7602122
ucsf-pdgm/UCSF-PDGM-0104_nifti/volumes/T2.nii.gz	7543031
ucsf-pdgm/UCSF-PDGM-0104_nifti/volumes/brain_mask.nii.gz	342233
ucsf-pdgm/UCSF-PDGM-0104_nifti/volumes/tumor_seg.nii.gz	225280
ucsf-pdgm/UCSF-PDGM-0105_nifti/preprocessing_metadata.json	2574
ucsf-pdgm/UCSF-PDGM-0105_nifti/volumes/ASL.nii.gz	6340287
ucsf-pdgm/UCSF-PDGM-0105_nifti/volumes/DWI.nii.gz	6407234
ucsf-pdgm/UCSF-PDGM-0105_nifti/volumes/FLAIR.nii.gz	6421706
ucsf-pdgm/UCSF-PDGM-0105_nifti/volumes/SWI.nii.gz	6382781
ucsf-pdgm/UCSF-PDGM-0105_nifti/volumes/T1.nii.gz	6396120
ucsf-pdgm/UCSF-PDGM-0105_nifti/volumes/T1c.nii.gz	6426288
ucsf-pdgm/UCSF-PDGM-0105_nifti/volumes/T2.nii.gz	6363885
ucsf-pdgm/UCSF-PDGM-0105_nifti/volumes/brain_mask.nii.gz	314539
ucsf-pdgm/UCSF-PDGM-0105_nifti/volumes/tumor_seg.nii.gz	200094
ucsf-pdgm/UCSF-PDGM-0106_nifti/preprocessing_metadata.json	2570
ucsf-pdgm/UCSF-PDGM-0106_nifti/volumes/ASL.nii.gz	5463296
ucsf-pdgm/UCSF-PDGM-0106_nifti/volumes/DWI.nii.gz	5488756
ucsf-pdgm/UCSF-PDGM-0106_nifti/volumes/FLAIR.nii.gz	5499808
ucsf-pdgm/UCSF-PDGM-0106_nifti/volumes/SWI.nii.gz	5471221
ucsf-pdgm/UCSF-PDGM-0106_nifti/volumes/T1.nii.gz	5464093
ucsf-pdgm/UCSF-PDGM-0106_nifti/volumes/T1c.nii.gz	5495662
ucsf-pdgm/UCSF-PDGM-0106_nifti/volumes/T2.nii.gz	5438380
ucsf-pdgm/UCSF-PDGM-0106_nifti/volumes/brain_mask.nii.gz	289181
ucsf-pdgm/UCSF-PDGM-0106_nifti/volumes/tumor_seg.nii.gz	163274
ucsf-pdgm/UCSF-PDGM-0107_nifti/preprocessing_metadata.json	2578
ucsf-pdgm/UCSF-PDGM-0107_nifti/volumes/ASL.nii.gz	5454032
ucsf-pdgm/UCSF-PDGM-0107_nifti/volumes/DWI.nii.gz	5471817
ucsf-pdgm/UCSF-PDGM-0107_nifti/volumes/FLAIR.nii.gz	5480587
ucsf-pdgm/UCSF-PDGM-0107_nifti/volumes/SWI.nii.gz	5466154
ucsf-pdgm/UCSF-PDGM-0107_nifti/volumes/T1.nii.gz	5459259
ucsf-pdgm/UCSF-PDGM-0107_nifti/volumes/T1c.nii.gz	5469729
ucsf-pdgm/UCSF-PDGM-0107_nifti/volumes/T2.nii.gz	5461308
ucsf-pdgm/UCSF-PDGM-0107_nifti/volumes/brain_mask.nii.gz	285169
ucsf-pdgm/UCSF-PDGM-0107_nifti/volumes/tumor_seg.nii.gz	194347
ucsf-pdgm/UCSF-PDGM-0108_nifti/preprocessing_metadata.json	2575
ucsf-pdgm/UCSF-PDGM-0108_nifti/volumes/ASL.nii.gz	5750051
ucsf-pdgm/UCSF-PDGM-0108_nifti/volumes/DWI.nii.gz	5780770
ucsf-pdgm/UCSF-PDGM-0108_nifti/volumes/FLAIR.nii.gz	5779975
ucsf-pdgm/UCSF-PDGM-0108_nifti/volumes/SWI.nii.gz	5762393
ucsf-pdgm/UCSF-PDGM-0108_nifti/volumes/T1.nii.gz	5769881
ucsf-pdgm/UCSF-PDGM-0108_nifti/volumes/T1c.nii.gz	5786674
ucsf-pdgm/UCSF-PDGM-0108_nifti/volumes/T2.nii.gz	5766420
ucsf-pdgm/UCSF-PDGM-0108_nifti/volumes/brain_mask.nii.gz	300446
ucsf-pdgm/UCSF-PDGM-0108_nifti/volumes/tumor_seg.nii.gz	202049
ucsf-pdgm/UCSF-PDGM-0109_nifti/preprocessing_metadata.json	2580
ucsf-pdgm/UCSF-PDGM-0109_nifti/volumes/ASL.nii.gz	6544051
ucsf-pdgm/UCSF-PDGM-0109_nifti/volumes/DWI.nii.gz	6593960
ucsf-pdgm/UCSF-PDGM-0109_nifti/volumes/FLAIR.nii.gz	6614935
ucsf-pdgm/UCSF-PDGM-0109_nifti/volumes/SWI.nii.gz	6624938
ucsf-pdgm/UCSF-PDGM-0109_nifti/volumes/T1.nii.gz	6582257
ucsf-pdgm/UCSF-PDGM-0109_nifti/volumes/T1c.nii.gz	6605081
ucsf-pdgm/UCSF-PDGM-0109_nifti/volumes/T2.nii.gz	6573805
ucsf-pdgm/UCSF-PDGM-0109_nifti/volumes/brain_mask.nii.gz	320222
ucsf-pdgm/UCSF-PDGM-0109_nifti/volumes/tumor_seg.nii.gz	182193
ucsf-pdgm/UCSF-PDGM-0111_nifti/preprocessing_metadata.json	2584
ucsf-pdgm/UCSF-PDGM-0111_nifti/volumes/ASL.nii.gz	6076446
ucsf-pdgm/UCSF-PDGM-0111_nifti/volumes/DWI.nii.gz	6125370
ucsf-pdgm/UCSF-PDGM-0111_nifti/volumes/FLAIR.nii.gz	6138729
ucsf-pdgm/UCSF-PDGM-0111_nifti/volumes/SWI.nii.gz	6101349
ucsf-pdgm/UCSF-PDGM-0111_nifti/volumes/T1.nii.gz	6119432
ucsf-pdgm/UCSF-PDGM-0111_nifti/volumes/T1c.nii.gz	6142000
ucsf-pdgm/UCSF-PDGM-0111_nifti/volumes/T2.nii.gz	6130091
ucsf-pdgm/UCSF-PDGM-0111_nifti/volumes/brain_mask.nii.gz	314636
ucsf-pdgm/UCSF-PDGM-0111_nifti/volumes/tumor_seg.nii.gz	212063
ucsf-pdgm/UCSF-PDGM-0112_nifti/preprocessing_metadata.json	2576
ucsf-pdgm/UCSF-PDGM-0112_nifti/volumes/ASL.nii.gz	6774201
ucsf-pdgm/UCSF-PDGM-0112_nifti/volumes/DWI.nii.gz	6788285
ucsf-pdgm/UCSF-PDGM-0112_nifti/volumes/FLAIR.nii.gz	6800329
ucsf-pdgm/UCSF-PDGM-0112_nifti/volumes/SWI.nii.gz	6768537
ucsf-pdgm/UCSF-PDGM-0112_nifti/volumes/T1.nii.gz	6764628
ucsf-pdgm/UCSF-PDGM-0112_nifti/volumes/T1c.nii.gz	6798526
ucsf-pdgm/UCSF-PDGM-0112_nifti/volumes/T2.nii.gz	6758658
ucsf-pdgm/UCSF-PDGM-0112_nifti/volumes/brain_mask.nii.gz	331404
ucsf-pdgm/UCSF-PDGM-0112_nifti/volumes/tumor_seg.nii.gz	232904
ucsf-pdgm/UCSF-PDGM-0113_nifti/preprocessing_metadata.json	2581
ucsf-pdgm/UCSF-PDGM-0113_nifti/volumes/ASL.nii.gz	5340334
ucsf-pdgm/UCSF-PDGM-0113_nifti/volumes/DWI.nii.gz	5357497
ucsf-pdgm/UCSF-PDGM-0113_nifti/volumes/FLAIR.nii.gz	5378670
ucsf-pdgm/UCSF-PDGM-0113_nifti/volumes/SWI.nii.gz	5377993
ucsf-pdgm/UCSF-PDGM-0113_nifti/volumes/T1.nii.gz	5339893
ucsf-pdgm/UCSF-PDGM-0113_nifti/volumes/T1c.nii.gz	5370957
ucsf-pdgm/UCSF-PDGM-0113_nifti/volumes/T2.nii.gz	5336661
ucsf-pdgm/UCSF-PDGM-0113_nifti/volumes/brain_mask.nii.gz	297733
ucsf-pdgm/UCSF-PDGM-0113_nifti/volumes/tumor_seg.nii.gz	194085
ucsf-pdgm/UCSF-PDGM-0114_nifti/preprocessing_metadata.json	2573
ucsf-pdgm/UCSF-PDGM-0114_nifti/volumes/ASL.nii.gz	5731426
ucsf-pdgm/UCSF-PDGM-0114_nifti/volumes/DWI.nii.gz	5727218
ucsf-pdgm/UCSF-PDGM-0114_nifti/volumes/FLAIR.nii.gz	5778941
ucsf-pdgm/UCSF-PDGM-0114_nifti/volumes/SWI.nii.gz	5726286
ucsf-pdgm/UCSF-PDGM-0114_nifti/volumes/T1.nii.gz	5735262
ucsf-pdgm/UCSF-PDGM-0114_nifti/volumes/T1c.nii.gz	5768724
ucsf-pdgm/UCSF-PDGM-0114_nifti/volumes/T2.nii.gz	5699621
ucsf-pdgm/UCSF-PDGM-0114_nifti/volumes/brain_mask.nii.gz	304628
ucsf-pdgm/UCSF-PDGM-0114_nifti/volumes/tumor_seg.nii.gz	197969
ucsf-pdgm/UCSF-PDGM-0115_nifti/preprocessing_metadata.json	2583
ucsf-pdgm/UCSF-PDGM-0115_nifti/volumes/ASL.nii.gz	5516732
ucsf-pdgm/UCSF-PDGM-0115_nifti/volumes/DWI.nii.gz	5553307
ucsf-pdgm/UCSF-PDGM-0115_nifti/volumes/FLAIR.nii.gz	5553213
ucsf-pdgm/UCSF-PDGM-0115_nifti/volumes/SWI.nii.gz	5569183
ucsf-pdgm/UCSF-PDGM-0115_nifti/volumes/T1.nii.gz	5534899
ucsf-pdgm/UCSF-PDGM-0115_nifti/volumes/T1c.nii.gz	5554069
ucsf-pdgm/UCSF-PDGM-0115_nifti/volumes/T2.nii.gz	5547081
ucsf-pdgm/UCSF-PDGM-0115_nifti/volumes/brain_mask.nii.gz	298705
ucsf-pdgm/UCSF-PDGM-0115_nifti/volumes/tumor_seg.nii.gz	194259
ucsf-pdgm/UCSF-PDGM-0116_nifti/preprocessing_metadata.json	2565
ucsf-pdgm/UCSF-PDGM-0116_nifti/volumes/ASL.nii.gz	5939238
ucsf-pdgm/UCSF-PDGM-0116_nifti/volumes/DWI.nii.gz	5956193
ucsf-pdgm/UCSF-PDGM-0116_nifti/volumes/FLAIR.nii.gz	5954115
ucsf-pdgm/UCSF-PDGM-0116_nifti/volumes/SWI.nii.gz	5936098
ucsf-pdgm/UCSF-PDGM-0116_nifti/volumes/T1.nii.gz	5928258
ucsf-pdgm/UCSF-PDGM-0116_nifti/volumes/T1c.nii.gz	5951210
ucsf-pdgm/UCSF-PDGM-0116_nifti/volumes/T2.nii.gz	5923009
ucsf-pdgm/UCSF-PDGM-0116_nifti/volumes/brain_mask.nii.gz	310602
ucsf-pdgm/UCSF-PDGM-0116_nifti/volumes/tumor_seg.nii.gz	224179
ucsf-pdgm/UCSF-PDGM-0118_nifti/preprocessing_metadata.json	2574
ucsf-pdgm/UCSF-PDGM-0118_nifti/volumes/ASL.nii.gz	5234884
ucsf-pdgm/UCSF-PDGM-0118_nifti/volumes/DWI.nii.gz	5225104
ucsf-pdgm/UCSF-PDGM-0118_nifti/volumes/FLAIR.nii.gz	5261519
ucsf-pdgm/UCSF-PDGM-0118_nifti/volumes/SWI.nii.gz	5237241
ucsf-pdgm/UCSF-PDGM-0118_nifti/volumes/T1.nii.gz	5233261
ucsf-pdgm/UCSF-PDGM-0118_nifti/volumes/T1c.nii.gz	5260691
ucsf-pdgm/UCSF-PDGM-0118_nifti/volumes/T2.nii.gz	5216113
ucsf-pdgm/UCSF-PDGM-0118_nifti/volumes/brain_mask.nii.gz	298544
ucsf-pdgm/UCSF-PDGM-0118_nifti/volumes/tumor_seg.nii.gz	207272
ucsf-pdgm/UCSF-PDGM-0119_nifti/preprocessing_metadata.json	2580
ucsf-pdgm/UCSF-PDGM-0119_nifti/volumes/ASL.nii.gz	4860277
ucsf-pdgm/UCSF-PDGM-0119_nifti/volumes/DWI.nii.gz	4969784
ucsf-pdgm/UCSF-PDGM-0119_nifti/volumes/FLAIR.nii.gz	4975714
ucsf-pdgm/UCSF-PDGM-0119_nifti/volumes/SWI.nii.gz	4965176
ucsf-pdgm/UCSF-PDGM-0119_nifti/volumes/T1.nii.gz	4973772
ucsf-pdgm/UCSF-PDGM-0119_nifti/volumes/T1c.nii.gz	4975339
ucsf-pdgm/UCSF-PDGM-0119_nifti/volumes/T2.nii.gz	4951865
ucsf-pdgm/UCSF-PDGM-0119_nifti/volumes/brain_mask.nii.gz	265471
ucsf-pdgm/UCSF-PDGM-0119_nifti/volumes/tumor_seg.nii.gz	198413
ucsf-pdgm/UCSF-PDGM-0121_nifti/preprocessing_metadata.json	2574
ucsf-pdgm/UCSF-PDGM-0121_nifti/volumes/ASL.nii.gz	6257008
ucsf-pdgm/UCSF-PDGM-0121_nifti/volumes/DWI.nii.gz	6254312
ucsf-pdgm/UCSF-PDGM-0121_nifti/volumes/FLAIR.nii.gz	6275160
ucsf-pdgm/UCSF-PDGM-0121_nifti/volumes/SWI.nii.gz	6229342
ucsf-pdgm/UCSF-PDGM-0121_nifti/volumes/T1.nii.gz	6222595
ucsf-pdgm/UCSF-PDGM-0121_nifti/volumes/T1c.nii.gz	6271303
ucsf-pdgm/UCSF-PDGM-0121_nifti/volumes/T2.nii.gz	6212488
ucsf-pdgm/UCSF-PDGM-0121_nifti/volumes/brain_mask.nii.gz	316956
ucsf-pdgm/UCSF-PDGM-0121_nifti/volumes/tumor_seg.nii.gz	188668
ucsf-pdgm/UCSF-PDGM-0122_nifti/preprocessing_metadata.json	2584
ucsf-pdgm/UCSF-PDGM-0122_nifti/volumes/ASL.nii.gz	5536300
ucsf-pdgm/UCSF-PDGM-0122_nifti/volumes/DWI.nii.gz	5541446
ucsf-pdgm/UCSF-PDGM-0122_nifti/volumes/FLAIR.nii.gz	5562908
ucsf-pdgm/UCSF-PDGM-0122_nifti/volumes/SWI.nii.gz	5563160
ucsf-pdgm/UCSF-PDGM-0122_nifti/volumes/T1.nii.gz	5528297
ucsf-pdgm/UCSF-PDGM-0122_nifti/volumes/T1c.nii.gz	5559174
ucsf-pdgm/UCSF-PDGM-0122_nifti/volumes/T2.nii.gz	5514127
ucsf-pdgm/UCSF-PDGM-0122_nifti/volumes/brain_mask.nii.gz	296644
ucsf-pdgm/UCSF-PDGM-0122_nifti/volumes/tumor_seg.nii.gz	189651
ucsf-pdgm/UCSF-PDGM-0123_nifti/preprocessing_metadata.json	2583
ucsf-pdgm/UCSF-PDGM-0123_nifti/volumes/ASL.nii.gz	5806881
ucsf-pdgm/UCSF-PDGM-0123_nifti/volumes/DWI.nii.gz	5824912
ucsf-pdgm/UCSF-PDGM-0123_nifti/volumes/FLAIR.nii.gz	5824879
ucsf-pdgm/UCSF-PDGM-0123_nifti/volumes/SWI.nii.gz	5817913
ucsf-pdgm/UCSF-PDGM-0123_nifti/volumes/T1.nii.gz	5848218
ucsf-pdgm/UCSF-PDGM-0123_nifti/volumes/T1c.nii.gz	5850143
ucsf-pdgm/UCSF-PDGM-0123_nifti/volumes/T2.nii.gz	5803226
ucsf-pdgm/UCSF-PDGM-0123_nifti/volumes/brain_mask.nii.gz	298765
ucsf-pdgm/UCSF-PDGM-0123_nifti/volumes/tumor_seg.nii.gz	232082
ucsf-pdgm/UCSF-PDGM-0124_nifti/preprocessing_metadata.json	2575
ucsf-pdgm/UCSF-PDGM-0124_nifti/volumes/ASL.nii.gz	6599251
ucsf-pdgm/UCSF-PDGM-0124_nifti/volumes/DWI.nii.gz	6644053
ucsf-pdgm/UCSF-PDGM-0124_nifti/volumes/FLAIR.nii.gz	6617273
ucsf-pdgm/UCSF-PDGM-0124_nifti/volumes/SWI.nii.gz	6606846
ucsf-pdgm/UCSF-PDGM-0124_nifti/volumes/T1.nii.gz	6618011
ucsf-pdgm/UCSF-PDGM-0124_nifti/volumes/T1c.nii.gz	6645503
ucsf-pdgm/UCSF-PDGM-0124_nifti/volumes/T2.nii.gz	6641687
ucsf-pdgm/UCSF-PDGM-0124_nifti/volumes/brain_mask.nii.gz	322443
ucsf-pdgm/UCSF-PDGM-0124_nifti/volumes/tumor_seg.nii.gz	170608
ucsf-pdgm/UCSF-PDGM-0126_nifti/preprocessing_metadata.json	2573
ucsf-pdgm/UCSF-PDGM-0126_nifti/volumes/ASL.nii.gz	6602665
ucsf-pdgm/UCSF-PDGM-0126_nifti/volumes/DWI.nii.gz	6659930
ucsf-pdgm/UCSF-PDGM-0126_nifti/volumes/FLAIR.nii.gz	6635542
ucsf-pdgm/UCSF-PDGM-0126_nifti/volumes/SWI.nii.gz	6646554
ucsf-pdgm/UCSF-PDGM-0126_nifti/volumes/T1.nii.gz	6642957
ucsf-pdgm/UCSF-PDGM-0126_nifti/volumes/T1c.nii.gz	6655299
ucsf-pdgm/UCSF-PDGM-0126_nifti/volumes/T2.nii.gz	6628623
ucsf-pdgm/UCSF-PDGM-0126_nifti/volumes/brain_mask.nii.gz	312764
ucsf-pdgm/UCSF-PDGM-0126_nifti/volumes/tumor_seg.nii.gz	203988
ucsf-pdgm/UCSF-PDGM-0127_nifti/preprocessing_metadata.json	2585
ucsf-pdgm/UCSF-PDGM-0127_nifti/volumes/ASL.nii.gz	6089122
ucsf-pdgm/UCSF-PDGM-0127_nifti/volumes/DWI.nii.gz	6173701
ucsf-pdgm/UCSF-PDGM-0127_nifti/volumes/FLAIR.nii.gz	6184986
ucsf-pdgm/UCSF-PDGM-0127_nifti/volumes/SWI.nii.gz	6170482
ucsf-pdgm/UCSF-PDGM-0127_nifti/volumes/T1.nii.gz	6174278
ucsf-pdgm/UCSF-PDGM-0127_nifti/volumes/T1c.nii.gz	6180149
ucsf-pdgm/UCSF-PDGM-0127_nifti/volumes/T2.nii.gz	6143264
ucsf-pdgm/UCSF-PDGM-0127_nifti/volumes/brain_mask.nii.gz	309412
ucsf-pdgm/UCSF-PDGM-0127_nifti/volumes/tumor_seg.nii.gz	237338
ucsf-pdgm/UCSF-PDGM-0128_nifti/preprocessing_metadata.json	2575
ucsf-pdgm/UCSF-PDGM-0128_nifti/volumes/ASL.nii.gz	6331791
ucsf-pdgm/UCSF-PDGM-0128_nifti/volumes/DWI.nii.gz	6427944
ucsf-pdgm/UCSF-PDGM-0128_nifti/volumes/FLAIR.nii.gz	6457325
ucsf-pdgm/UCSF-PDGM-0128_nifti/volumes/SWI.nii.gz	6419770
ucsf-pdgm/UCSF-PDGM-0128_nifti/volumes/T1.nii.gz	6415639
ucsf-pdgm/UCSF-PDGM-0128_nifti/volumes/T1c.nii.gz	6437754
ucsf-pdgm/UCSF-PDGM-0128_nifti/volumes/T2.nii.gz	6380794
ucsf-pdgm/UCSF-PDGM-0128_nifti/volumes/brain_mask.nii.gz	316037
ucsf-pdgm/UCSF-PDGM-0128_nifti/volumes/tumor_seg.nii.gz	213717
ucsf-pdgm/UCSF-PDGM-0129_nifti/preprocessing_metadata.json	2561
ucsf-pdgm/UCSF-PDGM-0129_nifti/volumes/ASL.nii.gz	6260480
ucsf-pdgm/UCSF-PDGM-0129_nifti/volumes/DWI.nii.gz	6291738
ucsf-pdgm/UCSF-PDGM-0129_nifti/volumes/FLAIR.nii.gz	6300693
ucsf-pdgm/UCSF-PDGM-0129_nifti/volumes/SWI.nii.gz	6269070
ucsf-pdgm/UCSF-PDGM-0129_nifti/volumes/T1.nii.gz	6267851
ucsf-pdgm/UCSF-PDGM-0129_nifti/volumes/T1c.nii.gz	6308019
ucsf-pdgm/UCSF-PDGM-0129_nifti/volumes/T2.nii.gz	6262037
ucsf-pdgm/UCSF-PDGM-0129_nifti/volumes/brain_mask.nii.gz	314401
ucsf-pdgm/UCSF-PDGM-0129_nifti/volumes/tumor_seg.nii.gz	187839
ucsf-pdgm/UCSF-PDGM-0130_nifti/preprocessing_metadata.json	2562
ucsf-pdgm/UCSF-PDGM-0130_nifti/volumes/ASL.nii.gz	6178681
ucsf-pdgm/UCSF-PDGM-0130_nifti/volumes/DWI.nii.gz	6218760
ucsf-pdgm/UCSF-PDGM-0130_nifti/volumes/FLAIR.nii.gz	6216112
ucsf-pdgm/UCSF-PDGM-0130_nifti/volumes/SWI.nii.gz	6200474
ucsf-pdgm/UCSF-PDGM-0130_nifti/volumes/T1.nii.gz	6197693
ucsf-pdgm/UCSF-PDGM-0130_nifti/volumes/T1c.nii.gz	6217878
ucsf-pdgm/UCSF-PDGM-0130_nifti/volumes/T2.nii.gz	6164744
ucsf-pdgm/UCSF-PDGM-0130_nifti/volumes/brain_mask.nii.gz	315028
ucsf-pdgm/UCSF-PDGM-0130_nifti/volumes/tumor_seg.nii.gz	194756
ucsf-pdgm/UCSF-PDGM-0131_nifti/preprocessing_metadata.json	2571
ucsf-pdgm/UCSF-PDGM-0131_nifti/volumes/ASL.nii.gz	5896936
ucsf-pdgm/UCSF-PDGM-0131_nifti/volumes/DWI.nii.gz	6032714
ucsf-pdgm/UCSF-PDGM-0131_nifti/volumes/FLAIR.nii.gz	6058413
ucsf-pdgm/UCSF-PDGM-0131_nifti/volumes/SWI.nii.gz	6031751
ucsf-pdgm/UCSF-PDGM-0131_nifti/volumes/T1.nii.gz	6024188
ucsf-pdgm/UCSF-PDGM-0131_nifti/volumes/T1c.nii.gz	6062177
ucsf-pdgm/UCSF-PDGM-0131_nifti/volumes/T2.nii.gz	6001636
ucsf-pdgm/UCSF-PDGM-0131_nifti/volumes/brain_mask.nii.gz	313514
ucsf-pdgm/UCSF-PDGM-0131_nifti/volumes/tumor_seg.nii.gz	187404
ucsf-pdgm/UCSF-PDGM-0132_nifti/preprocessing_metadata.json	2569
ucsf-pdgm/UCSF-PDGM-0132_nifti/volumes/ASL.nii.gz	6282476
ucsf-pdgm/UCSF-PDGM-0132_nifti/volumes/DWI.nii.gz	6314928
ucsf-pdgm/UCSF-PDGM-0132_nifti/volumes/FLAIR.nii.gz	6306869
ucsf-pdgm/UCSF-PDGM-0132_nifti/volumes/SWI.nii.gz	6277283
ucsf-pdgm/UCSF-PDGM-0132_nifti/volumes/T1.nii.gz	6284618
ucsf-pdgm/UCSF-PDGM-0132_nifti/volumes/T1c.nii.gz	6312213
ucsf-pdgm/UCSF-PDGM-0132_nifti/volumes/T2.nii.gz	6299747
ucsf-pdgm/UCSF-PDGM-0132_nifti/volumes/brain_mask.nii.gz	318121
ucsf-pdgm/UCSF-PDGM-0132_nifti/volumes/tumor_seg.nii.gz	193842
ucsf-pdgm/UCSF-PDGM-0133_nifti/preprocessing_metadata.json	2551
ucsf-pdgm/UCSF-PDGM-0133_nifti/volumes/ASL.nii.gz	5709236
ucsf-pdgm/UCSF-PDGM-0133_nifti/volumes/DWI.nii.gz	5722767
ucsf-pdgm/UCSF-PDGM-0133_nifti/volumes/FLAIR.nii.gz	5747389
ucsf-pdgm/UCSF-PDGM-0133_nifti/volumes/SWI.nii.gz	5716690
ucsf-pdgm/UCSF-PDGM-0133_nifti/volumes/T1.nii.gz	5703760
ucsf-pdgm/UCSF-PDGM-0133_nifti/volumes/T1c.nii.gz	5741950
ucsf-pdgm/UCSF-PDGM-0133_nifti/volumes/T2.nii.gz	5690544
ucsf-pdgm/UCSF-PDGM-0133_nifti/volumes/brain_mask.nii.gz	296906
ucsf-pdgm/UCSF-PDGM-0133_nifti/volumes/tumor_seg.nii.gz	214530
ucsf-pdgm/UCSF-PDGM-0134_nifti/preprocessing_metadata.json	2563
ucsf-pdgm/UCSF-PDGM-0134_nifti/volumes/ASL.nii.gz	6105809
ucsf-pdgm/UCSF-PDGM-0134_nifti/volumes/DWI.nii.gz	6187901
ucsf-pdgm/UCSF-PDGM-0134_nifti/volumes/FLAIR.nii.gz	6197697
ucsf-pdgm/UCSF-PDGM-0134_nifti/volumes/SWI.nii.gz	6190312
ucsf-pdgm/UCSF-PDGM-0134_nifti/volumes/T1.nii.gz	6167907
ucsf-pdgm/UCSF-PDGM-0134_nifti/volumes/T1c.nii.gz	6192391
ucsf-pdgm/UCSF-PDGM-0134_nifti/volumes/T2.nii.gz	6137533
ucsf-pdgm/UCSF-PDGM-0134_nifti/volumes/brain_mask.nii.gz	316415
ucsf-pdgm/UCSF-PDGM-0134_nifti/volumes/tumor_seg.nii.gz	214823
ucsf-pdgm/UCSF-PDGM-0135_nifti/preprocessing_metadata.json	2571
ucsf-pdgm/UCSF-PDGM-0135_nifti/volumes/ASL.nii.gz	5751193
ucsf-pdgm/UCSF-PDGM-0135_nifti/volumes/DWI.nii.gz	5792752
ucsf-pdgm/UCSF-PDGM-0135_nifti/volumes/FLAIR.nii.gz	5798925
ucsf-pdgm/UCSF-PDGM-0135_nifti/volumes/SWI.nii.gz	5757383
ucsf-pdgm/UCSF-PDGM-0135_nifti/volumes/T1.nii.gz	5746074
ucsf-pdgm/UCSF-PDGM-0135_nifti/volumes/T1c.nii.gz	5774680
ucsf-pdgm/UCSF-PDGM-0135_nifti/volumes/T2.nii.gz	5767009
ucsf-pdgm/UCSF-PDGM-0135_nifti/volumes/brain_mask.nii.gz	294735
ucsf-pdgm/UCSF-PDGM-0135_nifti/volumes/tumor_seg.nii.gz	192042
ucsf-pdgm/UCSF-PDGM-0136_nifti/preprocessing_metadata.json	2563
ucsf-pdgm/UCSF-PDGM-0136_nifti/volumes/ASL.nii.gz	6202491
ucsf-pdgm/UCSF-PDGM-0136_nifti/volumes/DWI.nii.gz	6204482
ucsf-pdgm/UCSF-PDGM-0136_nifti/volumes/FLAIR.nii.gz	6244975
ucsf-pdgm/UCSF-PDGM-0136_nifti/volumes/SWI.nii.gz	6197314
ucsf-pdgm/UCSF-PDGM-0136_nifti/volumes/T1.nii.gz	6207186
ucsf-pdgm/UCSF-PDGM-0136_nifti/volumes/T1c.nii.gz	6236284
ucsf-pdgm/UCSF-PDGM-0136_nifti/volumes/T2.nii.gz	6174240
ucsf-pdgm/UCSF-PDGM-0136_nifti/volumes/brain_mask.nii.gz	320952
ucsf-pdgm/UCSF-PDGM-0136_nifti/volumes/tumor_seg.nii.gz	254752
ucsf-pdgm/UCSF-PDGM-0137_nifti/preprocessing_metadata.json	2577
ucsf-pdgm/UCSF-PDGM-0137_nifti/volumes/ASL.nii.gz	6331842
ucsf-pdgm/UCSF-PDGM-0137_nifti/volumes/DWI.nii.gz	6359018
ucsf-pdgm/UCSF-PDGM-0137_nifti/volumes/FLAIR.nii.gz	6359335
ucsf-pdgm/UCSF-PDGM-0137_nifti/volumes/SWI.nii.gz	6345524
ucsf-pdgm/UCSF-PDGM-0137_nifti/volumes/T1.nii.gz	6331832
ucsf-pdgm/UCSF-PDGM-0137_nifti/volumes/T1c.nii.gz	6381327
ucsf-pdgm/UCSF-PDGM-0137_nifti/volumes/T2.nii.gz	6324825
ucsf-pdgm/UCSF-PDGM-0137_nifti/volumes/brain_mask.nii.gz	321393
ucsf-pdgm/UCSF-PDGM-0137_nifti/volumes/tumor_seg.nii.gz	217470
ucsf-pdgm/UCSF-PDGM-0139_nifti/preprocessing_metadata.json	2575
ucsf-pdgm/UCSF-PDGM-0139_nifti/volumes/ASL.nii.gz	5918844
ucsf-pdgm/UCSF-PDGM-0139_nifti/volumes/DWI.nii.gz	5934551
ucsf-pdgm/UCSF-PDGM-0139_nifti/volumes/FLAIR.nii.gz	5973104
ucsf-pdgm/UCSF-PDGM-0139_nifti/volumes/SWI.nii.gz	5926648
ucsf-pdgm/UCSF-PDGM-0139_nifti/volumes/T1.nii.gz	5949020
ucsf-pdgm/UCSF-PDGM-0139_nifti/volumes/T1c.nii.gz	5986436
ucsf-pdgm/UCSF-PDGM-0139_nifti/volumes/T2.nii.gz	5944044
ucsf-pdgm/UCSF-PDGM-0139_nifti/volumes/brain_mask.nii.gz	308528
ucsf-pdgm/UCSF-PDGM-0139_nifti/volumes/tumor_seg.nii.gz	218251
ucsf-pdgm/UCSF-PDGM-0140_nifti/preprocessing_metadata.json	2580
ucsf-pdgm/UCSF-PDGM-0140_nifti/volumes/ASL.nii.gz	6181038
ucsf-pdgm/UCSF-PDGM-0140_nifti/volumes/DWI.nii.gz	6154339
ucsf-pdgm/UCSF-PDGM-0140_nifti/volumes/FLAIR.nii.gz	6210129
ucsf-pdgm/UCSF-PDGM-0140_nifti/volumes/SWI.nii.gz	6142874
ucsf-pdgm/UCSF-PDGM-0140_nifti/volumes/T1.nii.gz	6161421
ucsf-pdgm/UCSF-PDGM-0140_nifti/volumes/T1c.nii.gz	6205741
ucsf-pdgm/UCSF-PDGM-0140_nifti/volumes/T2.nii.gz	6159041
ucsf-pdgm/UCSF-PDGM-0140_nifti/volumes/brain_mask.nii.gz	321009
ucsf-pdgm/UCSF-PDGM-0140_nifti/volumes/tumor_seg.nii.gz	242822
ucsf-pdgm/UCSF-PDGM-0141_nifti/preprocessing_metadata.json	2561
ucsf-pdgm/UCSF-PDGM-0141_nifti/volumes/ASL.nii.gz	5988641
ucsf-pdgm/UCSF-PDGM-0141_nifti/volumes/DWI.nii.gz	6017062
ucsf-pdgm/UCSF-PDGM-0141_nifti/volumes/FLAIR.nii.gz	6034728
ucsf-pdgm/UCSF-PDGM-0141_nifti/volumes/SWI.nii.gz	6006121
ucsf-pdgm/UCSF-PDGM-0141_nifti/volumes/T1.nii.gz	6010319
ucsf-pdgm/UCSF-PDGM-0141_nifti/volumes/T1c.nii.gz	6044736
ucsf-pdgm/UCSF-PDGM-0141_nifti/volumes/T2.nii.gz	6021596
ucsf-pdgm/UCSF-PDGM-0141_nifti/volumes/brain_mask.nii.gz	314927
ucsf-pdgm/UCSF-PDGM-0141_nifti/volumes/tumor_seg.nii.gz	222612
ucsf-pdgm/UCSF-PDGM-0142_nifti/preprocessing_metadata.json	2566
ucsf-pdgm/UCSF-PDGM-0142_nifti/volumes/ASL.nii.gz	6288550
ucsf-pdgm/UCSF-PDGM-0142_nifti/volumes/DWI.nii.gz	6334868
ucsf-pdgm/UCSF-PDGM-0142_nifti/volumes/FLAIR.nii.gz	6341233
ucsf-pdgm/UCSF-PDGM-0142_nifti/volumes/SWI.nii.gz	6305272
ucsf-pdgm/UCSF-PDGM-0142_nifti/volumes/T1.nii.gz	6308127
ucsf-pdgm/UCSF-PDGM-0142_nifti/volumes/T1c.nii.gz	6339108
ucsf-pdgm/UCSF-PDGM-0142_nifti/volumes/T2.nii.gz	6300595
ucsf-pdgm/UCSF-PDGM-0142_nifti/volumes/brain_mask.nii.gz	316933
ucsf-pdgm/UCSF-PDGM-0142_nifti/volumes/tumor_seg.nii.gz	235000
ucsf-pdgm/UCSF-PDGM-0143_nifti/preprocessing_metadata.json	2568
ucsf-pdgm/UCSF-PDGM-0143_nifti/volumes/ASL.nii.gz	6249560
ucsf-pdgm/UCSF-PDGM-0143_nifti/volumes/DWI.nii.gz	6263064
ucsf-pdgm/UCSF-PDGM-0143_nifti/volumes/FLAIR.nii.gz	6324073
ucsf-pdgm/UCSF-PDGM-0143_nifti/volumes/SWI.nii.gz	6310244
ucsf-pdgm/UCSF-PDGM-0143_nifti/volumes/T1.nii.gz	6282992
ucsf-pdgm/UCSF-PDGM-0143_nifti/volumes/T1c.nii.gz	6317984
ucsf-pdgm/UCSF-PDGM-0143_nifti/volumes/T2.nii.gz	6256900
ucsf-pdgm/UCSF-PDGM-0143_nifti/volumes/brain_mask.nii.gz	317154
ucsf-pdgm/UCSF-PDGM-0143_nifti/volumes/tumor_seg.nii.gz	226087
ucsf-pdgm/UCSF-PDGM-0144_nifti/preprocessing_metadata.json	2580
ucsf-pdgm/UCSF-PDGM-0144_nifti/volumes/ASL.nii.gz	5836082
ucsf-pdgm/UCSF-PDGM-0144_nifti/volumes/DWI.nii.gz	5850074
ucsf-pdgm/UCSF-PDGM-0144_nifti/volumes/FLAIR.nii.gz	5855643
ucsf-pdgm/UCSF-PDGM-0144_nifti/volumes/SWI.nii.gz	5832838
ucsf-pdgm/UCSF-PDGM-0144_nifti/volumes/T1.nii.gz	5830099
ucsf-pdgm/UCSF-PDGM-0144_nifti/volumes/T1c.nii.gz	5859323
ucsf-pdgm/UCSF-PDGM-0144_nifti/volumes/T2.nii.gz	5857312
ucsf-pdgm/UCSF-PDGM-0144_nifti/volumes/brain_mask.nii.gz	310523
ucsf-pdgm/UCSF-PDGM-0144_nifti/volumes/tumor_seg.nii.gz	239163
ucsf-pdgm/UCSF-PDGM-0145_nifti/preprocessing_metadata.json	2579
ucsf-pdgm/UCSF-PDGM-0145_nifti/volumes/ASL.nii.gz	6462689
ucsf-pdgm/UCSF-PDGM-0145_nifti/volumes/DWI.nii.gz	6511727
ucsf-pdgm/UCSF-PDGM-0145_nifti/volumes/FLAIR.nii.gz	6500580
ucsf-pdgm/UCSF-PDGM-0145_nifti/volumes/SWI.nii.gz	6464759
ucsf-pdgm/UCSF-PDGM-0145_nifti/volumes/T1.nii.gz	6482876
ucsf-pdgm/UCSF-PDGM-0145_nifti/volumes/T1c.nii.gz	6506584
ucsf-pdgm/UCSF-PDGM-0145_nifti/volumes/T2.nii.gz	6473737
ucsf-pdgm/UCSF-PDGM-0145_nifti/volumes/brain_mask.nii.gz	299621
ucsf-pdgm/UCSF-PDGM-0145_nifti/volumes/tumor_seg.nii.gz	208756
ucsf-pdgm/UCSF-PDGM-0146_nifti/preprocessing_metadata.json	2587
ucsf-pdgm/UCSF-PDGM-0146_nifti/volumes/ASL.nii.gz	5930665
ucsf-pdgm/UCSF-PDGM-0146_nifti/volumes/DWI.nii.gz	5958666
ucsf-pdgm/UCSF-PDGM-0146_nifti/volumes/FLAIR.nii.gz	5979831
ucsf-pdgm/UCSF-PDGM-0146_nifti/volumes/SWI.nii.gz	5958351
ucsf-pdgm/UCSF-PDGM-0146_nifti/volumes/T1.nii.gz	5949129
ucsf-pdgm/UCSF-PDGM-0146_nifti/volumes/T1c.nii.gz	5986160
ucsf-pdgm/UCSF-PDGM-0146_nifti/volumes/T2.nii.gz	5946922
ucsf-pdgm/UCSF-PDGM-0146_nifti/volumes/brain_mask.nii.gz	296565
ucsf-pdgm/UCSF-PDGM-0146_nifti/volumes/tumor_seg.nii.gz	201563
ucsf-pdgm/UCSF-PDGM-0147_nifti/preprocessing_metadata.json	2568
ucsf-pdgm/UCSF-PDGM-0147_nifti/volumes/ASL.nii.gz	5857358
ucsf-pdgm/UCSF-PDGM-0147_nifti/volumes/DWI.nii.gz	5900852
ucsf-pdgm/UCSF-PDGM-0147_nifti/volumes/FLAIR.nii.gz	5904793
ucsf-pdgm/UCSF-PDGM-0147_nifti/volumes/SWI.nii.gz	5879425
ucsf-pdgm/UCSF-PDGM-0147_nifti/volumes/T1.nii.gz	5895554
ucsf-pdgm/UCSF-PDGM-0147_nifti/volumes/T1c.nii.gz	5927376
ucsf-pdgm/UCSF-PDGM-0147_nifti/volumes/T2.nii.gz	5864516
ucsf-pdgm/UCSF-PDGM-0147_nifti/volumes/brain_mask.nii.gz	307766
ucsf-pdgm/UCSF-PDGM-0147_nifti/volumes/tumor_seg.nii.gz	228804
ucsf-pdgm/UCSF-PDGM-0148_nifti/preprocessing_metadata.json	2576
ucsf-pdgm/UCSF-PDGM-0148_nifti/volumes/ASL.nii.gz	5192782
ucsf-pdgm/UCSF-PDGM-0148_nifti/volumes/DWI.nii.gz	5180278
ucsf-pdgm/UCSF-PDGM-0148_nifti/volumes/FLAIR.nii.gz	5226302
ucsf-pdgm/UCSF-PDGM-0148_nifti/volumes/SWI.nii.gz	5222346
ucsf-pdgm/UCSF-PDGM-0148_nifti/volumes/T1.nii.gz	5197045
ucsf-pdgm/UCSF-PDGM-0148_nifti/volumes/T1c.nii.gz	5236291
ucsf-pdgm/UCSF-PDGM-0148_nifti/volumes/T2.nii.gz	5185835
ucsf-pdgm/UCSF-PDGM-0148_nifti/volumes/brain_mask.nii.gz	282693
ucsf-pdgm/UCSF-PDGM-0148_nifti/volumes/tumor_seg.nii.gz	170614
ucsf-pdgm/UCSF-PDGM-0149_nifti/preprocessing_metadata.json	2579
ucsf-pdgm/UCSF-PDGM-0149_nifti/volumes/ASL.nii.gz	6657492
ucsf-pdgm/UCSF-PDGM-0149_nifti/volumes/DWI.nii.gz	6678989
ucsf-pdgm/UCSF-PDGM-0149_nifti/volumes/FLAIR.nii.gz	6704983
ucsf-pdgm/UCSF-PDGM-0149_nifti/volumes/SWI.nii.gz	6639711
ucsf-pdgm/UCSF-PDGM-0149_nifti/volumes/T1.nii.gz	6666189
ucsf-pdgm/UCSF-PDGM-0149_nifti/volumes/T1c.nii.gz	6694339
ucsf-pdgm/UCSF-PDGM-0149_nifti/volumes/T2.nii.gz	6635792
ucsf-pdgm/UCSF-PDGM-0149_nifti/volumes/brain_mask.nii.gz	330801
ucsf-pdgm/UCSF-PDGM-0149_nifti/volumes/tumor_seg.nii.gz	179429
ucsf-pdgm/UCSF-PDGM-0150_nifti/preprocessing_metadata.json	2582
ucsf-pdgm/UCSF-PDGM-0150_nifti/volumes/ASL.nii.gz	6190884
ucsf-pdgm/UCSF-PDGM-0150_nifti/volumes/DWI.nii.gz	6206798
ucsf-pdgm/UCSF-PDGM-0150_nifti/volumes/FLAIR.nii.gz	6226109
ucsf-pdgm/UCSF-PDGM-0150_nifti/volumes/SWI.nii.gz	6187170
ucsf-pdgm/UCSF-PDGM-0150_nifti/volumes/T1.nii.gz	6182473
ucsf-pdgm/UCSF-PDGM-0150_nifti/volumes/T1c.nii.gz	6221644
ucsf-pdgm/UCSF-PDGM-0150_nifti/volumes/T2.nii.gz	6184938
ucsf-pdgm/UCSF-PDGM-0150_nifti/volumes/brain_mask.nii.gz	312726
ucsf-pdgm/UCSF-PDGM-0150_nifti/volumes/tumor_seg.nii.gz	210069
ucsf-pdgm/UCSF-PDGM-0151_nifti/preprocessing_metadata.json	2575
ucsf-pdgm/UCSF-PDGM-0151_nifti/volumes/ASL.nii.gz	5295909
ucsf-pdgm/UCSF-PDGM-0151_nifti/volumes/DWI.nii.gz	5334403
ucsf-pdgm/UCSF-PDGM-0151_nifti/volumes/FLAIR.nii.gz	5335685
ucsf-pdgm/UCSF-PDGM-0151_nifti/volumes/SWI.nii.gz	5345104
ucsf-pdgm/UCSF-PDGM-0151_nifti/volumes/T1.nii.gz	5310382
ucsf-pdgm/UCSF-PDGM-0151_nifti/volumes/T1c.nii.gz	5334650
ucsf-pdgm/UCSF-PDGM-0151_nifti/volumes/T2.nii.gz	5300080
ucsf-pdgm/UCSF-PDGM-0151_nifti/volumes/brain_mask.nii.gz	287512
ucsf-pdgm/UCSF-PDGM-0151_nifti/volumes/tumor_seg.nii.gz	220988
ucsf-pdgm/UCSF-PDGM-0152_nifti/preprocessing_metadata.json	2576
ucsf-pdgm/UCSF-PDGM-0152_nifti/volumes/ASL.nii.gz	5378610
ucsf-pdgm/UCSF-PDGM-0152_nifti/volumes/DWI.nii.gz	5407835
ucsf-pdgm/UCSF-PDGM-0152_nifti/volumes/FLAIR.nii.gz	5415052
ucsf-pdgm/UCSF-PDGM-0152_nifti/volumes/SWI.nii.gz	5427104
ucsf-pdgm/UCSF-PDGM-0152_nifti/volumes/T1.nii.gz	5396886
ucsf-pdgm/UCSF-PDGM-0152_nifti/volumes/T1c.nii.gz	5418065
ucsf-pdgm/UCSF-PDGM-0152_nifti/volumes/T2.nii.gz	5394946
ucsf-pdgm/UCSF-PDGM-0152_nifti/volumes/brain_mask.nii.gz	286575
ucsf-pdgm/UCSF-PDGM-0152_nifti/volumes/tumor_seg.nii.gz	177967
ucsf-pdgm/UCSF-PDGM-0153_nifti/preprocessing_metadata.json	2574
ucsf-pdgm/UCSF-PDGM-0153_nifti/volumes/ASL.nii.gz	5388023
ucsf-pdgm/UCSF-PDGM-0153_nifti/volumes/DWI.nii.gz	5392303
ucsf-pdgm/UCSF-PDGM-0153_nifti/volumes/FLAIR.nii.gz	5428435
ucsf-pdgm/UCSF-PDGM-0153_nifti/volumes/SWI.nii.gz	5389847
ucsf-pdgm/UCSF-PDGM-0153_nifti/volumes/T1.nii.gz	5387553
ucsf-pdgm/UCSF-PDGM-0153_nifti/volumes/T1c.nii.gz	5425662
ucsf-pdgm/UCSF-PDGM-0153_nifti/volumes/T2.nii.gz	5374929
ucsf-pdgm/UCSF-PDGM-0153_nifti/volumes/brain_mask.nii.gz	301407
ucsf-pdgm/UCSF-PDGM-0153_nifti/volumes/tumor_seg.nii.gz	198017
ucsf-pdgm/UCSF-PDGM-0154_nifti/preprocessing_metadata.json	2580
ucsf-pdgm/UCSF-PDGM-0154_nifti/volumes/ASL.nii.gz	5275382
ucsf-pdgm/UCSF-PDGM-0154_nifti/volumes/DWI.nii.gz	5325492
ucsf-pdgm/UCSF-PDGM-0154_nifti/volumes/FLAIR.nii.gz	5333020
ucsf-pdgm/UCSF-PDGM-0154_nifti/volumes/SWI.nii.gz	5346911
ucsf-pdgm/UCSF-PDGM-0154_nifti/volumes/T1.nii.gz	5317741
ucsf-pdgm/UCSF-PDGM-0154_nifti/volumes/T1c.nii.gz	5337684
ucsf-pdgm/UCSF-PDGM-0154_nifti/volumes/T2.nii.gz	5326121
ucsf-pdgm/UCSF-PDGM-0154_nifti/volumes/brain_mask.nii.gz	296732
ucsf-pdgm/UCSF-PDGM-0154_nifti/volumes/tumor_seg.nii.gz	179714
ucsf-pdgm/UCSF-PDGM-0155_nifti/preprocessing_metadata.json	2568
ucsf-pdgm/UCSF-PDGM-0155_nifti/volumes/ASL.nii.gz	5461351
ucsf-pdgm/UCSF-PDGM-0155_nifti/volumes/DWI.nii.gz	5496942
ucsf-pdgm/UCSF-PDGM-0155_nifti/volumes/FLAIR.nii.gz	5541799
ucsf-pdgm/UCSF-PDGM-0155_nifti/volumes/SWI.nii.gz	5534200
ucsf-pdgm/UCSF-PDGM-0155_nifti/volumes/T1.nii.gz	5502216
ucsf-pdgm/UCSF-PDGM-0155_nifti/volumes/T1c.nii.gz	5534343
ucsf-pdgm/UCSF-PDGM-0155_nifti/volumes/T2.nii.gz	5492542
ucsf-pdgm/UCSF-PDGM-0155_nifti/volumes/brain_mask.nii.gz	292677
ucsf-pdgm/UCSF-PDGM-0155_nifti/volumes/tumor_seg.nii.gz	204786
ucsf-pdgm/UCSF-PDGM-0156_nifti/preprocessing_metadata.json	2560
ucsf-pdgm/UCSF-PDGM-0156_nifti/volumes/ASL.nii.gz	6058616
ucsf-pdgm/UCSF-PDGM-0156_nifti/volumes/DWI.nii.gz	6120026
ucsf-pdgm/UCSF-PDGM-0156_nifti/volumes/FLAIR.nii.gz	6112408
ucsf-pdgm/UCSF-PDGM-0156_nifti/volumes/SWI.nii.gz	6109743
ucsf-pdgm/UCSF-PDGM-0156_nifti/volumes/T1.nii.gz	6087873
ucsf-pdgm/UCSF-PDGM-0156_nifti/volumes/T1c.nii.gz	6112914
ucsf-pdgm/UCSF-PDGM-0156_nifti/volumes/T2.nii.gz	6101131
ucsf-pdgm/UCSF-PDGM-0156_nifti/volumes/brain_mask.nii.gz	304587
ucsf-pdgm/UCSF-PDGM-0156_nifti/volumes/tumor_seg.nii.gz	194788
ucsf-pdgm/UCSF-PDGM-0157_nifti/preprocessing_metadata.json	2579
ucsf-pdgm/UCSF-PDGM-0157_nifti/volumes/ASL.nii.gz	5585622
ucsf-pdgm/UCSF-PDGM-0157_nifti/volumes/DWI.nii.gz	5670178
ucsf-pdgm/UCSF-PDGM-0157_nifti/volumes/FLAIR.nii.gz	5660547
ucsf-pdgm/UCSF-PDGM-0157_nifti/volumes/SWI.nii.gz	5670344
ucsf-pdgm/UCSF-PDGM-0157_nifti/volumes/T1.nii.gz	5643429
ucsf-pdgm/UCSF-PDGM-0157_nifti/volumes/T1c.nii.gz	5667020
ucsf-pdgm/UCSF-PDGM-0157_nifti/volumes/T2.nii.gz	5646857
ucsf-pdgm/UCSF-PDGM-0157_nifti/volumes/brain_mask.nii.gz	288771
ucsf-pdgm/UCSF-PDGM-0157_nifti/volumes/tumor_seg.nii.gz	196771
ucsf-pdgm/UCSF-PDGM-0158_nifti/preprocessing_metadata.json	2586
ucsf-pdgm/UCSF-PDGM-0158_nifti/volumes/ASL.nii.gz	5192017
ucsf-pdgm/UCSF-PDGM-0158_nifti/volumes/DWI.nii.gz	5205912
ucsf-pdgm/UCSF-PDGM-0158_nifti/volumes/FLAIR.nii.gz	5258388
ucsf-pdgm/UCSF-PDGM-0158_nifti/volumes/SWI.nii.gz	5259833
ucsf-pdgm/UCSF-PDGM-0158_nifti/volumes/T1.nii.gz	5222219
ucsf-pdgm/UCSF-PDGM-0158_nifti/volumes/T1c.nii.gz	5261819
ucsf-pdgm/UCSF-PDGM-0158_nifti/volumes/T2.nii.gz	5239823
ucsf-pdgm/UCSF-PDGM-0158_nifti/volumes/brain_mask.nii.gz	285620
ucsf-pdgm/UCSF-PDGM-0158_nifti/volumes/tumor_seg.nii.gz	234267
ucsf-pdgm/UCSF-PDGM-0159_nifti/preprocessing_metadata.json	2584
ucsf-pdgm/UCSF-PDGM-0159_nifti/volumes/ASL.nii.gz	6432248
ucsf-pdgm/UCSF-PDGM-0159_nifti/volumes/DWI.nii.gz	6458517
ucsf-pdgm/UCSF-PDGM-0159_nifti/volumes/FLAIR.nii.gz	6475209
ucsf-pdgm/UCSF-PDGM-0159_nifti/volumes/SWI.nii.gz	6442466
ucsf-pdgm/UCSF-PDGM-0159_nifti/volumes/T1.nii.gz	6430712
ucsf-pdgm/UCSF-PDGM-0159_nifti/volumes/T1c.nii.gz	6478918
ucsf-pdgm/UCSF-PDGM-0159_nifti/volumes/T2.nii.gz	6432009
ucsf-pdgm/UCSF-PDGM-0159_nifti/volumes/brain_mask.nii.gz	317433
ucsf-pdgm/UCSF-PDGM-0159_nifti/volumes/tumor_seg.nii.gz	239994
ucsf-pdgm/UCSF-PDGM-0160_nifti/preprocessing_metadata.json	2570
ucsf-pdgm/UCSF-PDGM-0160_nifti/volumes/ASL.nii.gz	4840002
ucsf-pdgm/UCSF-PDGM-0160_nifti/volumes/DWI.nii.gz	4847426
ucsf-pdgm/UCSF-PDGM-0160_nifti/volumes/FLAIR.nii.gz	4865804
ucsf-pdgm/UCSF-PDGM-0160_nifti/volumes/SWI.nii.gz	4846256
ucsf-pdgm/UCSF-PDGM-0160_nifti/volumes/T1.nii.gz	4842297
ucsf-pdgm/UCSF-PDGM-0160_nifti/volumes/T1c.nii.gz	4864270
ucsf-pdgm/UCSF-PDGM-0160_nifti/volumes/T2.nii.gz	4834170
ucsf-pdgm/UCSF-PDGM-0160_nifti/volumes/brain_mask.nii.gz	276373
ucsf-pdgm/UCSF-PDGM-0160_nifti/volumes/tumor_seg.nii.gz	178731
ucsf-pdgm/UCSF-PDGM-0161_nifti/preprocessing_metadata.json	2577
ucsf-pdgm/UCSF-PDGM-0161_nifti/volumes/ASL.nii.gz	6211792
ucsf-pdgm/UCSF-PDGM-0161_nifti/volumes/DWI.nii.gz	6375450
ucsf-pdgm/UCSF-PDGM-0161_nifti/volumes/FLAIR.nii.gz	6394614
ucsf-pdgm/UCSF-PDGM-0161_nifti/volumes/SWI.nii.gz	6391905
ucsf-pdgm/UCSF-PDGM-0161_nifti/volumes/T1.nii.gz	6374529
ucsf-pdgm/UCSF-PDGM-0161_nifti/volumes/T1c.nii.gz	6375653
ucsf-pdgm/UCSF-PDGM-0161_nifti/volumes/T2.nii.gz	6412682
ucsf-pdgm/UCSF-PDGM-0161_nifti/volumes/brain_mask.nii.gz	315917
ucsf-pdgm/UCSF-PDGM-0161_nifti/volumes/tumor_seg.nii.gz	224979
ucsf-pdgm/UCSF-PDGM-0162_nifti/preprocessing_metadata.json	2569
ucsf-pdgm/UCSF-PDGM-0162_nifti/volumes/ASL.nii.gz	6052215
ucsf-pdgm/UCSF-PDGM-0162_nifti/volumes/DWI.nii.gz	6063475
ucsf-pdgm/UCSF-PDGM-0162_nifti/volumes/FLAIR.nii.gz	6047352
ucsf-pdgm/UCSF-PDGM-0162_nifti/volumes/SWI.nii.gz	6038822
ucsf-pdgm/UCSF-PDGM-0162_nifti/volumes/T1.nii.gz	6046929
ucsf-pdgm/UCSF-PDGM-0162_nifti/volumes/T1c.nii.gz	6072497
ucsf-pdgm/UCSF-PDGM-0162_nifti/volumes/T2.nii.gz	6053940
ucsf-pdgm/UCSF-PDGM-0162_nifti/volumes/brain_mask.nii.gz	308268
ucsf-pdgm/UCSF-PDGM-0162_nifti/volumes/tumor_seg.nii.gz	208483
ucsf-pdgm/UCSF-PDGM-0163_nifti/preprocessing_metadata.json	2579
ucsf-pdgm/UCSF-PDGM-0163_nifti/volumes/ASL.nii.gz	5702855
ucsf-pdgm/UCSF-PDGM-0163_nifti/volumes/DWI.nii.gz	5726545
ucsf-pdgm/UCSF-PDGM-0163_nifti/volumes/FLAIR.nii.gz	5767180
ucsf-pdgm/UCSF-PDGM-0163_nifti/volumes/SWI.nii.gz	5766648
ucsf-pdgm/UCSF-PDGM-0163_nifti/volumes/T1.nii.gz	5741365
ucsf-pdgm/UCSF-PDGM-0163_nifti/volumes/T1c.nii.gz	5767385
ucsf-pdgm/UCSF-PDGM-0163_nifti/volumes/T2.nii.gz	5741998
ucsf-pdgm/UCSF-PDGM-0163_nifti/volumes/brain_mask.nii.gz	304016
ucsf-pdgm/UCSF-PDGM-0163_nifti/volumes/tumor_seg.nii.gz	199355
ucsf-pdgm/UCSF-PDGM-0164_nifti/preprocessing_metadata.json	2581
ucsf-pdgm/UCSF-PDGM-0164_nifti/volumes/ASL.nii.gz	5982225
ucsf-pdgm/UCSF-PDGM-0164_nifti/volumes/DWI.nii.gz	6123669
ucsf-pdgm/UCSF-PDGM-0164_nifti/volumes/FLAIR.nii.gz	6150007
ucsf-pdgm/UCSF-PDGM-0164_nifti/volumes/SWI.nii.gz	6152211
ucsf-pdgm/UCSF-PDGM-0164_nifti/volumes/T1.nii.gz	6116927
ucsf-pdgm/UCSF-PDGM-0164_nifti/volumes/T1c.nii.gz	6154394
ucsf-pdgm/UCSF-PDGM-0164_nifti/volumes/T2.nii.gz	6115021
ucsf-pdgm/UCSF-PDGM-0164_nifti/volumes/brain_mask.nii.gz	314939
ucsf-pdgm/UCSF-PDGM-0164_nifti/volumes/tumor_seg.nii.gz	192818
ucsf-pdgm/UCSF-PDGM-0165_nifti/preprocessing_metadata.json	2560
ucsf-pdgm/UCSF-PDGM-0165_nifti/volumes/ASL.nii.gz	5882125
ucsf-pdgm/UCSF-PDGM-0165_nifti/volumes/DWI.nii.gz	5890747
ucsf-pdgm/UCSF-PDGM-0165_nifti/volumes/FLAIR.nii.gz	5942942
ucsf-pdgm/UCSF-PDGM-0165_nifti/volumes/SWI.nii.gz	5951481
ucsf-pdgm/UCSF-PDGM-0165_nifti/volumes/T1.nii.gz	5896972
ucsf-pdgm/UCSF-PDGM-0165_nifti/volumes/T1c.nii.gz	5937722
ucsf-pdgm/UCSF-PDGM-0165_nifti/volumes/T2.nii.gz	5897519
ucsf-pdgm/UCSF-PDGM-0165_nifti/volumes/brain_mask.nii.gz	312612
ucsf-pdgm/UCSF-PDGM-0165_nifti/volumes/tumor_seg.nii.gz	190542
ucsf-pdgm/UCSF-PDGM-0166_nifti/preprocessing_metadata.json	2584
ucsf-pdgm/UCSF-PDGM-0166_nifti/volumes/ASL.nii.gz	6166327
ucsf-pdgm/UCSF-PDGM-0166_nifti/volumes/DWI.nii.gz	6210223
ucsf-pdgm/UCSF-PDGM-0166_nifti/volumes/FLAIR.nii.gz	6229257
ucsf-pdgm/UCSF-PDGM-0166_nifti/volumes/SWI.nii.gz	6208476
ucsf-pdgm/UCSF-PDGM-0166_nifti/volumes/T1.nii.gz	6191693
ucsf-pdgm/UCSF-PDGM-0166_nifti/volumes/T1c.nii.gz	6237629
ucsf-pdgm/UCSF-PDGM-0166_nifti/volumes/T2.nii.gz	6254886
ucsf-pdgm/UCSF-PDGM-0166_nifti/volumes/brain_mask.nii.gz	310931
ucsf-pdgm/UCSF-PDGM-0166_nifti/volumes/tumor_seg.nii.gz	211566
ucsf-pdgm/UCSF-PDGM-0167_nifti/preprocessing_metadata.json	2584
ucsf-pdgm/UCSF-PDGM-0167_nifti/volumes/ASL.nii.gz	5855884
ucsf-pdgm/UCSF-PDGM-0167_nifti/volumes/DWI.nii.gz	6176058
ucsf-pdgm/UCSF-PDGM-0167_nifti/volumes/FLAIR.nii.gz	6189755
ucsf-pdgm/UCSF-PDGM-0167_nifti/volumes/SWI.nii.gz	6215177
ucsf-pdgm/UCSF-PDGM-0167_nifti/volumes/T1.nii.gz	6164719
ucsf-pdgm/UCSF-PDGM-0167_nifti/volumes/T1c.nii.gz	6200945
ucsf-pdgm/UCSF-PDGM-0167_nifti/volumes/T2.nii.gz	6195479
ucsf-pdgm/UCSF-PDGM-0167_nifti/volumes/brain_mask.nii.gz	312420
ucsf-pdgm/UCSF-PDGM-0167_nifti/volumes/tumor_seg.nii.gz	212791
ucsf-pdgm/UCSF-PDGM-0168_nifti/preprocessing_metadata.json	2569
ucsf-pdgm/UCSF-PDGM-0168_nifti/volumes/ASL.nii.gz	5992009
ucsf-pdgm/UCSF-PDGM-0168_nifti/volumes/DWI.nii.gz	6084547
ucsf-pdgm/UCSF-PDGM-0168_nifti/volumes/FLAIR.nii.gz	6090568
ucsf-pdgm/UCSF-PDGM-0168_nifti/volumes/SWI.nii.gz	6075485
ucsf-pdgm/UCSF-PDGM-0168_nifti/volumes/T1.nii.gz	6091656
ucsf-pdgm/UCSF-PDGM-0168_nifti/volumes/T1c.nii.gz	6120930
ucsf-pdgm/UCSF-PDGM-0168_nifti/volumes/T2.nii.gz	6079624
ucsf-pdgm/UCSF-PDGM-0168_nifti/volumes/brain_mask.nii.gz	318969
ucsf-pdgm/UCSF-PDGM-0168_nifti/volumes/tumor_seg.nii.gz	210929
ucsf-pdgm/UCSF-PDGM-0169_nifti/preprocessing_metadata.json	2575
ucsf-pdgm/UCSF-PDGM-0169_nifti/volumes/ASL.nii.gz	6297287
ucsf-pdgm/UCSF-PDGM-0169_nifti/volumes/DWI.nii.gz	6315624
ucsf-pdgm/UCSF-PDGM-0169_nifti/volumes/FLAIR.nii.gz	6362921
ucsf-pdgm/UCSF-PDGM-0169_nifti/volumes/SWI.nii.gz	6381552
ucsf-pdgm/UCSF-PDGM-0169_nifti/volumes/T1.nii.gz	6314806
ucsf-pdgm/UCSF-PDGM-0169_nifti/volumes/T1c.nii.gz	6349378
ucsf-pdgm/UCSF-PDGM-0169_nifti/volumes/T2.nii.gz	6296437
ucsf-pdgm/UCSF-PDGM-0169_nifti/volumes/brain_mask.nii.gz	317239
ucsf-pdgm/UCSF-PDGM-0169_nifti/volumes/tumor_seg.nii.gz	212214
ucsf-pdgm/UCSF-PDGM-0170_nifti/preprocessing_metadata.json	2566
ucsf-pdgm/UCSF-PDGM-0170_nifti/volumes/ASL.nii.gz	6416231
ucsf-pdgm/UCSF-PDGM-0170_nifti/volumes/DWI.nii.gz	6462537
ucsf-pdgm/UCSF-PDGM-0170_nifti/volumes/FLAIR.nii.gz	6466732
ucsf-pdgm/UCSF-PDGM-0170_nifti/volumes/SWI.nii.gz	6474282
ucsf-pdgm/UCSF-PDGM-0170_nifti/volumes/T1.nii.gz	6425502
ucsf-pdgm/UCSF-PDGM-0170_nifti/volumes/T1c.nii.gz	6441010
ucsf-pdgm/UCSF-PDGM-0170_nifti/volumes/T2.nii.gz	6471797
ucsf-pdgm/UCSF-PDGM-0170_nifti/volumes/brain_mask.nii.gz	318310
ucsf-pdgm/UCSF-PDGM-0170_nifti/volumes/tumor_seg.nii.gz	217459
ucsf-pdgm/UCSF-PDGM-0172_nifti/preprocessing_metadata.json	2581
ucsf-pdgm/UCSF-PDGM-0172_nifti/volumes/ASL.nii.gz	6446384
ucsf-pdgm/UCSF-PDGM-0172_nifti/volumes/DWI.nii.gz	6468188
ucsf-pdgm/UCSF-PDGM-0172_nifti/volumes/FLAIR.nii.gz	6491676
ucsf-pdgm/UCSF-PDGM-0172_nifti/volumes/SWI.nii.gz	6445290
ucsf-pdgm/UCSF-PDGM-0172_nifti/volumes/T1.nii.gz	6458735
ucsf-pdgm/UCSF-PDGM-0172_nifti/volumes/T1c.nii.gz	6497543
ucsf-pdgm/UCSF-PDGM-0172_nifti/volumes/T2.nii.gz	6441909
ucsf-pdgm/UCSF-PDGM-0172_nifti/volumes/brain_mask.nii.gz	316740
ucsf-pdgm/UCSF-PDGM-0172_nifti/volumes/tumor_seg.nii.gz	240462
ucsf-pdgm/UCSF-PDGM-0173_nifti/preprocessing_metadata.json	2561
ucsf-pdgm/UCSF-PDGM-0173_nifti/volumes/ASL.nii.gz	6065261
ucsf-pdgm/UCSF-PDGM-0173_nifti/volumes/DWI.nii.gz	6101088
ucsf-pdgm/UCSF-PDGM-0173_nifti/volumes/FLAIR.nii.gz	6154837
ucsf-pdgm/UCSF-PDGM-0173_nifti/volumes/SWI.nii.gz	6161448
ucsf-pdgm/UCSF-PDGM-0173_nifti/volumes/T1.nii.gz	6092742
ucsf-pdgm/UCSF-PDGM-0173_nifti/volumes/T1c.nii.gz	6133272
ucsf-pdgm/UCSF-PDGM-0173_nifti/volumes/T2.nii.gz	6100228
ucsf-pdgm/UCSF-PDGM-0173_nifti/volumes/brain_mask.nii.gz	323809
ucsf-pdgm/UCSF-PDGM-0173_nifti/volumes/tumor_seg.nii.gz	220233
ucsf-pdgm/UCSF-PDGM-0174_nifti/preprocessing_metadata.json	2584
ucsf-pdgm/UCSF-PDGM-0174_nifti/volumes/ASL.nii.gz	7330572
ucsf-pdgm/UCSF-PDGM-0174_nifti/volumes/DWI.nii.gz	7398232
ucsf-pdgm/UCSF-PDGM-0174_nifti/volumes/FLAIR.nii.gz	7366862
ucsf-pdgm/UCSF-PDGM-0174_nifti/volumes/SWI.nii.gz	7391302
ucsf-pdgm/UCSF-PDGM-0174_nifti/volumes/T1.nii.gz	7370016
ucsf-pdgm/UCSF-PDGM-0174_nifti/volumes/T1c.nii.gz	7384872
ucsf-pdgm/UCSF-PDGM-0174_nifti/volumes/T2.nii.gz	7387097
ucsf-pdgm/UCSF-PDGM-0174_nifti/volumes/brain_mask.nii.gz	338341
ucsf-pdgm/UCSF-PDGM-0174_nifti/volumes/tumor_seg.nii.gz	253230
ucsf-pdgm/UCSF-PDGM-0176_nifti/preprocessing_metadata.json	2575
ucsf-pdgm/UCSF-PDGM-0176_nifti/volumes/ASL.nii.gz	6234253
ucsf-pdgm/UCSF-PDGM-0176_nifti/volumes/DWI.nii.gz	6235407
ucsf-pdgm/UCSF-PDGM-0176_nifti/volumes/FLAIR.nii.gz	6266649
ucsf-pdgm/UCSF-PDGM-0176_nifti/volumes/SWI.nii.gz	6233917
ucsf-pdgm/UCSF-PDGM-0176_nifti/volumes/T1.nii.gz	6239427
ucsf-pdgm/UCSF-PDGM-0176_nifti/volumes/T1c.nii.gz	6269417
ucsf-pdgm/UCSF-PDGM-0176_nifti/volumes/T2.nii.gz	6232535
ucsf-pdgm/UCSF-PDGM-0176_nifti/volumes/brain_mask.nii.gz	311670
ucsf-pdgm/UCSF-PDGM-0176_nifti/volumes/tumor_seg.nii.gz	190175
ucsf-pdgm/UCSF-PDGM-0178_nifti/preprocessing_metadata.json	2580
ucsf-pdgm/UCSF-PDGM-0178_nifti/volumes/ASL.nii.gz	5391800
ucsf-pdgm/UCSF-PDGM-0178_nifti/volumes/DWI.nii.gz	5414488
ucsf-pdgm/UCSF-PDGM-0178_nifti/volumes/FLAIR.nii.gz	5447338
ucsf-pdgm/UCSF-PDGM-0178_nifti/volumes/SWI.nii.gz	5409165
ucsf-pdgm/UCSF-PDGM-0178_nifti/volumes/T1.nii.gz	5419028
ucsf-pdgm/UCSF-PDGM-0178_nifti/volumes/T1c.nii.gz	5441993
ucsf-pdgm/UCSF-PDGM-0178_nifti/volumes/T2.nii.gz	5397437
ucsf-pdgm/UCSF-PDGM-0178_nifti/volumes/brain_mask.nii.gz	296829
ucsf-pdgm/UCSF-PDGM-0178_nifti/volumes/tumor_seg.nii.gz	235551
ucsf-pdgm/UCSF-PDGM-0179_nifti/preprocessing_metadata.json	2575
ucsf-pdgm/UCSF-PDGM-0179_nifti/volumes/ASL.nii.gz	6290412
ucsf-pdgm/UCSF-PDGM-0179_nifti/volumes/DWI.nii.gz	6459238
ucsf-pdgm/UCSF-PDGM-0179_nifti/volumes/FLAIR.nii.gz	6505880
ucsf-pdgm/UCSF-PDGM-0179_nifti/volumes/SWI.nii.gz	6523658
ucsf-pdgm/UCSF-PDGM-0179_nifti/volumes/T1.nii.gz	6469614
ucsf-pdgm/UCSF-PDGM-0179_nifti/volumes/T1c.nii.gz	6505282
ucsf-pdgm/UCSF-PDGM-0179_nifti/volumes/T2.nii.gz	6459165
ucsf-pdgm/UCSF-PDGM-0179_nifti/volumes/brain_mask.nii.gz	332419
ucsf-pdgm/UCSF-PDGM-0179_nifti/volumes/tumor_seg.nii.gz	215624
ucsf-pdgm/UCSF-PDGM-0180_nifti/preprocessing_metadata.json	2564
ucsf-pdgm/UCSF-PDGM-0180_nifti/volumes/ASL.nii.gz	5599861
ucsf-pdgm/UCSF-PDGM-0180_nifti/volumes/DWI.nii.gz	5581984
ucsf-pdgm/UCSF-PDGM-0180_nifti/volumes/FLAIR.nii.gz	5629808
ucsf-pdgm/UCSF-PDGM-0180_nifti/volumes/SWI.nii.gz	5605273
ucsf-pdgm/UCSF-PDGM-0180_nifti/volumes/T1.nii.gz	5605997
ucsf-pdgm/UCSF-PDGM-0180_nifti/volumes/T1c.nii.gz	5637989
ucsf-pdgm/UCSF-PDGM-0180_nifti/volumes/T2.nii.gz	5593413
ucsf-pdgm/UCSF-PDGM-0180_nifti/volumes/brain_mask.nii.gz	294525
ucsf-pdgm/UCSF-PDGM-0180_nifti/volumes/tumor_seg.nii.gz	191385
ucsf-pdgm/UCSF-PDGM-0182_nifti/preprocessing_metadata.json	2578
ucsf-pdgm/UCSF-PDGM-0182_nifti/volumes/ASL.nii.gz	6095890
ucsf-pdgm/UCSF-PDGM-0182_nifti/volumes/DWI.nii.gz	6106581
ucsf-pdgm/UCSF-PDGM-0182_nifti/volumes/FLAIR.nii.gz	6136353
ucsf-pdgm/UCSF-PDGM-0182_nifti/volumes/SWI.nii.gz	6110338
ucsf-pdgm/UCSF-PDGM-0182_nifti/volumes/T1.nii.gz	6106331
ucsf-pdgm/UCSF-PDGM-0182_nifti/volumes/T1c.nii.gz	6134973
ucsf-pdgm/UCSF-PDGM-0182_nifti/volumes/T2.nii.gz	6082019
ucsf-pdgm/UCSF-PDGM-0182_nifti/volumes/brain_mask.nii.gz	307603
ucsf-pdgm/UCSF-PDGM-0182_nifti/volumes/tumor_seg.nii.gz	200129
ucsf-pdgm/UCSF-PDGM-0183_nifti/preprocessing_metadata.json	2574
ucsf-pdgm/UCSF-PDGM-0183_nifti/volumes/ASL.nii.gz	5126101
ucsf-pdgm/UCSF-PDGM-0183_nifti/volumes/DWI.nii.gz	5235075
ucsf-pdgm/UCSF-PDGM-0183_nifti/volumes/FLAIR.nii.gz	5295301
ucsf-pdgm/UCSF-PDGM-0183_nifti/volumes/SWI.nii.gz	5288950
ucsf-pdgm/UCSF-PDGM-0183_nifti/volumes/T1.nii.gz	5270031
ucsf-pdgm/UCSF-PDGM-0183_nifti/volumes/T1c.nii.gz	5306197
ucsf-pdgm/UCSF-PDGM-0183_nifti/volumes/T2.nii.gz	5243110
ucsf-pdgm/UCSF-PDGM-0183_nifti/volumes/brain_mask.nii.gz	284858
ucsf-pdgm/UCSF-PDGM-0183_nifti/volumes/tumor_seg.nii.gz	193237
ucsf-pdgm/UCSF-PDGM-0184_nifti/preprocessing_metadata.json	2564
ucsf-pdgm/UCSF-PDGM-0184_nifti/volumes/ASL.nii.gz	5515983
ucsf-pdgm/UCSF-PDGM-0184_nifti/volumes/DWI.nii.gz	5520504
ucsf-pdgm/UCSF-PDGM-0184_nifti/volumes/FLAIR.nii.gz	5549175
ucsf-pdgm/UCSF-PDGM-0184_nifti/volumes/SWI.nii.gz	5552861
ucsf-pdgm/UCSF-PDGM-0184_nifti/volumes/T1.nii.gz	5515510
ucsf-pdgm/UCSF-PDGM-0184_nifti/volumes/T1c.nii.gz	5545198
ucsf-pdgm/UCSF-PDGM-0184_nifti/volumes/T2.nii.gz	5519970
ucsf-pdgm/UCSF-PDGM-0184_nifti/volumes/brain_mask.nii.gz	300679
ucsf-pdgm/UCSF-PDGM-0184_nifti/volumes/tumor_seg.nii.gz	182877
ucsf-pdgm/UCSF-PDGM-0185_nifti/preprocessing_metadata.json	2571
ucsf-pdgm/UCSF-PDGM-0185_nifti/volumes/ASL.nii.gz	6837468
ucsf-pdgm/UCSF-PDGM-0185_nifti/volumes/DWI.nii.gz	7065816
ucsf-pdgm/UCSF-PDGM-0185_nifti/volumes/FLAIR.nii.gz	7047753
ucsf-pdgm/UCSF-PDGM-0185_nifti/volumes/SWI.nii.gz	7069891
ucsf-pdgm/UCSF-PDGM-0185_nifti/volumes/T1.nii.gz	7033654
ucsf-pdgm/UCSF-PDGM-0185_nifti/volumes/T1c.nii.gz	7062493
ucsf-pdgm/UCSF-PDGM-0185_nifti/volumes/T2.nii.gz	7062591
ucsf-pdgm/UCSF-PDGM-0185_nifti/volumes/brain_mask.nii.gz	332951
ucsf-pdgm/UCSF-PDGM-0185_nifti/volumes/tumor_seg.nii.gz	243563
ucsf-pdgm/UCSF-PDGM-0186_nifti/preprocessing_metadata.json	2560
ucsf-pdgm/UCSF-PDGM-0186_nifti/volumes/ASL.nii.gz	6371433
ucsf-pdgm/UCSF-PDGM-0186_nifti/volumes/DWI.nii.gz	6631371
ucsf-pdgm/UCSF-PDGM-0186_nifti/volumes/FLAIR.nii.gz	6649540
ucsf-pdgm/UCSF-PDGM-0186_nifti/volumes/SWI.nii.gz	6630230
ucsf-pdgm/UCSF-PDGM-0186_nifti/volumes/T1.nii.gz	6635670
ucsf-pdgm/UCSF-PDGM-0186_nifti/volumes/T1c.nii.gz	6663889
ucsf-pdgm/UCSF-PDGM-0186_nifti/volumes/T2.nii.gz	6632403
ucsf-pdgm/UCSF-PDGM-0186_nifti/volumes/brain_mask.nii.gz	326931
ucsf-pdgm/UCSF-PDGM-0186_nifti/volumes/tumor_seg.nii.gz	249914
ucsf-pdgm/UCSF-PDGM-0187_nifti/preprocessing_metadata.json	2580
ucsf-pdgm/UCSF-PDGM-0187_nifti/volumes/ASL.nii.gz	5475476
ucsf-pdgm/UCSF-PDGM-0187_nifti/volumes/DWI.nii.gz	5560496
ucsf-pdgm/UCSF-PDGM-0187_nifti/volumes/FLAIR.nii.gz	5563162
ucsf-pdgm/UCSF-PDGM-0187_nifti/volumes/SWI.nii.gz	5562506
ucsf-pdgm/UCSF-PDGM-0187_nifti/volumes/T1.nii.gz	5557122
ucsf-pdgm/UCSF-PDGM-0187_nifti/volumes/T1c.nii.gz	5580921
ucsf-pdgm/UCSF-PDGM-0187_nifti/volumes/T2.nii.gz	5585139
ucsf-pdgm/UCSF-PDGM-0187_nifti/volumes/brain_mask.nii.gz	301208
ucsf-pdgm/UCSF-PDGM-0187_nifti/volumes/tumor_seg.nii.gz	209378
ucsf-pdgm/UCSF-PDGM-0188_nifti/preprocessing_metadata.json	2580
ucsf-pdgm/UCSF-PDGM-0188_nifti/volumes/ASL.nii.gz	6533109
ucsf-pdgm/UCSF-PDGM-0188_nifti/volumes/DWI.nii.gz	6502051
ucsf-pdgm/UCSF-PDGM-0188_nifti/volumes/FLAIR.nii.gz	6567265
ucsf-pdgm/UCSF-PDGM-0188_nifti/volumes/SWI.nii.gz	6530419
ucsf-pdgm/UCSF-PDGM-0188_nifti/volumes/T1.nii.gz	6537051
ucsf-pdgm/UCSF-PDGM-0188_nifti/volumes/T1c.nii.gz	6580498
ucsf-pdgm/UCSF-PDGM-0188_nifti/volumes/T2.nii.gz	6565772
ucsf-pdgm/UCSF-PDGM-0188_nifti/volumes/brain_mask.nii.gz	320499
ucsf-pdgm/UCSF-PDGM-0188_nifti/volumes/tumor_seg.nii.gz	238198
ucsf-pdgm/UCSF-PDGM-0189_nifti/preprocessing_metadata.json	2579
ucsf-pdgm/UCSF-PDGM-0189_nifti/volumes/ASL.nii.gz	5408253
ucsf-pdgm/UCSF-PDGM-0189_nifti/volumes/DWI.nii.gz	5415909
ucsf-pdgm/UCSF-PDGM-0189_nifti/volumes/FLAIR.nii.gz	5453789
ucsf-pdgm/UCSF-PDGM-0189_nifti/volumes/SWI.nii.gz	5405096
ucsf-pdgm/UCSF-PDGM-0189_nifti/volumes/T1.nii.gz	5427170
ucsf-pdgm/UCSF-PDGM-0189_nifti/volumes/T1c.nii.gz	5456093
ucsf-pdgm/UCSF-PDGM-0189_nifti/volumes/T2.nii.gz	5414847
ucsf-pdgm/UCSF-PDGM-0189_nifti/volumes/brain_mask.nii.gz	296443
ucsf-pdgm/UCSF-PDGM-0189_nifti/volumes/tumor_seg.nii.gz	176567
ucsf-pdgm/UCSF-PDGM-0190_nifti/preprocessing_metadata.json	2563
ucsf-pdgm/UCSF-PDGM-0190_nifti/volumes/ASL.nii.gz	5301831
ucsf-pdgm/UCSF-PDGM-0190_nifti/volumes/DWI.nii.gz	5334041
ucsf-pdgm/UCSF-PDGM-0190_nifti/volumes/FLAIR.nii.gz	5323987
ucsf-pdgm/UCSF-PDGM-0190_nifti/volumes/SWI.nii.gz	5307023
ucsf-pdgm/UCSF-PDGM-0190_nifti/volumes/T1.nii.gz	5320966
ucsf-pdgm/UCSF-PDGM-0190_nifti/volumes/T1c.nii.gz	5336219
ucsf-pdgm/UCSF-PDGM-0190_nifti/volumes/T2.nii.gz	5343602
ucsf-pdgm/UCSF-PDGM-0190_nifti/volumes/brain_mask.nii.gz	289284
ucsf-pdgm/UCSF-PDGM-0190_nifti/volumes/tumor_seg.nii.gz	175763
ucsf-pdgm/UCSF-PDGM-0191_nifti/preprocessing_metadata.json	2576
ucsf-pdgm/UCSF-PDGM-0191_nifti/volumes/ASL.nii.gz	5664108
ucsf-pdgm/UCSF-PDGM-0191_nifti/volumes/DWI.nii.gz	5790037
ucsf-pdgm/UCSF-PDGM-0191_nifti/volumes/FLAIR.nii.gz	5798179
ucsf-pdgm/UCSF-PDGM-0191_nifti/volumes/SWI.nii.gz	5815780
ucsf-pdgm/UCSF-PDGM-0191_nifti/volumes/T1.nii.gz	5789244
ucsf-pdgm/UCSF-PDGM-0191_nifti/volumes/T1c.nii.gz	5801881
ucsf-pdgm/UCSF-PDGM-0191_nifti/volumes/T2.nii.gz	5794557
ucsf-pdgm/UCSF-PDGM-0191_nifti/volumes/brain_mask.nii.gz	303640
ucsf-pdgm/UCSF-PDGM-0191_nifti/volumes/tumor_seg.nii.gz	202927
ucsf-pdgm/UCSF-PDGM-0193_nifti/preprocessing_metadata.json	2556
ucsf-pdgm/UCSF-PDGM-0193_nifti/volumes/ASL.nii.gz	5953547
ucsf-pdgm/UCSF-PDGM-0193_nifti/volumes/DWI.nii.gz	5972071
ucsf-pdgm/UCSF-PDGM-0193_nifti/volumes/FLAIR.nii.gz	5988205
ucsf-pdgm/UCSF-PDGM-0193_nifti/volumes/SWI.nii.gz	5984379
ucsf-pdgm/UCSF-PDGM-0193_nifti/volumes/T1.nii.gz	5969200
ucsf-pdgm/UCSF-PDGM-0193_nifti/volumes/T1c.nii.gz	5996039
ucsf-pdgm/UCSF-PDGM-0193_nifti/volumes/T2.nii.gz	5967483
ucsf-pdgm/UCSF-PDGM-0193_nifti/volumes/brain_mask.nii.gz	302656
ucsf-pdgm/UCSF-PDGM-0193_nifti/volumes/tumor_seg.nii.gz	186625
ucsf-pdgm/UCSF-PDGM-0194_nifti/preprocessing_metadata.json	2571
ucsf-pdgm/UCSF-PDGM-0194_nifti/volumes/ASL.nii.gz	5162601
ucsf-pdgm/UCSF-PDGM-0194_nifti/volumes/DWI.nii.gz	5168807
ucsf-pdgm/UCSF-PDGM-0194_nifti/volumes/FLAIR.nii.gz	5206347
ucsf-pdgm/UCSF-PDGM-0194_nifti/volumes/SWI.nii.gz	5216927
ucsf-pdgm/UCSF-PDGM-0194_nifti/volumes/T1.nii.gz	5179919
ucsf-pdgm/UCSF-PDGM-0194_nifti/volumes/T1c.nii.gz	5201808
ucsf-pdgm/UCSF-PDGM-0194_nifti/volumes/T2.nii.gz	5184082
ucsf-pdgm/UCSF-PDGM-0194_nifti/volumes/brain_mask.nii.gz	288425
ucsf-pdgm/UCSF-PDGM-0194_nifti/volumes/tumor_seg.nii.gz	168915
ucsf-pdgm/UCSF-PDGM-0195_nifti/preprocessing_metadata.json	2578
ucsf-pdgm/UCSF-PDGM-0195_nifti/volumes/ASL.nii.gz	5424279
ucsf-pdgm/UCSF-PDGM-0195_nifti/volumes/DWI.nii.gz	5862865
ucsf-pdgm/UCSF-PDGM-0195_nifti/volumes/FLAIR.nii.gz	5903625
ucsf-pdgm/UCSF-PDGM-0195_nifti/volumes/SWI.nii.gz	5906895
ucsf-pdgm/UCSF-PDGM-0195_nifti/volumes/T1.nii.gz	5856326
ucsf-pdgm/UCSF-PDGM-0195_nifti/volumes/T1c.nii.gz	5897257
ucsf-pdgm/UCSF-PDGM-0195_nifti/volumes/T2.nii.gz	5854301
ucsf-pdgm/UCSF-PDGM-0195_nifti/volumes/brain_mask.nii.gz	311089
ucsf-pdgm/UCSF-PDGM-0195_nifti/volumes/tumor_seg.nii.gz	220932
ucsf-pdgm/UCSF-PDGM-0196_nifti/preprocessing_metadata.json	2574
ucsf-pdgm/UCSF-PDGM-0196_nifti/volumes/ASL.nii.gz	5853689
ucsf-pdgm/UCSF-PDGM-0196_nifti/volumes/DWI.nii.gz	5900724
ucsf-pdgm/UCSF-PDGM-0196_nifti/volumes/FLAIR.nii.gz	5963445
ucsf-pdgm/UCSF-PDGM-0196_nifti/volumes/SWI.nii.gz	5963648
ucsf-pdgm/UCSF-PDGM-0196_nifti/volumes/T1.nii.gz	5924097
ucsf-pdgm/UCSF-PDGM-0196_nifti/volumes/T1c.nii.gz	5963179
ucsf-pdgm/UCSF-PDGM-0196_nifti/volumes/T2.nii.gz	5929303
ucsf-pdgm/UCSF-PDGM-0196_nifti/volumes/brain_mask.nii.gz	315628
ucsf-pdgm/UCSF-PDGM-0196_nifti/volumes/tumor_seg.nii.gz	189071
ucsf-pdgm/UCSF-PDGM-0197_nifti/preprocessing_metadata.json	2560
ucsf-pdgm/UCSF-PDGM-0197_nifti/volumes/ASL.nii.gz	6359372
ucsf-pdgm/UCSF-PDGM-0197_nifti/volumes/DWI.nii.gz	6428081
ucsf-pdgm/UCSF-PDGM-0197_nifti/volumes/FLAIR.nii.gz	6456847
ucsf-pdgm/UCSF-PDGM-0197_nifti/volumes/SWI.nii.gz	6437623
ucsf-pdgm/UCSF-PDGM-0197_nifti/volumes/T1.nii.gz	6433564
ucsf-pdgm/UCSF-PDGM-0197_nifti/volumes/T1c.nii.gz	6456713
ucsf-pdgm/UCSF-PDGM-0197_nifti/volumes/T2.nii.gz	6441282
ucsf-pdgm/UCSF-PDGM-0197_nifti/volumes/brain_mask.nii.gz	326450
ucsf-pdgm/UCSF-PDGM-0197_nifti/volumes/tumor_seg.nii.gz	224832
ucsf-pdgm/UCSF-PDGM-0198_nifti/preprocessing_metadata.json	2555
ucsf-pdgm/UCSF-PDGM-0198_nifti/volumes/ASL.nii.gz	5240314
ucsf-pdgm/UCSF-PDGM-0198_nifti/volumes/DWI.nii.gz	5500609
ucsf-pdgm/UCSF-PDGM-0198_nifti/volumes/FLAIR.nii.gz	5549609
ucsf-pdgm/UCSF-PDGM-0198_nifti/volumes/SWI.nii.gz	5554404
ucsf-pdgm/UCSF-PDGM-0198_nifti/volumes/T1.nii.gz	5518813
ucsf-pdgm/UCSF-PDGM-0198_nifti/volumes/T1c.nii.gz	5555715
ucsf-pdgm/UCSF-PDGM-0198_nifti/volumes/T2.nii.gz	5517163
ucsf-pdgm/UCSF-PDGM-0198_nifti/volumes/brain_mask.nii.gz	297148
ucsf-pdgm/UCSF-PDGM-0198_nifti/volumes/tumor_seg.nii.gz	210285
ucsf-pdgm/UCSF-PDGM-0200_nifti/preprocessing_metadata.json	2572
ucsf-pdgm/UCSF-PDGM-0200_nifti/volumes/ASL.nii.gz	5676364
ucsf-pdgm/UCSF-PDGM-0200_nifti/volumes/DWI.nii.gz	5710362
ucsf-pdgm/UCSF-PDGM-0200_nifti/volumes/FLAIR.nii.gz	5715441
ucsf-pdgm/UCSF-PDGM-0200_nifti/volumes/SWI.nii.gz	5725707
ucsf-pdgm/UCSF-PDGM-0200_nifti/volumes/T1.nii.gz	5687253
ucsf-pdgm/UCSF-PDGM-0200_nifti/volumes/T1c.nii.gz	5724091
ucsf-pdgm/UCSF-PDGM-0200_nifti/volumes/T2.nii.gz	5703315
ucsf-pdgm/UCSF-PDGM-0200_nifti/volumes/brain_mask.nii.gz	308792
ucsf-pdgm/UCSF-PDGM-0200_nifti/volumes/tumor_seg.nii.gz	189742
ucsf-pdgm/UCSF-PDGM-0201_nifti/preprocessing_metadata.json	2582
ucsf-pdgm/UCSF-PDGM-0201_nifti/volumes/ASL.nii.gz	6628434
ucsf-pdgm/UCSF-PDGM-0201_nifti/volumes/DWI.nii.gz	7084061
ucsf-pdgm/UCSF-PDGM-0201_nifti/volumes/FLAIR.nii.gz	7126857
ucsf-pdgm/UCSF-PDGM-0201_nifti/volumes/SWI.nii.gz	7129900
ucsf-pdgm/UCSF-PDGM-0201_nifti/volumes/T1.nii.gz	7125201
ucsf-pdgm/UCSF-PDGM-0201_nifti/volumes/T1c.nii.gz	7146146
ucsf-pdgm/UCSF-PDGM-0201_nifti/volumes/T2.nii.gz	7145817
ucsf-pdgm/UCSF-PDGM-0201_nifti/volumes/brain_mask.nii.gz	330684
ucsf-pdgm/UCSF-PDGM-0201_nifti/volumes/tumor_seg.nii.gz	249586
ucsf-pdgm/UCSF-PDGM-0202_nifti/preprocessing_metadata.json	2564
ucsf-pdgm/UCSF-PDGM-0202_nifti/volumes/ASL.nii.gz	5918852
ucsf-pdgm/UCSF-PDGM-0202_nifti/volumes/DWI.nii.gz	6105530
ucsf-pdgm/UCSF-PDGM-0202_nifti/volumes/FLAIR.nii.gz	6123908
ucsf-pdgm/UCSF-PDGM-0202_nifti/volumes/SWI.nii.gz	6068551
ucsf-pdgm/UCSF-PDGM-0202_nifti/volumes/T1.nii.gz	6099944
ucsf-pdgm/UCSF-PDGM-0202_nifti/volumes/T1c.nii.gz	6127983
ucsf-pdgm/UCSF-PDGM-0202_nifti/volumes/T2.nii.gz	6113038
ucsf-pdgm/UCSF-PDGM-0202_nifti/volumes/brain_mask.nii.gz	302817
ucsf-pdgm/UCSF-PDGM-0202_nifti/volumes/tumor_seg.nii.gz	189208
ucsf-pdgm/UCSF-PDGM-0203_nifti/preprocessing_metadata.json	2565
ucsf-pdgm/UCSF-PDGM-0203_nifti/volumes/ASL.nii.gz	5846157
ucsf-pdgm/UCSF-PDGM-0203_nifti/volumes/DWI.nii.gz	5848835
ucsf-pdgm/UCSF-PDGM-0203_nifti/volumes/FLAIR.nii.gz	5857707
ucsf-pdgm/UCSF-PDGM-0203_nifti/volumes/SWI.nii.gz	5884601
ucsf-pdgm/UCSF-PDGM-0203_nifti/volumes/T1.nii.gz	5831674
ucsf-pdgm/UCSF-PDGM-0203_nifti/volumes/T1c.nii.gz	5862616
ucsf-pdgm/UCSF-PDGM-0203_nifti/volumes/T2.nii.gz	5785877
ucsf-pdgm/UCSF-PDGM-0203_nifti/volumes/brain_mask.nii.gz	317426
ucsf-pdgm/UCSF-PDGM-0203_nifti/volumes/tumor_seg.nii.gz	173039
ucsf-pdgm/UCSF-PDGM-0204_nifti/preprocessing_metadata.json	2574
ucsf-pdgm/UCSF-PDGM-0204_nifti/volumes/ASL.nii.gz	4839440
ucsf-pdgm/UCSF-PDGM-0204_nifti/volumes/DWI.nii.gz	5046901
ucsf-pdgm/UCSF-PDGM-0204_nifti/volumes/FLAIR.nii.gz	5079421
ucsf-pdgm/UCSF-PDGM-0204_nifti/volumes/SWI.nii.gz	5057546
ucsf-pdgm/UCSF-PDGM-0204_nifti/volumes/T1.nii.gz	5040589
ucsf-pdgm/UCSF-PDGM-0204_nifti/volumes/T1c.nii.gz	5071645
ucsf-pdgm/UCSF-PDGM-0204_nifti/volumes/T2.nii.gz	5022988
ucsf-pdgm/UCSF-PDGM-0204_nifti/volumes/brain_mask.nii.gz	283988
ucsf-pdgm/UCSF-PDGM-0204_nifti/volumes/tumor_seg.nii.gz	178125
ucsf-pdgm/UCSF-PDGM-0205_nifti/preprocessing_metadata.json	2572
ucsf-pdgm/UCSF-PDGM-0205_nifti/volumes/ASL.nii.gz	5282177
ucsf-pdgm/UCSF-PDGM-0205_nifti/volumes/DWI.nii.gz	5281932
ucsf-pdgm/UCSF-PDGM-0205_nifti/volumes/FLAIR.nii.gz	5300603
ucsf-pdgm/UCSF-PDGM-0205_nifti/volumes/SWI.nii.gz	5289860
ucsf-pdgm/UCSF-PDGM-0205_nifti/volumes/T1.nii.gz	5289631
ucsf-pdgm/UCSF-PDGM-0205_nifti/volumes/T1c.nii.gz	5319189
ucsf-pdgm/UCSF-PDGM-0205_nifti/volumes/T2.nii.gz	5275694
ucsf-pdgm/UCSF-PDGM-0205_nifti/volumes/brain_mask.nii.gz	279651
ucsf-pdgm/UCSF-PDGM-0205_nifti/volumes/tumor_seg.nii.gz	192251
ucsf-pdgm/UCSF-PDGM-0206_nifti/preprocessing_metadata.json	2573
ucsf-pdgm/UCSF-PDGM-0206_nifti/volumes/ASL.nii.gz	6423002
ucsf-pdgm/UCSF-PDGM-0206_nifti/volumes/DWI.nii.gz	6471762
ucsf-pdgm/UCSF-PDGM-0206_nifti/volumes/FLAIR.nii.gz	6468015
ucsf-pdgm/UCSF-PDGM-0206_nifti/volumes/SWI.nii.gz	6451547
ucsf-pdgm/UCSF-PDGM-0206_nifti/volumes/T1.nii.gz	6442079
ucsf-pdgm/UCSF-PDGM-0206_nifti/volumes/T1c.nii.gz	6479920
ucsf-pdgm/UCSF-PDGM-0206_nifti/volumes/T2.nii.gz	6470239
ucsf-pdgm/UCSF-PDGM-0206_nifti/volumes/brain_mask.nii.gz	313413
ucsf-pdgm/UCSF-PDGM-0206_nifti/volumes/tumor_seg.nii.gz	196139
ucsf-pdgm/UCSF-PDGM-0207_nifti/preprocessing_metadata.json	2579
ucsf-pdgm/UCSF-PDGM-0207_nifti/volumes/ASL.nii.gz	5185448
ucsf-pdgm/UCSF-PDGM-0207_nifti/volumes/DWI.nii.gz	5257408
ucsf-pdgm/UCSF-PDGM-0207_nifti/volumes/FLAIR.nii.gz	5244187
ucsf-pdgm/UCSF-PDGM-0207_nifti/volumes/SWI.nii.gz	5189987
ucsf-pdgm/UCSF-PDGM-0207_nifti/volumes/T1.nii.gz	5239511
ucsf-pdgm/UCSF-PDGM-0207_nifti/volumes/T1c.nii.gz	5261468
ucsf-pdgm/UCSF-PDGM-0207_nifti/volumes/T2.nii.gz	5254841
ucsf-pdgm/UCSF-PDGM-0207_nifti/volumes/brain_mask.nii.gz	280897
ucsf-pdgm/UCSF-PDGM-0207_nifti/volumes/tumor_seg.nii.gz	207821
ucsf-pdgm/UCSF-PDGM-0208_nifti/preprocessing_metadata.json	2578
ucsf-pdgm/UCSF-PDGM-0208_nifti/volumes/ASL.nii.gz	6390024
ucsf-pdgm/UCSF-PDGM-0208_nifti/volumes/DWI.nii.gz	6397535
ucsf-pdgm/UCSF-PDGM-0208_nifti/volumes/FLAIR.nii.gz	6481106
ucsf-pdgm/UCSF-PDGM-0208_nifti/volumes/SWI.nii.gz	6468134
ucsf-pdgm/UCSF-PDGM-0208_nifti/volumes/T1.nii.gz	6450236
ucsf-pdgm/UCSF-PDGM-0208_nifti/volumes/T1c.nii.gz	6486677
ucsf-pdgm/UCSF-PDGM-0208_nifti/volumes/T2.nii.gz	6448868
ucsf-pdgm/UCSF-PDGM-0208_nifti/volumes/brain_mask.nii.gz	317051
ucsf-pdgm/UCSF-PDGM-0208_nifti/volumes/tumor_seg.nii.gz	236293
ucsf-pdgm/UCSF-PDGM-0209_nifti/preprocessing_metadata.json	2574
ucsf-pdgm/UCSF-PDGM-0209_nifti/volumes/ASL.nii.gz	5699214
ucsf-pdgm/UCSF-PDGM-0209_nifti/volumes/DWI.nii.gz	5701311
ucsf-pdgm/UCSF-PDGM-0209_nifti/volumes/FLAIR.nii.gz	5733066
ucsf-pdgm/UCSF-PDGM-0209_nifti/volumes/SWI.nii.gz	5728693
ucsf-pdgm/UCSF-PDGM-0209_nifti/volumes/T1.nii.gz	5713559
ucsf-pdgm/UCSF-PDGM-0209_nifti/volumes/T1c.nii.gz	5735020
ucsf-pdgm/UCSF-PDGM-0209_nifti/volumes/T2.nii.gz	5732837
ucsf-pdgm/UCSF-PDGM-0209_nifti/volumes/brain_mask.nii.gz	296218
ucsf-pdgm/UCSF-PDGM-0209_nifti/volumes/tumor_seg.nii.gz	209912
ucsf-pdgm/UCSF-PDGM-0210_nifti/preprocessing_metadata.json	2559
ucsf-pdgm/UCSF-PDGM-0210_nifti/volumes/ASL.nii.gz	5341722
ucsf-pdgm/UCSF-PDGM-0210_nifti/volumes/DWI.nii.gz	5356364
ucsf-pdgm/UCSF-PDGM-0210_nifti/volumes/FLAIR.nii.gz	5390143
ucsf-pdgm/UCSF-PDGM-0210_nifti/volumes/SWI.nii.gz	5366686
ucsf-pdgm/UCSF-PDGM-0210_nifti/volumes/T1.nii.gz	5365881
ucsf-pdgm/UCSF-PDGM-0210_nifti/volumes/T1c.nii.gz	5383081
ucsf-pdgm/UCSF-PDGM-0210_nifti/volumes/T2.nii.gz	5340373
ucsf-pdgm/UCSF-PDGM-0210_nifti/volumes/brain_mask.nii.gz	288439
ucsf-pdgm/UCSF-PDGM-0210_nifti/volumes/tumor_seg.nii.gz	191758
ucsf-pdgm/UCSF-PDGM-0212_nifti/preprocessing_metadata.json	2566
ucsf-pdgm/UCSF-PDGM-0212_nifti/volumes/ASL.nii.gz	5469583
ucsf-pdgm/UCSF-PDGM-0212_nifti/volumes/DWI.nii.gz	5663174
ucsf-pdgm/UCSF-PDGM-0212_nifti/volumes/FLAIR.nii.gz	5713764
ucsf-pdgm/UCSF-PDGM-0212_nifti/volumes/SWI.nii.gz	5623425
ucsf-pdgm/UCSF-PDGM-0212_nifti/volumes/T1.nii.gz	5673660
ucsf-pdgm/UCSF-PDGM-0212_nifti/volumes/T1c.nii.gz	5719321
ucsf-pdgm/UCSF-PDGM-0212_nifti/volumes/T2.nii.gz	5641810
ucsf-pdgm/UCSF-PDGM-0212_nifti/volumes/brain_mask.nii.gz	312808
ucsf-pdgm/UCSF-PDGM-0212_nifti/volumes/tumor_seg.nii.gz	193474
ucsf-pdgm/UCSF-PDGM-0213_nifti/preprocessing_metadata.json	2581
ucsf-pdgm/UCSF-PDGM-0213_nifti/volumes/ASL.nii.gz	5934155
ucsf-pdgm/UCSF-PDGM-0213_nifti/volumes/DWI.nii.gz	5925435
ucsf-pdgm/UCSF-PDGM-0213_nifti/volumes/FLAIR.nii.gz	5992495
ucsf-pdgm/UCSF-PDGM-0213_nifti/volumes/SWI.nii.gz	5944738
ucsf-pdgm/UCSF-PDGM-0213_nifti/volumes/T1.nii.gz	5962087
ucsf-pdgm/UCSF-PDGM-0213_nifti/volumes/T1c.nii.gz	5995901
ucsf-pdgm/UCSF-PDGM-0213_nifti/volumes/T2.nii.gz	5935043
ucsf-pdgm/UCSF-PDGM-0213_nifti/volumes/brain_mask.nii.gz	313524
ucsf-pdgm/UCSF-PDGM-0213_nifti/volumes/tumor_seg.nii.gz	234723
ucsf-pdgm/UCSF-PDGM-0214_nifti/preprocessing_metadata.json	2575
ucsf-pdgm/UCSF-PDGM-0214_nifti/volumes/ASL.nii.gz	5415881
ucsf-pdgm/UCSF-PDGM-0214_nifti/volumes/DWI.nii.gz	5572430
ucsf-pdgm/UCSF-PDGM-0214_nifti/volumes/FLAIR.nii.gz	5596608
ucsf-pdgm/UCSF-PDGM-0214_nifti/volumes/SWI.nii.gz	5619577
ucsf-pdgm/UCSF-PDGM-0214_nifti/volumes/T1.nii.gz	5573417
ucsf-pdgm/UCSF-PDGM-0214_nifti/volumes/T1c.nii.gz	5603323
ucsf-pdgm/UCSF-PDGM-0214_nifti/volumes/T2.nii.gz	5547107
ucsf-pdgm/UCSF-PDGM-0214_nifti/volumes/brain_mask.nii.gz	298697
ucsf-pdgm/UCSF-PDGM-0214_nifti/volumes/tumor_seg.nii.gz	199919
ucsf-pdgm/UCSF-PDGM-0215_nifti/preprocessing_metadata.json	2582
ucsf-pdgm/UCSF-PDGM-0215_nifti/volumes/ASL.nii.gz	6606757
ucsf-pdgm/UCSF-PDGM-0215_nifti/volumes/DWI.nii.gz	6784237
ucsf-pdgm/UCSF-PDGM-0215_nifti/volumes/FLAIR.nii.gz	6856406
ucsf-pdgm/UCSF-PDGM-0215_nifti/volumes/SWI.nii.gz	6789881
ucsf-pdgm/UCSF-PDGM-0215_nifti/volumes/T1.nii.gz	6819556
ucsf-pdgm/UCSF-PDGM-0215_nifti/volumes/T1c.nii.gz	6872327
ucsf-pdgm/UCSF-PDGM-0215_nifti/volumes/T2.nii.gz	6791832
ucsf-pdgm/UCSF-PDGM-0215_nifti/volumes/brain_mask.nii.gz	322057
ucsf-pdgm/UCSF-PDGM-0215_nifti/volumes/tumor_seg.nii.gz	221073
ucsf-pdgm/UCSF-PDGM-0223_nifti/preprocessing_metadata.json	2559
ucsf-pdgm/UCSF-PDGM-0223_nifti/volumes/ASL.nii.gz	5805091
ucsf-pdgm/UCSF-PDGM-0223_nifti/volumes/DWI.nii.gz	5865076
ucsf-pdgm/UCSF-PDGM-0223_nifti/volumes/FLAIR.nii.gz	5857920
ucsf-pdgm/UCSF-PDGM-0223_nifti/volumes/SWI.nii.gz	5790768
ucsf-pdgm/UCSF-PDGM-0223_nifti/volumes/T1.nii.gz	5829387
ucsf-pdgm/UCSF-PDGM-0223_nifti/volumes/T1c.nii.gz	5862136
ucsf-pdgm/UCSF-PDGM-0223_nifti/volumes/T2.nii.gz	5862495
ucsf-pdgm/UCSF-PDGM-0223_nifti/volumes/brain_mask.nii.gz	297963
ucsf-pdgm/UCSF-PDGM-0223_nifti/volumes/tumor_seg.nii.gz	186592
ucsf-pdgm/UCSF-PDGM-0225_nifti/preprocessing_metadata.json	2582
ucsf-pdgm/UCSF-PDGM-0225_nifti/volumes/ASL.nii.gz	6170188
ucsf-pdgm/UCSF-PDGM-0225_nifti/volumes/DWI.nii.gz	6395971
ucsf-pdgm/UCSF-PDGM-0225_nifti/volumes/FLAIR.nii.gz	6470094
ucsf-pdgm/UCSF-PDGM-0225_nifti/volumes/SWI.nii.gz	6373571
ucsf-pdgm/UCSF-PDGM-0225_nifti/volumes/T1.nii.gz	6435106
ucsf-pdgm/UCSF-PDGM-0225_nifti/volumes/T1c.nii.gz	6457976
ucsf-pdgm/UCSF-PDGM-0225_nifti/volumes/T2.nii.gz	6406163
ucsf-pdgm/UCSF-PDGM-0225_nifti/volumes/brain_mask.nii.gz	314749
ucsf-pdgm/UCSF-PDGM-0225_nifti/volumes/tumor_seg.nii.gz	242533
ucsf-pdgm/UCSF-PDGM-0227_nifti/preprocessing_metadata.json	2575
ucsf-pdgm/UCSF-PDGM-0227_nifti/volumes/ASL.nii.gz	5136216
ucsf-pdgm/UCSF-PDGM-0227_nifti/volumes/DWI.nii.gz	5447037
ucsf-pdgm/UCSF-PDGM-0227_nifti/volumes/FLAIR.nii.gz	5472635
ucsf-pdgm/UCSF-PDGM-0227_nifti/volumes/SWI.nii.gz	5471608
ucsf-pdgm/UCSF-PDGM-0227_nifti/volumes/T1.nii.gz	5448011
ucsf-pdgm/UCSF-PDGM-0227_nifti/volumes/T1c.nii.gz	5484568
ucsf-pdgm/UCSF-PDGM-0227_nifti/volumes/T2.nii.gz	5421542
ucsf-pdgm/UCSF-PDGM-0227_nifti/volumes/brain_mask.nii.gz	287200
ucsf-pdgm/UCSF-PDGM-0227_nifti/volumes/tumor_seg.nii.gz	248325
ucsf-pdgm/UCSF-PDGM-0228_nifti/preprocessing_metadata.json	2573
ucsf-pdgm/UCSF-PDGM-0228_nifti/volumes/ASL.nii.gz	4940532
ucsf-pdgm/UCSF-PDGM-0228_nifti/volumes/DWI.nii.gz	5017821
ucsf-pdgm/UCSF-PDGM-0228_nifti/volumes/FLAIR.nii.gz	5068049
ucsf-pdgm/UCSF-PDGM-0228_nifti/volumes/SWI.nii.gz	5063390
ucsf-pdgm/UCSF-PDGM-0228_nifti/volumes/T1.nii.gz	5057070
ucsf-pdgm/UCSF-PDGM-0228_nifti/volumes/T1c.nii.gz	5088965
ucsf-pdgm/UCSF-PDGM-0228_nifti/volumes/T2.nii.gz	5045175
ucsf-pdgm/UCSF-PDGM-0228_nifti/volumes/brain_mask.nii.gz	282778
ucsf-pdgm/UCSF-PDGM-0228_nifti/volumes/tumor_seg.nii.gz	181150
ucsf-pdgm/UCSF-PDGM-0229_nifti/preprocessing_metadata.json	2569
ucsf-pdgm/UCSF-PDGM-0229_nifti/volumes/ASL.nii.gz	5630274
ucsf-pdgm/UCSF-PDGM-0229_nifti/volumes/DWI.nii.gz	5738268
ucsf-pdgm/UCSF-PDGM-0229_nifti/volumes/FLAIR.nii.gz	5814929
ucsf-pdgm/UCSF-PDGM-0229_nifti/volumes/SWI.nii.gz	5766221
ucsf-pdgm/UCSF-PDGM-0229_nifti/volumes/T1.nii.gz	5778767
ucsf-pdgm/UCSF-PDGM-0229_nifti/volumes/T1c.nii.gz	5813206
ucsf-pdgm/UCSF-PDGM-0229_nifti/volumes/T2.nii.gz	5787524
ucsf-pdgm/UCSF-PDGM-0229_nifti/volumes/brain_mask.nii.gz	297290
ucsf-pdgm/UCSF-PDGM-0229_nifti/volumes/tumor_seg.nii.gz	182977
ucsf-pdgm/UCSF-PDGM-0231_nifti/preprocessing_metadata.json	2549
ucsf-pdgm/UCSF-PDGM-0231_nifti/volumes/ASL.nii.gz	5013054
ucsf-pdgm/UCSF-PDGM-0231_nifti/volumes/DWI.nii.gz	5034603
ucsf-pdgm/UCSF-PDGM-0231_nifti/volumes/FLAIR.nii.gz	5045933
ucsf-pdgm/UCSF-PDGM-0231_nifti/volumes/SWI.nii.gz	5060297
ucsf-pdgm/UCSF-PDGM-0231_nifti/volumes/T1.nii.gz	5011974
ucsf-pdgm/UCSF-PDGM-0231_nifti/volumes/T1c.nii.gz	5032743
ucsf-pdgm/UCSF-PDGM-0231_nifti/volumes/T2.nii.gz	5015083
ucsf-pdgm/UCSF-PDGM-0231_nifti/volumes/brain_mask.nii.gz	274687
ucsf-pdgm/UCSF-PDGM-0231_nifti/volumes/tumor_seg.nii.gz	163439
ucsf-pdgm/UCSF-PDGM-0232_nifti/preprocessing_metadata.json	2567
ucsf-pdgm/UCSF-PDGM-0232_nifti/volumes/ASL.nii.gz	5730319
ucsf-pdgm/UCSF-PDGM-0232_nifti/volumes/DWI.nii.gz	5833412
ucsf-pdgm/UCSF-PDGM-0232_nifti/volumes/FLAIR.nii.gz	5812590
ucsf-pdgm/UCSF-PDGM-0232_nifti/volumes/SWI.nii.gz	5852473
ucsf-pdgm/UCSF-PDGM-0232_nifti/volumes/T1.nii.gz	5800873
ucsf-pdgm/UCSF-PDGM-0232_nifti/volumes/T1c.nii.gz	5820781
ucsf-pdgm/UCSF-PDGM-0232_nifti/volumes/T2.nii.gz	5854809
ucsf-pdgm/UCSF-PDGM-0232_nifti/volumes/brain_mask.nii.gz	301195
ucsf-pdgm/UCSF-PDGM-0232_nifti/volumes/tumor_seg.nii.gz	165202
ucsf-pdgm/UCSF-PDGM-0233_nifti/preprocessing_metadata.json	2540
ucsf-pdgm/UCSF-PDGM-0233_nifti/volumes/ASL.nii.gz	5658630
ucsf-pdgm/UCSF-PDGM-0233_nifti/volumes/DWI.nii.gz	5684293
ucsf-pdgm/UCSF-PDGM-0233_nifti/volumes/FLAIR.nii.gz	5669400
ucsf-pdgm/UCSF-PDGM-0233_nifti/volumes/SWI.nii.gz	5695532
ucsf-pdgm/UCSF-PDGM-0233_nifti/volumes/T1.nii.gz	5655187
ucsf-pdgm/UCSF-PDGM-0233_nifti/volumes/T1c.nii.gz	5688685
ucsf-pdgm/UCSF-PDGM-0233_nifti/volumes/T2.nii.gz	5701301
ucsf-pdgm/UCSF-PDGM-0233_nifti/volumes/brain_mask.nii.gz	293121
ucsf-pdgm/UCSF-PDGM-0233_nifti/volumes/tumor_seg.nii.gz	176090
ucsf-pdgm/UCSF-PDGM-0234_nifti/preprocessing_metadata.json	2556
ucsf-pdgm/UCSF-PDGM-0234_nifti/volumes/ASL.nii.gz	6976611
ucsf-pdgm/UCSF-PDGM-0234_nifti/volumes/DWI.nii.gz	7055090
ucsf-pdgm/UCSF-PDGM-0234_nifti/volumes/FLAIR.nii.gz	7054959
ucsf-pdgm/UCSF-PDGM-0234_nifti/volumes/SWI.nii.gz	7084299
ucsf-pdgm/UCSF-PDGM-0234_nifti/volumes/T1.nii.gz	7003979
ucsf-pdgm/UCSF-PDGM-0234_nifti/volumes/T1c.nii.gz	7053532
ucsf-pdgm/UCSF-PDGM-0234_nifti/volumes/T2.nii.gz	7044180
ucsf-pdgm/UCSF-PDGM-0234_nifti/volumes/brain_mask.nii.gz	341307
ucsf-pdgm/UCSF-PDGM-0234_nifti/volumes/tumor_seg.nii.gz	188680
ucsf-pdgm/UCSF-PDGM-0235_nifti/preprocessing_metadata.json	2549
ucsf-pdgm/UCSF-PDGM-0235_nifti/volumes/ASL.nii.gz	6141243
ucsf-pdgm/UCSF-PDGM-0235_nifti/volumes/DWI.nii.gz	6176260
ucsf-pdgm/UCSF-PDGM-0235_nifti/volumes/FLAIR.nii.gz	6178721
ucsf-pdgm/UCSF-PDGM-0235_nifti/volumes/SWI.nii.gz	6183003
ucsf-pdgm/UCSF-PDGM-0235_nifti/volumes/T1.nii.gz	6144080
ucsf-pdgm/UCSF-PDGM-0235_nifti/volumes/T1c.nii.gz	6174233
ucsf-pdgm/UCSF-PDGM-0235_nifti/volumes/T2.nii.gz	6166800
ucsf-pdgm/UCSF-PDGM-0235_nifti/volumes/brain_mask.nii.gz	319328
ucsf-pdgm/UCSF-PDGM-0235_nifti/volumes/tumor_seg.nii.gz	182021
ucsf-pdgm/UCSF-PDGM-0236_nifti/preprocessing_metadata.json	2562
ucsf-pdgm/UCSF-PDGM-0236_nifti/volumes/ASL.nii.gz	5872236
ucsf-pdgm/UCSF-PDGM-0236_nifti/volumes/DWI.nii.gz	5938586
ucsf-pdgm/UCSF-PDGM-0236_nifti/volumes/FLAIR.nii.gz	5932495
ucsf-pdgm/UCSF-PDGM-0236_nifti/volumes/SWI.nii.gz	5957395
ucsf-pdgm/UCSF-PDGM-0236_nifti/volumes/T1.nii.gz	5898200
ucsf-pdgm/UCSF-PDGM-0236_nifti/volumes/T1c.nii.gz	5920561
ucsf-pdgm/UCSF-PDGM-0236_nifti/volumes/T2.nii.gz	5930992
ucsf-pdgm/UCSF-PDGM-0236_nifti/volumes/brain_mask.nii.gz	310573
ucsf-pdgm/UCSF-PDGM-0236_nifti/volumes/tumor_seg.nii.gz	169396
ucsf-pdgm/UCSF-PDGM-0237_nifti/preprocessing_metadata.json	2570
ucsf-pdgm/UCSF-PDGM-0237_nifti/volumes/ASL.nii.gz	5602496
ucsf-pdgm/UCSF-PDGM-0237_nifti/volumes/DWI.nii.gz	5703114
ucsf-pdgm/UCSF-PDGM-0237_nifti/volumes/FLAIR.nii.gz	5715217
ucsf-pdgm/UCSF-PDGM-0237_nifti/volumes/SWI.nii.gz	5715320
ucsf-pdgm/UCSF-PDGM-0237_nifti/volumes/T1.nii.gz	5677692
ucsf-pdgm/UCSF-PDGM-0237_nifti/volumes/T1c.nii.gz	5712227
ucsf-pdgm/UCSF-PDGM-0237_nifti/volumes/T2.nii.gz	5674012
ucsf-pdgm/UCSF-PDGM-0237_nifti/volumes/brain_mask.nii.gz	300771
ucsf-pdgm/UCSF-PDGM-0237_nifti/volumes/tumor_seg.nii.gz	182580
ucsf-pdgm/UCSF-PDGM-0238_nifti/preprocessing_metadata.json	2554
ucsf-pdgm/UCSF-PDGM-0238_nifti/volumes/ASL.nii.gz	6008147
ucsf-pdgm/UCSF-PDGM-0238_nifti/volumes/DWI.nii.gz	6062851
ucsf-pdgm/UCSF-PDGM-0238_nifti/volumes/FLAIR.nii.gz	6052301
ucsf-pdgm/UCSF-PDGM-0238_nifti/volumes/SWI.nii.gz	6076742
ucsf-pdgm/UCSF-PDGM-0238_nifti/volumes/T1.nii.gz	6025653
ucsf-pdgm/UCSF-PDGM-0238_nifti/volumes/T1c.nii.gz	6058485
ucsf-pdgm/UCSF-PDGM-0238_nifti/volumes/T2.nii.gz	6075355
ucsf-pdgm/UCSF-PDGM-0238_nifti/volumes/brain_mask.nii.gz	306086
ucsf-pdgm/UCSF-PDGM-0238_nifti/volumes/tumor_seg.nii.gz	167318
ucsf-pdgm/UCSF-PDGM-0239_nifti/preprocessing_metadata.json	2565
ucsf-pdgm/UCSF-PDGM-0239_nifti/volumes/ASL.nii.gz	5838638
ucsf-pdgm/UCSF-PDGM-0239_nifti/volumes/DWI.nii.gz	5840690
ucsf-pdgm/UCSF-PDGM-0239_nifti/volumes/FLAIR.nii.gz	5859953
ucsf-pdgm/UCSF-PDGM-0239_nifti/volumes/SWI.nii.gz	5878486
ucsf-pdgm/UCSF-PDGM-0239_nifti/volumes/T1.nii.gz	5823678
ucsf-pdgm/UCSF-PDGM-0239_nifti/volumes/T1c.nii.gz	5858690
ucsf-pdgm/UCSF-PDGM-0239_nifti/volumes/T2.nii.gz	5829139
ucsf-pdgm/UCSF-PDGM-0239_nifti/volumes/brain_mask.nii.gz	320639
ucsf-pdgm/UCSF-PDGM-0239_nifti/volumes/tumor_seg.nii.gz	173466
ucsf-pdgm/UCSF-PDGM-0240_nifti/preprocessing_metadata.json	2555
ucsf-pdgm/UCSF-PDGM-0240_nifti/volumes/ASL.nii.gz	5832003
ucsf-pdgm/UCSF-PDGM-0240_nifti/volumes/DWI.nii.gz	5861607
ucsf-pdgm/UCSF-PDGM-0240_nifti/volumes/FLAIR.nii.gz	5844456
ucsf-pdgm/UCSF-PDGM-0240_nifti/volumes/SWI.nii.gz	5873387
ucsf-pdgm/UCSF-PDGM-0240_nifti/volumes/T1.nii.gz	5830612
ucsf-pdgm/UCSF-PDGM-0240_nifti/volumes/T1c.nii.gz	5848114
ucsf-pdgm/UCSF-PDGM-0240_nifti/volumes/T2.nii.gz	5860449
ucsf-pdgm/UCSF-PDGM-0240_nifti/volumes/brain_mask.nii.gz	302295
ucsf-pdgm/UCSF-PDGM-0240_nifti/volumes/tumor_seg.nii.gz	162868
ucsf-pdgm/UCSF-PDGM-0241_nifti/preprocessing_metadata.json	2573
ucsf-pdgm/UCSF-PDGM-0241_nifti/volumes/ASL.nii.gz	6296269
ucsf-pdgm/UCSF-PDGM-0241_nifti/volumes/DWI.nii.gz	6320225
ucsf-pdgm/UCSF-PDGM-0241_nifti/volumes/FLAIR.nii.gz	6334900
ucsf-pdgm/UCSF-PDGM-0241_nifti/volumes/SWI.nii.gz	6313493
ucsf-pdgm/UCSF-PDGM-0241_nifti/volumes/T1.nii.gz	6301452
ucsf-pdgm/UCSF-PDGM-0241_nifti/volumes/T1c.nii.gz	6341266
ucsf-pdgm/UCSF-PDGM-0241_nifti/volumes/T2.nii.gz	6311875
ucsf-pdgm/UCSF-PDGM-0241_nifti/volumes/brain_mask.nii.gz	315380
ucsf-pdgm/UCSF-PDGM-0241_nifti/volumes/tumor_seg.nii.gz	186335
ucsf-pdgm/UCSF-PDGM-0242_nifti/preprocessing_metadata.json	2554
ucsf-pdgm/UCSF-PDGM-0242_nifti/volumes/ASL.nii.gz	6181710
ucsf-pdgm/UCSF-PDGM-0242_nifti/volumes/DWI.nii.gz	6241044
ucsf-pdgm/UCSF-PDGM-0242_nifti/volumes/FLAIR.nii.gz	6246528
ucsf-pdgm/UCSF-PDGM-0242_nifti/volumes/SWI.nii.gz	6255514
ucsf-pdgm/UCSF-PDGM-0242_nifti/volumes/T1.nii.gz	6197409
ucsf-pdgm/UCSF-PDGM-0242_nifti/volumes/T1c.nii.gz	6227086
ucsf-pdgm/UCSF-PDGM-0242_nifti/volumes/T2.nii.gz	6231973
ucsf-pdgm/UCSF-PDGM-0242_nifti/volumes/brain_mask.nii.gz	312151
ucsf-pdgm/UCSF-PDGM-0242_nifti/volumes/tumor_seg.nii.gz	179708
ucsf-pdgm/UCSF-PDGM-0243_nifti/preprocessing_metadata.json	2585
ucsf-pdgm/UCSF-PDGM-0243_nifti/volumes/ASL.nii.gz	5916027
ucsf-pdgm/UCSF-PDGM-0243_nifti/volumes/DWI.nii.gz	5925968
ucsf-pdgm/UCSF-PDGM-0243_nifti/volumes/FLAIR.nii.gz	5935511
ucsf-pdgm/UCSF-PDGM-0243_nifti/volumes/SWI.nii.gz	5958381
ucsf-pdgm/UCSF-PDGM-0243_nifti/volumes/T1.nii.gz	5901241
ucsf-pdgm/UCSF-PDGM-0243_nifti/volumes/T1c.nii.gz	5934291
ucsf-pdgm/UCSF-PDGM-0243_nifti/volumes/T2.nii.gz	5888381
ucsf-pdgm/UCSF-PDGM-0243_nifti/volumes/brain_mask.nii.gz	308798
ucsf-pdgm/UCSF-PDGM-0243_nifti/volumes/tumor_seg.nii.gz	171381
ucsf-pdgm/UCSF-PDGM-0244_nifti/preprocessing_metadata.json	2568
ucsf-pdgm/UCSF-PDGM-0244_nifti/volumes/ASL.nii.gz	6064945
ucsf-pdgm/UCSF-PDGM-0244_nifti/volumes/DWI.nii.gz	6073478
ucsf-pdgm/UCSF-PDGM-0244_nifti/volumes/FLAIR.nii.gz	6087998
ucsf-pdgm/UCSF-PDGM-0244_nifti/volumes/SWI.nii.gz	6102356
ucsf-pdgm/UCSF-PDGM-0244_nifti/volumes/T1.nii.gz	6047409
ucsf-pdgm/UCSF-PDGM-0244_nifti/volumes/T1c.nii.gz	6056714
ucsf-pdgm/UCSF-PDGM-0244_nifti/volumes/T2.nii.gz	6058866
ucsf-pdgm/UCSF-PDGM-0244_nifti/volumes/brain_mask.nii.gz	309076
ucsf-pdgm/UCSF-PDGM-0244_nifti/volumes/tumor_seg.nii.gz	171391
ucsf-pdgm/UCSF-PDGM-0245_nifti/preprocessing_metadata.json	2569
ucsf-pdgm/UCSF-PDGM-0245_nifti/volumes/ASL.nii.gz	6439196
ucsf-pdgm/UCSF-PDGM-0245_nifti/volumes/DWI.nii.gz	6498559
ucsf-pdgm/UCSF-PDGM-0245_nifti/volumes/FLAIR.nii.gz	6483561
ucsf-pdgm/UCSF-PDGM-0245_nifti/volumes/SWI.nii.gz	6510366
ucsf-pdgm/UCSF-PDGM-0245_nifti/volumes/T1.nii.gz	6446797
ucsf-pdgm/UCSF-PDGM-0245_nifti/volumes/T1c.nii.gz	6494233
ucsf-pdgm/UCSF-PDGM-0245_nifti/volumes/T2.nii.gz	6462271
ucsf-pdgm/UCSF-PDGM-0245_nifti/volumes/brain_mask.nii.gz	314883
ucsf-pdgm/UCSF-PDGM-0245_nifti/volumes/tumor_seg.nii.gz	198297
ucsf-pdgm/UCSF-PDGM-0246_nifti/preprocessing_metadata.json	2561
ucsf-pdgm/UCSF-PDGM-0246_nifti/volumes/ASL.nii.gz	4677439
ucsf-pdgm/UCSF-PDGM-0246_nifti/volumes/DWI.nii.gz	4694680
ucsf-pdgm/UCSF-PDGM-0246_nifti/volumes/FLAIR.nii.gz	4697957
ucsf-pdgm/UCSF-PDGM-0246_nifti/volumes/SWI.nii.gz	4717422
ucsf-pdgm/UCSF-PDGM-0246_nifti/volumes/T1.nii.gz	4685790
ucsf-pdgm/UCSF-PDGM-0246_nifti/volumes/T1c.nii.gz	4720039
ucsf-pdgm/UCSF-PDGM-0246_nifti/volumes/T2.nii.gz	4686150
ucsf-pdgm/UCSF-PDGM-0246_nifti/volumes/brain_mask.nii.gz	273588
ucsf-pdgm/UCSF-PDGM-0246_nifti/volumes/tumor_seg.nii.gz	159891
ucsf-pdgm/UCSF-PDGM-0247_nifti/preprocessing_metadata.json	2567
ucsf-pdgm/UCSF-PDGM-0247_nifti/volumes/ASL.nii.gz	5748739
ucsf-pdgm/UCSF-PDGM-0247_nifti/volumes/DWI.nii.gz	5781115
ucsf-pdgm/UCSF-PDGM-0247_nifti/volumes/FLAIR.nii.gz	5770195
ucsf-pdgm/UCSF-PDGM-0247_nifti/volumes/SWI.nii.gz	5792756
ucsf-pdgm/UCSF-PDGM-0247_nifti/volumes/T1.nii.gz	5750610
ucsf-pdgm/UCSF-PDGM-0247_nifti/volumes/T1c.nii.gz	5770093
ucsf-pdgm/UCSF-PDGM-0247_nifti/volumes/T2.nii.gz	5764075
ucsf-pdgm/UCSF-PDGM-0247_nifti/volumes/brain_mask.nii.gz	304645
ucsf-pdgm/UCSF-PDGM-0247_nifti/volumes/tumor_seg.nii.gz	165589
ucsf-pdgm/UCSF-PDGM-0248_nifti/preprocessing_metadata.json	2565
ucsf-pdgm/UCSF-PDGM-0248_nifti/volumes/ASL.nii.gz	7010995
ucsf-pdgm/UCSF-PDGM-0248_nifti/volumes/DWI.nii.gz	7040942
ucsf-pdgm/UCSF-PDGM-0248_nifti/volumes/FLAIR.nii.gz	7031567
ucsf-pdgm/UCSF-PDGM-0248_nifti/volumes/SWI.nii.gz	7063527
ucsf-pdgm/UCSF-PDGM-0248_nifti/volumes/T1.nii.gz	6979151
ucsf-pdgm/UCSF-PDGM-0248_nifti/volumes/T1c.nii.gz	7011375
ucsf-pdgm/UCSF-PDGM-0248_nifti/volumes/T2.nii.gz	6998453
ucsf-pdgm/UCSF-PDGM-0248_nifti/volumes/brain_mask.nii.gz	332818
ucsf-pdgm/UCSF-PDGM-0248_nifti/volumes/tumor_seg.nii.gz	185094
ucsf-pdgm/UCSF-PDGM-0249_nifti/preprocessing_metadata.json	2560
ucsf-pdgm/UCSF-PDGM-0249_nifti/volumes/ASL.nii.gz	6167675
ucsf-pdgm/UCSF-PDGM-0249_nifti/volumes/DWI.nii.gz	6182790
ucsf-pdgm/UCSF-PDGM-0249_nifti/volumes/FLAIR.nii.gz	6197106
ucsf-pdgm/UCSF-PDGM-0249_nifti/volumes/SWI.nii.gz	6209570
ucsf-pdgm/UCSF-PDGM-0249_nifti/volumes/T1.nii.gz	6147366
ucsf-pdgm/UCSF-PDGM-0249_nifti/volumes/T1c.nii.gz	6171397
ucsf-pdgm/UCSF-PDGM-0249_nifti/volumes/T2.nii.gz	6145392
ucsf-pdgm/UCSF-PDGM-0249_nifti/volumes/brain_mask.nii.gz	320231
ucsf-pdgm/UCSF-PDGM-0249_nifti/volumes/tumor_seg.nii.gz	185847
ucsf-pdgm/UCSF-PDGM-0250_nifti/preprocessing_metadata.json	2560
ucsf-pdgm/UCSF-PDGM-0250_nifti/volumes/ASL.nii.gz	5745319
ucsf-pdgm/UCSF-PDGM-0250_nifti/volumes/DWI.nii.gz	5835114
ucsf-pdgm/UCSF-PDGM-0250_nifti/volumes/FLAIR.nii.gz	5836533
ucsf-pdgm/UCSF-PDGM-0250_nifti/volumes/SWI.nii.gz	5811218
ucsf-pdgm/UCSF-PDGM-0250_nifti/volumes/T1.nii.gz	5804438
ucsf-pdgm/UCSF-PDGM-0250_nifti/volumes/T1c.nii.gz	5818182
ucsf-pdgm/UCSF-PDGM-0250_nifti/volumes/T2.nii.gz	5796338
ucsf-pdgm/UCSF-PDGM-0250_nifti/volumes/brain_mask.nii.gz	309333
ucsf-pdgm/UCSF-PDGM-0250_nifti/volumes/tumor_seg.nii.gz	177069
ucsf-pdgm/UCSF-PDGM-0251_nifti/preprocessing_metadata.json	2551
ucsf-pdgm/UCSF-PDGM-0251_nifti/volumes/ASL.nii.gz	5408215
ucsf-pdgm/UCSF-PDGM-0251_nifti/volumes/DWI.nii.gz	5439634
ucsf-pdgm/UCSF-PDGM-0251_nifti/volumes/FLAIR.nii.gz	5444016
ucsf-pdgm/UCSF-PDGM-0251_nifti/volumes/SWI.nii.gz	5403315
ucsf-pdgm/UCSF-PDGM-0251_nifti/volumes/T1.nii.gz	5426446
ucsf-pdgm/UCSF-PDGM-0251_nifti/volumes/T1c.nii.gz	5455270
ucsf-pdgm/UCSF-PDGM-0251_nifti/volumes/T2.nii.gz	5426910
ucsf-pdgm/UCSF-PDGM-0251_nifti/volumes/brain_mask.nii.gz	298996
ucsf-pdgm/UCSF-PDGM-0251_nifti/volumes/tumor_seg.nii.gz	174905
ucsf-pdgm/UCSF-PDGM-0252_nifti/preprocessing_metadata.json	2562
ucsf-pdgm/UCSF-PDGM-0252_nifti/volumes/ASL.nii.gz	4750160
ucsf-pdgm/UCSF-PDGM-0252_nifti/volumes/DWI.nii.gz	4787947
ucsf-pdgm/UCSF-PDGM-0252_nifti/volumes/FLAIR.nii.gz	4788531
ucsf-pdgm/UCSF-PDGM-0252_nifti/volumes/SWI.nii.gz	4775623
ucsf-pdgm/UCSF-PDGM-0252_nifti/volumes/T1.nii.gz	4780068
ucsf-pdgm/UCSF-PDGM-0252_nifti/volumes/T1c.nii.gz	4789329
ucsf-pdgm/UCSF-PDGM-0252_nifti/volumes/T2.nii.gz	4780200
ucsf-pdgm/UCSF-PDGM-0252_nifti/volumes/brain_mask.nii.gz	270753
ucsf-pdgm/UCSF-PDGM-0252_nifti/volumes/tumor_seg.nii.gz	153495
ucsf-pdgm/UCSF-PDGM-0253_nifti/preprocessing_metadata.json	2572
ucsf-pdgm/UCSF-PDGM-0253_nifti/volumes/ASL.nii.gz	5837144
ucsf-pdgm/UCSF-PDGM-0253_nifti/volumes/DWI.nii.gz	5934879
ucsf-pdgm/UCSF-PDGM-0253_nifti/volumes/FLAIR.nii.gz	5913900
ucsf-pdgm/UCSF-PDGM-0253_nifti/volumes/SWI.nii.gz	5922819
ucsf-pdgm/UCSF-PDGM-0253_nifti/volumes/T1.nii.gz	5910126
ucsf-pdgm/UCSF-PDGM-0253_nifti/volumes/T1c.nii.gz	5924398
ucsf-pdgm/UCSF-PDGM-0253_nifti/volumes/T2.nii.gz	5946927
ucsf-pdgm/UCSF-PDGM-0253_nifti/volumes/brain_mask.nii.gz	309586
ucsf-pdgm/UCSF-PDGM-0253_nifti/volumes/tumor_seg.nii.gz	173434
ucsf-pdgm/UCSF-PDGM-0254_nifti/preprocessing_metadata.json	2558
ucsf-pdgm/UCSF-PDGM-0254_nifti/volumes/ASL.nii.gz	5301623
ucsf-pdgm/UCSF-PDGM-0254_nifti/volumes/DWI.nii.gz	5322775
ucsf-pdgm/UCSF-PDGM-0254_nifti/volumes/FLAIR.nii.gz	5323135
ucsf-pdgm/UCSF-PDGM-0254_nifti/volumes/SWI.nii.gz	5303248
ucsf-pdgm/UCSF-PDGM-0254_nifti/volumes/T1.nii.gz	5309750
ucsf-pdgm/UCSF-PDGM-0254_nifti/volumes/T1c.nii.gz	5326311
ucsf-pdgm/UCSF-PDGM-0254_nifti/volumes/T2.nii.gz	5288006
ucsf-pdgm/UCSF-PDGM-0254_nifti/volumes/brain_mask.nii.gz	288693
ucsf-pdgm/UCSF-PDGM-0254_nifti/volumes/tumor_seg.nii.gz	171124
ucsf-pdgm/UCSF-PDGM-0255_nifti/preprocessing_metadata.json	2548
ucsf-pdgm/UCSF-PDGM-0255_nifti/volumes/ASL.nii.gz	5073687
ucsf-pdgm/UCSF-PDGM-0255_nifti/volumes/DWI.nii.gz	5087451
ucsf-pdgm/UCSF-PDGM-0255_nifti/volumes/FLAIR.nii.gz	5100497
ucsf-pdgm/UCSF-PDGM-0255_nifti/volumes/SWI.nii.gz	5078483
ucsf-pdgm/UCSF-PDGM-0255_nifti/volumes/T1.nii.gz	5071244
ucsf-pdgm/UCSF-PDGM-0255_nifti/volumes/T1c.nii.gz	5086728
ucsf-pdgm/UCSF-PDGM-0255_nifti/volumes/T2.nii.gz	5071641
ucsf-pdgm/UCSF-PDGM-0255_nifti/volumes/brain_mask.nii.gz	289357
ucsf-pdgm/UCSF-PDGM-0255_nifti/volumes/tumor_seg.nii.gz	149911
ucsf-pdgm/UCSF-PDGM-0256_nifti/preprocessing_metadata.json	2568
ucsf-pdgm/UCSF-PDGM-0256_nifti/volumes/ASL.nii.gz	5771898
ucsf-pdgm/UCSF-PDGM-0256_nifti/volumes/DWI.nii.gz	5812912
ucsf-pdgm/UCSF-PDGM-0256_nifti/volumes/FLAIR.nii.gz	5806927
ucsf-pdgm/UCSF-PDGM-0256_nifti/volumes/SWI.nii.gz	5795460
ucsf-pdgm/UCSF-PDGM-0256_nifti/volumes/T1.nii.gz	5793021
ucsf-pdgm/UCSF-PDGM-0256_nifti/volumes/T1c.nii.gz	5800773
ucsf-pdgm/UCSF-PDGM-0256_nifti/volumes/T2.nii.gz	5790106
ucsf-pdgm/UCSF-PDGM-0256_nifti/volumes/brain_mask.nii.gz	293809
ucsf-pdgm/UCSF-PDGM-0256_nifti/volumes/tumor_seg.nii.gz	166201
ucsf-pdgm/UCSF-PDGM-0257_nifti/preprocessing_metadata.json	2563
ucsf-pdgm/UCSF-PDGM-0257_nifti/volumes/ASL.nii.gz	6119107
ucsf-pdgm/UCSF-PDGM-0257_nifti/volumes/DWI.nii.gz	6158030
ucsf-pdgm/UCSF-PDGM-0257_nifti/volumes/FLAIR.nii.gz	6142775
ucsf-pdgm/UCSF-PDGM-0257_nifti/volumes/SWI.nii.gz	6149527
ucsf-pdgm/UCSF-PDGM-0257_nifti/volumes/T1.nii.gz	6132963
ucsf-pdgm/UCSF-PDGM-0257_nifti/volumes/T1c.nii.gz	6141164
ucsf-pdgm/UCSF-PDGM-0257_nifti/volumes/T2.nii.gz	6126919
ucsf-pdgm/UCSF-PDGM-0257_nifti/volumes/brain_mask.nii.gz	313111
ucsf-pdgm/UCSF-PDGM-0257_nifti/volumes/tumor_seg.nii.gz	179234
ucsf-pdgm/UCSF-PDGM-0258_nifti/preprocessing_metadata.json	2567
ucsf-pdgm/UCSF-PDGM-0258_nifti/volumes/ASL.nii.gz	6775570
ucsf-pdgm/UCSF-PDGM-0258_nifti/volumes/DWI.nii.gz	6816744
ucsf-pdgm/UCSF-PDGM-0258_nifti/volumes/FLAIR.nii.gz	6800127
ucsf-pdgm/UCSF-PDGM-0258_nifti/volumes/SWI.nii.gz	6790505
ucsf-pdgm/UCSF-PDGM-0258_nifti/volumes/T1.nii.gz	6785460
ucsf-pdgm/UCSF-PDGM-0258_nifti/volumes/T1c.nii.gz	6821247
ucsf-pdgm/UCSF-PDGM-0258_nifti/volumes/T2.nii.gz	6819404
ucsf-pdgm/UCSF-PDGM-0258_nifti/volumes/brain_mask.nii.gz	325237
ucsf-pdgm/UCSF-PDGM-0258_nifti/volumes/tumor_seg.nii.gz	181199
ucsf-pdgm/UCSF-PDGM-0259_nifti/preprocessing_metadata.json	2550
ucsf-pdgm/UCSF-PDGM-0259_nifti/volumes/ASL.nii.gz	6977925
ucsf-pdgm/UCSF-PDGM-0259_nifti/volumes/DWI.nii.gz	7010832
ucsf-pdgm/UCSF-PDGM-0259_nifti/volumes/FLAIR.nii.gz	6993271
ucsf-pdgm/UCSF-PDGM-0259_nifti/volumes/SWI.nii.gz	6986827
ucsf-pdgm/UCSF-PDGM-0259_nifti/volumes/T1.nii.gz	6955379
ucsf-pdgm/UCSF-PDGM-0259_nifti/volumes/T1c.nii.gz	7015977
ucsf-pdgm/UCSF-PDGM-0259_nifti/volumes/T2.nii.gz	6998794
ucsf-pdgm/UCSF-PDGM-0259_nifti/volumes/brain_mask.nii.gz	326825
ucsf-pdgm/UCSF-PDGM-0259_nifti/volumes/tumor_seg.nii.gz	185690
ucsf-pdgm/UCSF-PDGM-0260_nifti/preprocessing_metadata.json	2574
ucsf-pdgm/UCSF-PDGM-0260_nifti/volumes/ASL.nii.gz	5251653
ucsf-pdgm/UCSF-PDGM-0260_nifti/volumes/DWI.nii.gz	5244966
ucsf-pdgm/UCSF-PDGM-0260_nifti/volumes/FLAIR.nii.gz	5283255
ucsf-pdgm/UCSF-PDGM-0260_nifti/volumes/SWI.nii.gz	5267595
ucsf-pdgm/UCSF-PDGM-0260_nifti/volumes/T1.nii.gz	5262478
ucsf-pdgm/UCSF-PDGM-0260_nifti/volumes/T1c.nii.gz	5297255
ucsf-pdgm/UCSF-PDGM-0260_nifti/volumes/T2.nii.gz	5268921
ucsf-pdgm/UCSF-PDGM-0260_nifti/volumes/brain_mask.nii.gz	303094
ucsf-pdgm/UCSF-PDGM-0260_nifti/volumes/tumor_seg.nii.gz	167508
ucsf-pdgm/UCSF-PDGM-0261_nifti/preprocessing_metadata.json	2552
ucsf-pdgm/UCSF-PDGM-0261_nifti/volumes/ASL.nii.gz	5748663
ucsf-pdgm/UCSF-PDGM-0261_nifti/volumes/DWI.nii.gz	5770230
ucsf-pdgm/UCSF-PDGM-0261_nifti/volumes/FLAIR.nii.gz	5773686
ucsf-pdgm/UCSF-PDGM-0261_nifti/volumes/SWI.nii.gz	5759575
ucsf-pdgm/UCSF-PDGM-0261_nifti/volumes/T1.nii.gz	5758317
ucsf-pdgm/UCSF-PDGM-0261_nifti/volumes/T1c.nii.gz	5792331
ucsf-pdgm/UCSF-PDGM-0261_nifti/volumes/T2.nii.gz	5783278
ucsf-pdgm/UCSF-PDGM-0261_nifti/volumes/brain_mask.nii.gz	317152
ucsf-pdgm/UCSF-PDGM-0261_nifti/volumes/tumor_seg.nii.gz	176965
ucsf-pdgm/UCSF-PDGM-0262_nifti/preprocessing_metadata.json	2562
ucsf-pdgm/UCSF-PDGM-0262_nifti/volumes/ASL.nii.gz	5328528
ucsf-pdgm/UCSF-PDGM-0262_nifti/volumes/DWI.nii.gz	5333859
ucsf-pdgm/UCSF-PDGM-0262_nifti/volumes/FLAIR.nii.gz	5335858
ucsf-pdgm/UCSF-PDGM-0262_nifti/volumes/SWI.nii.gz	5310523
ucsf-pdgm/UCSF-PDGM-0262_nifti/volumes/T1.nii.gz	5317064
ucsf-pdgm/UCSF-PDGM-0262_nifti/volumes/T1c.nii.gz	5355383
ucsf-pdgm/UCSF-PDGM-0262_nifti/volumes/T2.nii.gz	5351752
ucsf-pdgm/UCSF-PDGM-0262_nifti/volumes/brain_mask.nii.gz	287651
ucsf-pdgm/UCSF-PDGM-0262_nifti/volumes/tumor_seg.nii.gz	183717
ucsf-pdgm/UCSF-PDGM-0263_nifti/preprocessing_metadata.json	2554
ucsf-pdgm/UCSF-PDGM-0263_nifti/volumes/ASL.nii.gz	5829017
ucsf-pdgm/UCSF-PDGM-0263_nifti/volumes/DWI.nii.gz	5826134
ucsf-pdgm/UCSF-PDGM-0263_nifti/volumes/FLAIR.nii.gz	5841927
ucsf-pdgm/UCSF-PDGM-0263_nifti/volumes/SWI.nii.gz	5829639
ucsf-pdgm/UCSF-PDGM-0263_nifti/volumes/T1.nii.gz	5820515
ucsf-pdgm/UCSF-PDGM-0263_nifti/volumes/T1c.nii.gz	5848583
ucsf-pdgm/UCSF-PDGM-0263_nifti/volumes/T2.nii.gz	5862539
ucsf-pdgm/UCSF-PDGM-0263_nifti/volumes/brain_mask.nii.gz	305249
ucsf-pdgm/UCSF-PDGM-0263_nifti/volumes/tumor_seg.nii.gz	186075
ucsf-pdgm/UCSF-PDGM-0264_nifti/preprocessing_metadata.json	2562
ucsf-pdgm/UCSF-PDGM-0264_nifti/volumes/ASL.nii.gz	5224823
ucsf-pdgm/UCSF-PDGM-0264_nifti/volumes/DWI.nii.gz	5255221
ucsf-pdgm/UCSF-PDGM-0264_nifti/volumes/FLAIR.nii.gz	5250543
ucsf-pdgm/UCSF-PDGM-0264_nifti/volumes/SWI.nii.gz	5231658
ucsf-pdgm/UCSF-PDGM-0264_nifti/volumes/T1.nii.gz	5244977
ucsf-pdgm/UCSF-PDGM-0264_nifti/volumes/T1c.nii.gz	5247985
ucsf-pdgm/UCSF-PDGM-0264_nifti/volumes/T2.nii.gz	5266128
ucsf-pdgm/UCSF-PDGM-0264_nifti/volumes/brain_mask.nii.gz	293350
ucsf-pdgm/UCSF-PDGM-0264_nifti/volumes/tumor_seg.nii.gz	172897
ucsf-pdgm/UCSF-PDGM-0265_nifti/preprocessing_metadata.json	2571
ucsf-pdgm/UCSF-PDGM-0265_nifti/volumes/ASL.nii.gz	5642217
ucsf-pdgm/UCSF-PDGM-0265_nifti/volumes/DWI.nii.gz	5655573
ucsf-pdgm/UCSF-PDGM-0265_nifti/volumes/FLAIR.nii.gz	5675922
ucsf-pdgm/UCSF-PDGM-0265_nifti/volumes/SWI.nii.gz	5653562
ucsf-pdgm/UCSF-PDGM-0265_nifti/volumes/T1.nii.gz	5645675
ucsf-pdgm/UCSF-PDGM-0265_nifti/volumes/T1c.nii.gz	5665949
ucsf-pdgm/UCSF-PDGM-0265_nifti/volumes/T2.nii.gz	5667160
ucsf-pdgm/UCSF-PDGM-0265_nifti/volumes/brain_mask.nii.gz	295712
ucsf-pdgm/UCSF-PDGM-0265_nifti/volumes/tumor_seg.nii.gz	173838
ucsf-pdgm/UCSF-PDGM-0266_nifti/preprocessing_metadata.json	2543
ucsf-pdgm/UCSF-PDGM-0266_nifti/volumes/ASL.nii.gz	5877096
ucsf-pdgm/UCSF-PDGM-0266_nifti/volumes/DWI.nii.gz	6011742
ucsf-pdgm/UCSF-PDGM-0266_nifti/volumes/FLAIR.nii.gz	6014843
ucsf-pdgm/UCSF-PDGM-0266_nifti/volumes/SWI.nii.gz	6019182
ucsf-pdgm/UCSF-PDGM-0266_nifti/volumes/T1.nii.gz	6009997
ucsf-pdgm/UCSF-PDGM-0266_nifti/volumes/T1c.nii.gz	6044386
ucsf-pdgm/UCSF-PDGM-0266_nifti/volumes/T2.nii.gz	6022531
ucsf-pdgm/UCSF-PDGM-0266_nifti/volumes/brain_mask.nii.gz	312643
ucsf-pdgm/UCSF-PDGM-0266_nifti/volumes/tumor_seg.nii.gz	181585
ucsf-pdgm/UCSF-PDGM-0267_nifti/preprocessing_metadata.json	2546
ucsf-pdgm/UCSF-PDGM-0267_nifti/volumes/ASL.nii.gz	5791812
ucsf-pdgm/UCSF-PDGM-0267_nifti/volumes/DWI.nii.gz	5803727
ucsf-pdgm/UCSF-PDGM-0267_nifti/volumes/FLAIR.nii.gz	5805059
ucsf-pdgm/UCSF-PDGM-0267_nifti/volumes/SWI.nii.gz	5807136
ucsf-pdgm/UCSF-PDGM-0267_nifti/volumes/T1.nii.gz	5786416
ucsf-pdgm/UCSF-PDGM-0267_nifti/volumes/T1c.nii.gz	5821026
ucsf-pdgm/UCSF-PDGM-0267_nifti/volumes/T2.nii.gz	5810094
ucsf-pdgm/UCSF-PDGM-0267_nifti/volumes/brain_mask.nii.gz	307853
ucsf-pdgm/UCSF-PDGM-0267_nifti/volumes/tumor_seg.nii.gz	183190
ucsf-pdgm/UCSF-PDGM-0268_nifti/preprocessing_metadata.json	2549
ucsf-pdgm/UCSF-PDGM-0268_nifti/volumes/ASL.nii.gz	5186617
ucsf-pdgm/UCSF-PDGM-0268_nifti/volumes/DWI.nii.gz	5225064
ucsf-pdgm/UCSF-PDGM-0268_nifti/volumes/FLAIR.nii.gz	5212863
ucsf-pdgm/UCSF-PDGM-0268_nifti/volumes/SWI.nii.gz	5163689
ucsf-pdgm/UCSF-PDGM-0268_nifti/volumes/T1.nii.gz	5196864
ucsf-pdgm/UCSF-PDGM-0268_nifti/volumes/T1c.nii.gz	5218868
ucsf-pdgm/UCSF-PDGM-0268_nifti/volumes/T2.nii.gz	5216613
ucsf-pdgm/UCSF-PDGM-0268_nifti/volumes/brain_mask.nii.gz	287305
ucsf-pdgm/UCSF-PDGM-0268_nifti/volumes/tumor_seg.nii.gz	168825
ucsf-pdgm/UCSF-PDGM-0269_nifti/preprocessing_metadata.json	2542
ucsf-pdgm/UCSF-PDGM-0269_nifti/volumes/ASL.nii.gz	5528245
ucsf-pdgm/UCSF-PDGM-0269_nifti/volumes/DWI.nii.gz	5699539
ucsf-pdgm/UCSF-PDGM-0269_nifti/volumes/FLAIR.nii.gz	5730515
ucsf-pdgm/UCSF-PDGM-0269_nifti/volumes/SWI.nii.gz	5639187
ucsf-pdgm/UCSF-PDGM-0269_nifti/volumes/T1.nii.gz	5697155
ucsf-pdgm/UCSF-PDGM-0269_nifti/volumes/T1c.nii.gz	5728344
ucsf-pdgm/UCSF-PDGM-0269_nifti/volumes/T2.nii.gz	5708751
ucsf-pdgm/UCSF-PDGM-0269_nifti/volumes/brain_mask.nii.gz	308722
ucsf-pdgm/UCSF-PDGM-0269_nifti/volumes/tumor_seg.nii.gz	165857
ucsf-pdgm/UCSF-PDGM-0270_nifti/preprocessing_metadata.json	2568
ucsf-pdgm/UCSF-PDGM-0270_nifti/volumes/ASL.nii.gz	5142628
ucsf-pdgm/UCSF-PDGM-0270_nifti/volumes/DWI.nii.gz	5287447
ucsf-pdgm/UCSF-PDGM-0270_nifti/volumes/FLAIR.nii.gz	5286197
ucsf-pdgm/UCSF-PDGM-0270_nifti/volumes/SWI.nii.gz	5237659
ucsf-pdgm/UCSF-PDGM-0270_nifti/volumes/T1.nii.gz	5279314
ucsf-pdgm/UCSF-PDGM-0270_nifti/volumes/T1c.nii.gz	5312109
ucsf-pdgm/UCSF-PDGM-0270_nifti/volumes/T2.nii.gz	5296053
ucsf-pdgm/UCSF-PDGM-0270_nifti/volumes/brain_mask.nii.gz	281700
ucsf-pdgm/UCSF-PDGM-0270_nifti/volumes/tumor_seg.nii.gz	209504
ucsf-pdgm/UCSF-PDGM-0272_nifti/preprocessing_metadata.json	2561
ucsf-pdgm/UCSF-PDGM-0272_nifti/volumes/ASL.nii.gz	6689782
ucsf-pdgm/UCSF-PDGM-0272_nifti/volumes/DWI.nii.gz	6948557
ucsf-pdgm/UCSF-PDGM-0272_nifti/volumes/FLAIR.nii.gz	6961558
ucsf-pdgm/UCSF-PDGM-0272_nifti/volumes/SWI.nii.gz	6898647
ucsf-pdgm/UCSF-PDGM-0272_nifti/volumes/T1.nii.gz	6923602
ucsf-pdgm/UCSF-PDGM-0272_nifti/volumes/T1c.nii.gz	6946302
ucsf-pdgm/UCSF-PDGM-0272_nifti/volumes/T2.nii.gz	6924323
ucsf-pdgm/UCSF-PDGM-0272_nifti/volumes/brain_mask.nii.gz	339766
ucsf-pdgm/UCSF-PDGM-0272_nifti/volumes/tumor_seg.nii.gz	190956
ucsf-pdgm/UCSF-PDGM-0273_nifti/preprocessing_metadata.json	2562
ucsf-pdgm/UCSF-PDGM-0273_nifti/volumes/ASL.nii.gz	5934271
ucsf-pdgm/UCSF-PDGM-0273_nifti/volumes/DWI.nii.gz	6066958
ucsf-pdgm/UCSF-PDGM-0273_nifti/volumes/FLAIR.nii.gz	6103776
ucsf-pdgm/UCSF-PDGM-0273_nifti/volumes/SWI.nii.gz	5995210
ucsf-pdgm/UCSF-PDGM-0273_nifti/volumes/T1.nii.gz	6064696
ucsf-pdgm/UCSF-PDGM-0273_nifti/volumes/T1c.nii.gz	6091626
ucsf-pdgm/UCSF-PDGM-0273_nifti/volumes/T2.nii.gz	6049868
ucsf-pdgm/UCSF-PDGM-0273_nifti/volumes/brain_mask.nii.gz	321234
ucsf-pdgm/UCSF-PDGM-0273_nifti/volumes/tumor_seg.nii.gz	189991
ucsf-pdgm/UCSF-PDGM-0274_nifti/preprocessing_metadata.json	2559
ucsf-pdgm/UCSF-PDGM-0274_nifti/volumes/ASL.nii.gz	4433327
ucsf-pdgm/UCSF-PDGM-0274_nifti/volumes/DWI.nii.gz	4450915
ucsf-pdgm/UCSF-PDGM-0274_nifti/volumes/FLAIR.nii.gz	4470159
ucsf-pdgm/UCSF-PDGM-0274_nifti/volumes/SWI.nii.gz	4406835
ucsf-pdgm/UCSF-PDGM-0274_nifti/volumes/T1.nii.gz	4453474
ucsf-pdgm/UCSF-PDGM-0274_nifti/volumes/T1c.nii.gz	4465572
ucsf-pdgm/UCSF-PDGM-0274_nifti/volumes/T2.nii.gz	4461484
ucsf-pdgm/UCSF-PDGM-0274_nifti/volumes/brain_mask.nii.gz	277012
ucsf-pdgm/UCSF-PDGM-0274_nifti/volumes/tumor_seg.nii.gz	162188
ucsf-pdgm/UCSF-PDGM-0275_nifti/preprocessing_metadata.json	2581
ucsf-pdgm/UCSF-PDGM-0275_nifti/volumes/ASL.nii.gz	6001873
ucsf-pdgm/UCSF-PDGM-0275_nifti/volumes/DWI.nii.gz	6033888
ucsf-pdgm/UCSF-PDGM-0275_nifti/volumes/FLAIR.nii.gz	6046877
ucsf-pdgm/UCSF-PDGM-0275_nifti/volumes/SWI.nii.gz	6020435
ucsf-pdgm/UCSF-PDGM-0275_nifti/volumes/T1.nii.gz	6009842
ucsf-pdgm/UCSF-PDGM-0275_nifti/volumes/T1c.nii.gz	6042716
ucsf-pdgm/UCSF-PDGM-0275_nifti/volumes/T2.nii.gz	5983459
ucsf-pdgm/UCSF-PDGM-0275_nifti/volumes/brain_mask.nii.gz	307499
ucsf-pdgm/UCSF-PDGM-0275_nifti/volumes/tumor_seg.nii.gz	203736
ucsf-pdgm/UCSF-PDGM-0276_nifti/preprocessing_metadata.json	2571
ucsf-pdgm/UCSF-PDGM-0276_nifti/volumes/ASL.nii.gz	5908259
ucsf-pdgm/UCSF-PDGM-0276_nifti/volumes/DWI.nii.gz	5980260
ucsf-pdgm/UCSF-PDGM-0276_nifti/volumes/FLAIR.nii.gz	5989963
ucsf-pdgm/UCSF-PDGM-0276_nifti/volumes/SWI.nii.gz	5911621
ucsf-pdgm/UCSF-PDGM-0276_nifti/volumes/T1.nii.gz	5981862
ucsf-pdgm/UCSF-PDGM-0276_nifti/volumes/T1c.nii.gz	6005490
ucsf-pdgm/UCSF-PDGM-0276_nifti/volumes/T2.nii.gz	5992571
ucsf-pdgm/UCSF-PDGM-0276_nifti/volumes/brain_mask.nii.gz	309089
ucsf-pdgm/UCSF-PDGM-0276_nifti/volumes/tumor_seg.nii.gz	229376
ucsf-pdgm/UCSF-PDGM-0277_nifti/preprocessing_metadata.json	2558
ucsf-pdgm/UCSF-PDGM-0277_nifti/volumes/ASL.nii.gz	5442864
ucsf-pdgm/UCSF-PDGM-0277_nifti/volumes/DWI.nii.gz	5533066
ucsf-pdgm/UCSF-PDGM-0277_nifti/volumes/FLAIR.nii.gz	5562053
ucsf-pdgm/UCSF-PDGM-0277_nifti/volumes/SWI.nii.gz	5524474
ucsf-pdgm/UCSF-PDGM-0277_nifti/volumes/T1.nii.gz	5543375
ucsf-pdgm/UCSF-PDGM-0277_nifti/volumes/T1c.nii.gz	5572868
ucsf-pdgm/UCSF-PDGM-0277_nifti/volumes/T2.nii.gz	5520550
ucsf-pdgm/UCSF-PDGM-0277_nifti/volumes/brain_mask.nii.gz	305410
ucsf-pdgm/UCSF-PDGM-0277_nifti/volumes/tumor_seg.nii.gz	169756
ucsf-pdgm/UCSF-PDGM-0279_nifti/preprocessing_metadata.json	2574
ucsf-pdgm/UCSF-PDGM-0279_nifti/volumes/ASL.nii.gz	6532611
ucsf-pdgm/UCSF-PDGM-0279_nifti/volumes/DWI.nii.gz	6548765
ucsf-pdgm/UCSF-PDGM-0279_nifti/volumes/FLAIR.nii.gz	6565255
ucsf-pdgm/UCSF-PDGM-0279_nifti/volumes/SWI.nii.gz	6499656
ucsf-pdgm/UCSF-PDGM-0279_nifti/volumes/T1.nii.gz	6530250
ucsf-pdgm/UCSF-PDGM-0279_nifti/volumes/T1c.nii.gz	6551809
ucsf-pdgm/UCSF-PDGM-0279_nifti/volumes/T2.nii.gz	6527291
ucsf-pdgm/UCSF-PDGM-0279_nifti/volumes/brain_mask.nii.gz	329041
ucsf-pdgm/UCSF-PDGM-0279_nifti/volumes/tumor_seg.nii.gz	191402
ucsf-pdgm/UCSF-PDGM-0280_nifti/preprocessing_metadata.json	2546
ucsf-pdgm/UCSF-PDGM-0280_nifti/volumes/ASL.nii.gz	6486747
ucsf-pdgm/UCSF-PDGM-0280_nifti/volumes/DWI.nii.gz	6652617
ucsf-pdgm/UCSF-PDGM-0280_nifti/volumes/FLAIR.nii.gz	6695874
ucsf-pdgm/UCSF-PDGM-0280_nifti/volumes/SWI.nii.gz	6592793
ucsf-pdgm/UCSF-PDGM-0280_nifti/volumes/T1.nii.gz	6681965
ucsf-pdgm/UCSF-PDGM-0280_nifti/volumes/T1c.nii.gz	6708460
ucsf-pdgm/UCSF-PDGM-0280_nifti/volumes/T2.nii.gz	6655433
ucsf-pdgm/UCSF-PDGM-0280_nifti/volumes/brain_mask.nii.gz	320320
ucsf-pdgm/UCSF-PDGM-0280_nifti/volumes/tumor_seg.nii.gz	248500
ucsf-pdgm/UCSF-PDGM-0281_nifti/preprocessing_metadata.json	2566
ucsf-pdgm/UCSF-PDGM-0281_nifti/volumes/ASL.nii.gz	5798031
ucsf-pdgm/UCSF-PDGM-0281_nifti/volumes/DWI.nii.gz	5861029
ucsf-pdgm/UCSF-PDGM-0281_nifti/volumes/FLAIR.nii.gz	5860960
ucsf-pdgm/UCSF-PDGM-0281_nifti/volumes/SWI.nii.gz	5789971
ucsf-pdgm/UCSF-PDGM-0281_nifti/volumes/T1.nii.gz	5833421
ucsf-pdgm/UCSF-PDGM-0281_nifti/volumes/T1c.nii.gz	5839944
ucsf-pdgm/UCSF-PDGM-0281_nifti/volumes/T2.nii.gz	5853882
ucsf-pdgm/UCSF-PDGM-0281_nifti/volumes/brain_mask.nii.gz	298766
ucsf-pdgm/UCSF-PDGM-0281_nifti/volumes/tumor_seg.nii.gz	174158
ucsf-pdgm/UCSF-PDGM-0282_nifti/preprocessing_metadata.json	2571
ucsf-pdgm/UCSF-PDGM-0282_nifti/volumes/ASL.nii.gz	5123443
ucsf-pdgm/UCSF-PDGM-0282_nifti/volumes/DWI.nii.gz	5153893
ucsf-pdgm/UCSF-PDGM-0282_nifti/volumes/FLAIR.nii.gz	5154842
ucsf-pdgm/UCSF-PDGM-0282_nifti/volumes/SWI.nii.gz	5123360
ucsf-pdgm/UCSF-PDGM-0282_nifti/volumes/T1.nii.gz	5136568
ucsf-pdgm/UCSF-PDGM-0282_nifti/volumes/T1c.nii.gz	5156860
ucsf-pdgm/UCSF-PDGM-0282_nifti/volumes/T2.nii.gz	5145320
ucsf-pdgm/UCSF-PDGM-0282_nifti/volumes/brain_mask.nii.gz	289524
ucsf-pdgm/UCSF-PDGM-0282_nifti/volumes/tumor_seg.nii.gz	180534
ucsf-pdgm/UCSF-PDGM-0283_nifti/preprocessing_metadata.json	2570
ucsf-pdgm/UCSF-PDGM-0283_nifti/volumes/ASL.nii.gz	6567313
ucsf-pdgm/UCSF-PDGM-0283_nifti/volumes/DWI.nii.gz	6657454
ucsf-pdgm/UCSF-PDGM-0283_nifti/volumes/FLAIR.nii.gz	6672612
ucsf-pdgm/UCSF-PDGM-0283_nifti/volumes/SWI.nii.gz	6702211
ucsf-pdgm/UCSF-PDGM-0283_nifti/volumes/T1.nii.gz	6670023
ucsf-pdgm/UCSF-PDGM-0283_nifti/volumes/T1c.nii.gz	6697441
ucsf-pdgm/UCSF-PDGM-0283_nifti/volumes/T2.nii.gz	6655259
ucsf-pdgm/UCSF-PDGM-0283_nifti/volumes/brain_mask.nii.gz	324705
ucsf-pdgm/UCSF-PDGM-0283_nifti/volumes/tumor_seg.nii.gz	249197
ucsf-pdgm/UCSF-PDGM-0284_nifti/preprocessing_metadata.json	2578
ucsf-pdgm/UCSF-PDGM-0284_nifti/volumes/ASL.nii.gz	5692484
ucsf-pdgm/UCSF-PDGM-0284_nifti/volumes/DWI.nii.gz	5760642
ucsf-pdgm/UCSF-PDGM-0284_nifti/volumes/FLAIR.nii.gz	5761929
ucsf-pdgm/UCSF-PDGM-0284_nifti/volumes/SWI.nii.gz	5740631
ucsf-pdgm/UCSF-PDGM-0284_nifti/volumes/T1.nii.gz	5730319
ucsf-pdgm/UCSF-PDGM-0284_nifti/volumes/T1c.nii.gz	5751568
ucsf-pdgm/UCSF-PDGM-0284_nifti/volumes/T2.nii.gz	5708605
ucsf-pdgm/UCSF-PDGM-0284_nifti/volumes/brain_mask.nii.gz	301687
ucsf-pdgm/UCSF-PDGM-0284_nifti/volumes/tumor_seg.nii.gz	179302
ucsf-pdgm/UCSF-PDGM-0285_nifti/preprocessing_metadata.json	2568
ucsf-pdgm/UCSF-PDGM-0285_nifti/volumes/ASL.nii.gz	5737454
ucsf-pdgm/UCSF-PDGM-0285_nifti/volumes/DWI.nii.gz	5773417
ucsf-pdgm/UCSF-PDGM-0285_nifti/volumes/FLAIR.nii.gz	5795374
ucsf-pdgm/UCSF-PDGM-0285_nifti/volumes/SWI.nii.gz	5720971
ucsf-pdgm/UCSF-PDGM-0285_nifti/volumes/T1.nii.gz	5780962
ucsf-pdgm/UCSF-PDGM-0285_nifti/volumes/T1c.nii.gz	5797650
ucsf-pdgm/UCSF-PDGM-0285_nifti/volumes/T2.nii.gz	5771449
ucsf-pdgm/UCSF-PDGM-0285_nifti/volumes/brain_mask.nii.gz	300688
ucsf-pdgm/UCSF-PDGM-0285_nifti/volumes/tumor_seg.nii.gz	234160
ucsf-pdgm/UCSF-PDGM-0286_nifti/preprocessing_metadata.json	2567
ucsf-pdgm/UCSF-PDGM-0286_nifti/volumes/ASL.nii.gz	5319950
ucsf-pdgm/UCSF-PDGM-0286_nifti/volumes/DWI.nii.gz	5346851
ucsf-pdgm/UCSF-PDGM-0286_nifti/volumes/FLAIR.nii.gz	5332219
ucsf-pdgm/UCSF-PDGM-0286_nifti/volumes/SWI.nii.gz	5325481
ucsf-pdgm/UCSF-PDGM-0286_nifti/volumes/T1.nii.gz	5337004
ucsf-pdgm/UCSF-PDGM-0286_nifti/volumes/T1c.nii.gz	5364277
ucsf-pdgm/UCSF-PDGM-0286_nifti/volumes/T2.nii.gz	5363431
ucsf-pdgm/UCSF-PDGM-0286_nifti/volumes/brain_mask.nii.gz	300770
ucsf-pdgm/UCSF-PDGM-0286_nifti/volumes/tumor_seg.nii.gz	185990
ucsf-pdgm/UCSF-PDGM-0287_nifti/preprocessing_metadata.json	2572
ucsf-pdgm/UCSF-PDGM-0287_nifti/volumes/ASL.nii.gz	5323410
ucsf-pdgm/UCSF-PDGM-0287_nifti/volumes/DWI.nii.gz	5378694
ucsf-pdgm/UCSF-PDGM-0287_nifti/volumes/FLAIR.nii.gz	5405817
ucsf-pdgm/UCSF-PDGM-0287_nifti/volumes/SWI.nii.gz	5337860
ucsf-pdgm/UCSF-PDGM-0287_nifti/volumes/T1.nii.gz	5384365
ucsf-pdgm/UCSF-PDGM-0287_nifti/volumes/T1c.nii.gz	5415839
ucsf-pdgm/UCSF-PDGM-0287_nifti/volumes/T2.nii.gz	5404648
ucsf-pdgm/UCSF-PDGM-0287_nifti/volumes/brain_mask.nii.gz	294876
ucsf-pdgm/UCSF-PDGM-0287_nifti/volumes/tumor_seg.nii.gz	190118
ucsf-pdgm/UCSF-PDGM-0288_nifti/preprocessing_metadata.json	2578
ucsf-pdgm/UCSF-PDGM-0288_nifti/volumes/ASL.nii.gz	7034085
ucsf-pdgm/UCSF-PDGM-0288_nifti/volumes/DWI.nii.gz	7204200
ucsf-pdgm/UCSF-PDGM-0288_nifti/volumes/FLAIR.nii.gz	7277887
ucsf-pdgm/UCSF-PDGM-0288_nifti/volumes/SWI.nii.gz	7212209
ucsf-pdgm/UCSF-PDGM-0288_nifti/volumes/T1.nii.gz	7243069
ucsf-pdgm/UCSF-PDGM-0288_nifti/volumes/T1c.nii.gz	7288065
ucsf-pdgm/UCSF-PDGM-0288_nifti/volumes/T2.nii.gz	7228366
ucsf-pdgm/UCSF-PDGM-0288_nifti/volumes/brain_mask.nii.gz	335025
ucsf-pdgm/UCSF-PDGM-0288_nifti/volumes/tumor_seg.nii.gz	195671
ucsf-pdgm/UCSF-PDGM-0290_nifti/preprocessing_metadata.json	2566
ucsf-pdgm/UCSF-PDGM-0290_nifti/volumes/ASL.nii.gz	5814657
ucsf-pdgm/UCSF-PDGM-0290_nifti/volumes/DWI.nii.gz	5860932
ucsf-pdgm/UCSF-PDGM-0290_nifti/volumes/FLAIR.nii.gz	5850004
ucsf-pdgm/UCSF-PDGM-0290_nifti/volumes/SWI.nii.gz	5778612
ucsf-pdgm/UCSF-PDGM-0290_nifti/volumes/T1.nii.gz	5841824
ucsf-pdgm/UCSF-PDGM-0290_nifti/volumes/T1c.nii.gz	5867432
ucsf-pdgm/UCSF-PDGM-0290_nifti/volumes/T2.nii.gz	5838979
ucsf-pdgm/UCSF-PDGM-0290_nifti/volumes/brain_mask.nii.gz	294730
ucsf-pdgm/UCSF-PDGM-0290_nifti/volumes/tumor_seg.nii.gz	187634
ucsf-pdgm/UCSF-PDGM-0291_nifti/preprocessing_metadata.json	2581
ucsf-pdgm/UCSF-PDGM-0291_nifti/volumes/ASL.nii.gz	5455297
ucsf-pdgm/UCSF-PDGM-0291_nifti/volumes/DWI.nii.gz	5487145
ucsf-pdgm/UCSF-PDGM-0291_nifti/volumes/FLAIR.nii.gz	5508767
ucsf-pdgm/UCSF-PDGM-0291_nifti/volumes/SWI.nii.gz	5509964
ucsf-pdgm/UCSF-PDGM-0291_nifti/volumes/T1.nii.gz	5475427
ucsf-pdgm/UCSF-PDGM-0291_nifti/volumes/T1c.nii.gz	5502830
ucsf-pdgm/UCSF-PDGM-0291_nifti/volumes/T2.nii.gz	5475255
ucsf-pdgm/UCSF-PDGM-0291_nifti/volumes/brain_mask.nii.gz	296764
ucsf-pdgm/UCSF-PDGM-0291_nifti/volumes/tumor_seg.nii.gz	201566
ucsf-pdgm/UCSF-PDGM-0295_nifti/preprocessing_metadata.json	2558
ucsf-pdgm/UCSF-PDGM-0295_nifti/volumes/ASL.nii.gz	5929281
ucsf-pdgm/UCSF-PDGM-0295_nifti/volumes/DWI.nii.gz	6028472
ucsf-pdgm/UCSF-PDGM-0295_nifti/volumes/FLAIR.nii.gz	6038092
ucsf-pdgm/UCSF-PDGM-0295_nifti/volumes/SWI.nii.gz	5927448
ucsf-pdgm/UCSF-PDGM-0295_nifti/volumes/T1.nii.gz	6009629
ucsf-pdgm/UCSF-PDGM-0295_nifti/volumes/T1c.nii.gz	6033848
ucsf-pdgm/UCSF-PDGM-0295_nifti/volumes/T2.nii.gz	6041507
ucsf-pdgm/UCSF-PDGM-0295_nifti/volumes/brain_mask.nii.gz	310578
ucsf-pdgm/UCSF-PDGM-0295_nifti/volumes/tumor_seg.nii.gz	201285
ucsf-pdgm/UCSF-PDGM-0296_nifti/preprocessing_metadata.json	2576
ucsf-pdgm/UCSF-PDGM-0296_nifti/volumes/ASL.nii.gz	7159196
ucsf-pdgm/UCSF-PDGM-0296_nifti/volumes/DWI.nii.gz	7184718
ucsf-pdgm/UCSF-PDGM-0296_nifti/volumes/FLAIR.nii.gz	7206492
ucsf-pdgm/UCSF-PDGM-0296_nifti/volumes/SWI.nii.gz	7131089
ucsf-pdgm/UCSF-PDGM-0296_nifti/volumes/T1.nii.gz	7167318
ucsf-pdgm/UCSF-PDGM-0296_nifti/volumes/T1c.nii.gz	7183087
ucsf-pdgm/UCSF-PDGM-0296_nifti/volumes/T2.nii.gz	7155193
ucsf-pdgm/UCSF-PDGM-0296_nifti/volumes/brain_mask.nii.gz	336876
ucsf-pdgm/UCSF-PDGM-0296_nifti/volumes/tumor_seg.nii.gz	202210
ucsf-pdgm/UCSF-PDGM-0297_nifti/preprocessing_metadata.json	2566
ucsf-pdgm/UCSF-PDGM-0297_nifti/volumes/ASL.nii.gz	6321458
ucsf-pdgm/UCSF-PDGM-0297_nifti/volumes/DWI.nii.gz	6345614
ucsf-pdgm/UCSF-PDGM-0297_nifti/volumes/FLAIR.nii.gz	6350694
ucsf-pdgm/UCSF-PDGM-0297_nifti/volumes/SWI.nii.gz	6316381
ucsf-pdgm/UCSF-PDGM-0297_nifti/volumes/T1.nii.gz	6317144
ucsf-pdgm/UCSF-PDGM-0297_nifti/volumes/T1c.nii.gz	6346585
ucsf-pdgm/UCSF-PDGM-0297_nifti/volumes/T2.nii.gz	6318669
ucsf-pdgm/UCSF-PDGM-0297_nifti/volumes/brain_mask.nii.gz	312150
ucsf-pdgm/UCSF-PDGM-0297_nifti/volumes/tumor_seg.nii.gz	244849
ucsf-pdgm/UCSF-PDGM-0298_nifti/preprocessing_metadata.json	2565
ucsf-pdgm/UCSF-PDGM-0298_nifti/volumes/ASL.nii.gz	6176050
ucsf-pdgm/UCSF-PDGM-0298_nifti/volumes/DWI.nii.gz	6227727
ucsf-pdgm/UCSF-PDGM-0298_nifti/volumes/FLAIR.nii.gz	6228774
ucsf-pdgm/UCSF-PDGM-0298_nifti/volumes/SWI.nii.gz	6193835
ucsf-pdgm/UCSF-PDGM-0298_nifti/volumes/T1.nii.gz	6203195
ucsf-pdgm/UCSF-PDGM-0298_nifti/volumes/T1c.nii.gz	6233494
ucsf-pdgm/UCSF-PDGM-0298_nifti/volumes/T2.nii.gz	6198802
ucsf-pdgm/UCSF-PDGM-0298_nifti/volumes/brain_mask.nii.gz	302942
ucsf-pdgm/UCSF-PDGM-0298_nifti/volumes/tumor_seg.nii.gz	169774
ucsf-pdgm/UCSF-PDGM-0300_nifti/preprocessing_metadata.json	2562
ucsf-pdgm/UCSF-PDGM-0300_nifti/volumes/ASL.nii.gz	5304178
ucsf-pdgm/UCSF-PDGM-0300_nifti/volumes/DWI.nii.gz	5329408
ucsf-pdgm/UCSF-PDGM-0300_nifti/volumes/FLAIR.nii.gz	5314135
ucsf-pdgm/UCSF-PDGM-0300_nifti/volumes/SWI.nii.gz	5308774
ucsf-pdgm/UCSF-PDGM-0300_nifti/volumes/T1.nii.gz	5315547
ucsf-pdgm/UCSF-PDGM-0300_nifti/volumes/T1c.nii.gz	5320091
ucsf-pdgm/UCSF-PDGM-0300_nifti/volumes/T2.nii.gz	5335258
ucsf-pdgm/UCSF-PDGM-0300_nifti/volumes/brain_mask.nii.gz	287222
ucsf-pdgm/UCSF-PDGM-0300_nifti/volumes/tumor_seg.nii.gz	169709
ucsf-pdgm/UCSF-PDGM-0302_nifti/preprocessing_metadata.json	2550
ucsf-pdgm/UCSF-PDGM-0302_nifti/volumes/ASL.nii.gz	6110492
ucsf-pdgm/UCSF-PDGM-0302_nifti/volumes/DWI.nii.gz	6341971
ucsf-pdgm/UCSF-PDGM-0302_nifti/volumes/FLAIR.nii.gz	6348134
ucsf-pdgm/UCSF-PDGM-0302_nifti/volumes/SWI.nii.gz	6261895
ucsf-pdgm/UCSF-PDGM-0302_nifti/volumes/T1.nii.gz	6322828
ucsf-pdgm/UCSF-PDGM-0302_nifti/volumes/T1c.nii.gz	6347520
ucsf-pdgm/UCSF-PDGM-0302_nifti/volumes/T2.nii.gz	6350784
ucsf-pdgm/UCSF-PDGM-0302_nifti/volumes/brain_mask.nii.gz	320432
ucsf-pdgm/UCSF-PDGM-0302_nifti/volumes/tumor_seg.nii.gz	208834
ucsf-pdgm/UCSF-PDGM-0303_nifti/preprocessing_metadata.json	2571
ucsf-pdgm/UCSF-PDGM-0303_nifti/volumes/ASL.nii.gz	6100379
ucsf-pdgm/UCSF-PDGM-0303_nifti/volumes/DWI.nii.gz	6133560
ucsf-pdgm/UCSF-PDGM-0303_nifti/volumes/FLAIR.nii.gz	6150891
ucsf-pdgm/UCSF-PDGM-0303_nifti/volumes/SWI.nii.gz	6117402
ucsf-pdgm/UCSF-PDGM-0303_nifti/volumes/T1.nii.gz	6143733
ucsf-pdgm/UCSF-PDGM-0303_nifti/volumes/T1c.nii.gz	6169597
ucsf-pdgm/UCSF-PDGM-0303_nifti/volumes/T2.nii.gz	6104090
ucsf-pdgm/UCSF-PDGM-0303_nifti/volumes/brain_mask.nii.gz	307406
ucsf-pdgm/UCSF-PDGM-0303_nifti/volumes/tumor_seg.nii.gz	258779
ucsf-pdgm/UCSF-PDGM-0304_nifti/preprocessing_metadata.json	2562
ucsf-pdgm/UCSF-PDGM-0304_nifti/volumes/ASL.nii.gz	5898438
ucsf-pdgm/UCSF-PDGM-0304_nifti/volumes/DWI.nii.gz	5927793
ucsf-pdgm/UCSF-PDGM-0304_nifti/volumes/FLAIR.nii.gz	5940445
ucsf-pdgm/UCSF-PDGM-0304_nifti/volumes/SWI.nii.gz	5864148
ucsf-pdgm/UCSF-PDGM-0304_nifti/volumes/T1.nii.gz	5908716
ucsf-pdgm/UCSF-PDGM-0304_nifti/volumes/T1c.nii.gz	5933698
ucsf-pdgm/UCSF-PDGM-0304_nifti/volumes/T2.nii.gz	5908015
ucsf-pdgm/UCSF-PDGM-0304_nifti/volumes/brain_mask.nii.gz	301884
ucsf-pdgm/UCSF-PDGM-0304_nifti/volumes/tumor_seg.nii.gz	165683
ucsf-pdgm/UCSF-PDGM-0305_nifti/preprocessing_metadata.json	2557
ucsf-pdgm/UCSF-PDGM-0305_nifti/volumes/ASL.nii.gz	5585621
ucsf-pdgm/UCSF-PDGM-0305_nifti/volumes/DWI.nii.gz	5621913
ucsf-pdgm/UCSF-PDGM-0305_nifti/volumes/FLAIR.nii.gz	5611172
ucsf-pdgm/UCSF-PDGM-0305_nifti/volumes/SWI.nii.gz	5617568
ucsf-pdgm/UCSF-PDGM-0305_nifti/volumes/T1.nii.gz	5604938
ucsf-pdgm/UCSF-PDGM-0305_nifti/volumes/T1c.nii.gz	5623845
ucsf-pdgm/UCSF-PDGM-0305_nifti/volumes/T2.nii.gz	5620496
ucsf-pdgm/UCSF-PDGM-0305_nifti/volumes/brain_mask.nii.gz	307420
ucsf-pdgm/UCSF-PDGM-0305_nifti/volumes/tumor_seg.nii.gz	168660
ucsf-pdgm/UCSF-PDGM-0306_nifti/preprocessing_metadata.json	2573
ucsf-pdgm/UCSF-PDGM-0306_nifti/volumes/ASL.nii.gz	5858769
ucsf-pdgm/UCSF-PDGM-0306_nifti/volumes/DWI.nii.gz	5872441
ucsf-pdgm/UCSF-PDGM-0306_nifti/volumes/FLAIR.nii.gz	5889322
ucsf-pdgm/UCSF-PDGM-0306_nifti/volumes/SWI.nii.gz	5802590
ucsf-pdgm/UCSF-PDGM-0306_nifti/volumes/T1.nii.gz	5850278
ucsf-pdgm/UCSF-PDGM-0306_nifti/volumes/T1c.nii.gz	5892487
ucsf-pdgm/UCSF-PDGM-0306_nifti/volumes/T2.nii.gz	5882511
ucsf-pdgm/UCSF-PDGM-0306_nifti/volumes/brain_mask.nii.gz	302788
ucsf-pdgm/UCSF-PDGM-0306_nifti/volumes/tumor_seg.nii.gz	206432
ucsf-pdgm/UCSF-PDGM-0307_nifti/preprocessing_metadata.json	2547
ucsf-pdgm/UCSF-PDGM-0307_nifti/volumes/ASL.nii.gz	6943652
ucsf-pdgm/UCSF-PDGM-0307_nifti/volumes/DWI.nii.gz	6992015
ucsf-pdgm/UCSF-PDGM-0307_nifti/volumes/FLAIR.nii.gz	6978022
ucsf-pdgm/UCSF-PDGM-0307_nifti/volumes/SWI.nii.gz	6999486
ucsf-pdgm/UCSF-PDGM-0307_nifti/volumes/T1.nii.gz	6945773
ucsf-pdgm/UCSF-PDGM-0307_nifti/volumes/T1c.nii.gz	6963956
ucsf-pdgm/UCSF-PDGM-0307_nifti/volumes/T2.nii.gz	6975874
ucsf-pdgm/UCSF-PDGM-0307_nifti/volumes/brain_mask.nii.gz	338686
ucsf-pdgm/UCSF-PDGM-0307_nifti/volumes/tumor_seg.nii.gz	175556
ucsf-pdgm/UCSF-PDGM-0308_nifti/preprocessing_metadata.json	2577
ucsf-pdgm/UCSF-PDGM-0308_nifti/volumes/ASL.nii.gz	5821849
ucsf-pdgm/UCSF-PDGM-0308_nifti/volumes/DWI.nii.gz	6152801
ucsf-pdgm/UCSF-PDGM-0308_nifti/volumes/FLAIR.nii.gz	6145965
ucsf-pdgm/UCSF-PDGM-0308_nifti/volumes/SWI.nii.gz	6094712
ucsf-pdgm/UCSF-PDGM-0308_nifti/volumes/T1.nii.gz	6122515
ucsf-pdgm/UCSF-PDGM-0308_nifti/volumes/T1c.nii.gz	6160467
ucsf-pdgm/UCSF-PDGM-0308_nifti/volumes/T2.nii.gz	6156663
ucsf-pdgm/UCSF-PDGM-0308_nifti/volumes/brain_mask.nii.gz	314007
ucsf-pdgm/UCSF-PDGM-0308_nifti/volumes/tumor_seg.nii.gz	200094
ucsf-pdgm/UCSF-PDGM-0309_nifti/preprocessing_metadata.json	2573
ucsf-pdgm/UCSF-PDGM-0309_nifti/volumes/ASL.nii.gz	7046355
ucsf-pdgm/UCSF-PDGM-0309_nifti/volumes/DWI.nii.gz	7072043
ucsf-pdgm/UCSF-PDGM-0309_nifti/volumes/FLAIR.nii.gz	7100984
ucsf-pdgm/UCSF-PDGM-0309_nifti/volumes/SWI.nii.gz	7096136
ucsf-pdgm/UCSF-PDGM-0309_nifti/volumes/T1.nii.gz	7037953
ucsf-pdgm/UCSF-PDGM-0309_nifti/volumes/T1c.nii.gz	7089721
ucsf-pdgm/UCSF-PDGM-0309_nifti/volumes/T2.nii.gz	7046605
ucsf-pdgm/UCSF-PDGM-0309_nifti/volumes/brain_mask.nii.gz	342484
ucsf-pdgm/UCSF-PDGM-0309_nifti/volumes/tumor_seg.nii.gz	234822
ucsf-pdgm/UCSF-PDGM-0310_nifti/preprocessing_metadata.json	2562
ucsf-pdgm/UCSF-PDGM-0310_nifti/volumes/ASL.nii.gz	5967489
ucsf-pdgm/UCSF-PDGM-0310_nifti/volumes/DWI.nii.gz	6091026
ucsf-pdgm/UCSF-PDGM-0310_nifti/volumes/FLAIR.nii.gz	6119121
ucsf-pdgm/UCSF-PDGM-0310_nifti/volumes/SWI.nii.gz	6034481
ucsf-pdgm/UCSF-PDGM-0310_nifti/volumes/T1.nii.gz	6079249
ucsf-pdgm/UCSF-PDGM-0310_nifti/volumes/T1c.nii.gz	6128085
ucsf-pdgm/UCSF-PDGM-0310_nifti/volumes/T2.nii.gz	6074244
ucsf-pdgm/UCSF-PDGM-0310_nifti/volumes/brain_mask.nii.gz	322666
ucsf-pdgm/UCSF-PDGM-0310_nifti/volumes/tumor_seg.nii.gz	231458
ucsf-pdgm/UCSF-PDGM-0311_nifti/preprocessing_metadata.json	2585
ucsf-pdgm/UCSF-PDGM-0311_nifti/volumes/ASL.nii.gz	6599336
ucsf-pdgm/UCSF-PDGM-0311_nifti/volumes/DWI.nii.gz	6831550
ucsf-pdgm/UCSF-PDGM-0311_nifti/volumes/FLAIR.nii.gz	6849814
ucsf-pdgm/UCSF-PDGM-0311_nifti/volumes/SWI.nii.gz	6837983
ucsf-pdgm/UCSF-PDGM-0311_nifti/volumes/T1.nii.gz	6795154
ucsf-pdgm/UCSF-PDGM-0311_nifti/volumes/T1c.nii.gz	6836738
ucsf-pdgm/UCSF-PDGM-0311_nifti/volumes/T2.nii.gz	6794115
ucsf-pdgm/UCSF-PDGM-0311_nifti/volumes/brain_mask.nii.gz	331998
ucsf-pdgm/UCSF-PDGM-0311_nifti/volumes/tumor_seg.nii.gz	247888
ucsf-pdgm/UCSF-PDGM-0312_nifti/preprocessing_metadata.json	2568
ucsf-pdgm/UCSF-PDGM-0312_nifti/volumes/ASL.nii.gz	4947650
ucsf-pdgm/UCSF-PDGM-0312_nifti/volumes/DWI.nii.gz	4944451
ucsf-pdgm/UCSF-PDGM-0312_nifti/volumes/FLAIR.nii.gz	4979824
ucsf-pdgm/UCSF-PDGM-0312_nifti/volumes/SWI.nii.gz	4915118
ucsf-pdgm/UCSF-PDGM-0312_nifti/volumes/T1.nii.gz	4946104
ucsf-pdgm/UCSF-PDGM-0312_nifti/volumes/T1c.nii.gz	4979894
ucsf-pdgm/UCSF-PDGM-0312_nifti/volumes/T2.nii.gz	4948372
ucsf-pdgm/UCSF-PDGM-0312_nifti/volumes/brain_mask.nii.gz	277901
ucsf-pdgm/UCSF-PDGM-0312_nifti/volumes/tumor_seg.nii.gz	158580
ucsf-pdgm/UCSF-PDGM-0313_nifti/preprocessing_metadata.json	2555
ucsf-pdgm/UCSF-PDGM-0313_nifti/volumes/ASL.nii.gz	5947838
ucsf-pdgm/UCSF-PDGM-0313_nifti/volumes/DWI.nii.gz	5970509
ucsf-pdgm/UCSF-PDGM-0313_nifti/volumes/FLAIR.nii.gz	5999829
ucsf-pdgm/UCSF-PDGM-0313_nifti/volumes/SWI.nii.gz	5955566
ucsf-pdgm/UCSF-PDGM-0313_nifti/volumes/T1.nii.gz	5965583
ucsf-pdgm/UCSF-PDGM-0313_nifti/volumes/T1c.nii.gz	6012463
ucsf-pdgm/UCSF-PDGM-0313_nifti/volumes/T2.nii.gz	5964173
ucsf-pdgm/UCSF-PDGM-0313_nifti/volumes/brain_mask.nii.gz	315077
ucsf-pdgm/UCSF-PDGM-0313_nifti/volumes/tumor_seg.nii.gz	212703
ucsf-pdgm/UCSF-PDGM-0314_nifti/preprocessing_metadata.json	2582
ucsf-pdgm/UCSF-PDGM-0314_nifti/volumes/ASL.nii.gz	6603438
ucsf-pdgm/UCSF-PDGM-0314_nifti/volumes/DWI.nii.gz	6611398
ucsf-pdgm/UCSF-PDGM-0314_nifti/volumes/FLAIR.nii.gz	6664873
ucsf-pdgm/UCSF-PDGM-0314_nifti/volumes/SWI.nii.gz	6576774
ucsf-pdgm/UCSF-PDGM-0314_nifti/volumes/T1.nii.gz	6635143
ucsf-pdgm/UCSF-PDGM-0314_nifti/volumes/T1c.nii.gz	6665755
ucsf-pdgm/UCSF-PDGM-0314_nifti/volumes/T2.nii.gz	6623823
ucsf-pdgm/UCSF-PDGM-0314_nifti/volumes/brain_mask.nii.gz	334973
ucsf-pdgm/UCSF-PDGM-0314_nifti/volumes/tumor_seg.nii.gz	248111
ucsf-pdgm/UCSF-PDGM-0316_nifti/preprocessing_metadata.json	2557
ucsf-pdgm/UCSF-PDGM-0316_nifti/volumes/ASL.nii.gz	6275125
ucsf-pdgm/UCSF-PDGM-0316_nifti/volumes/DWI.nii.gz	6333468
ucsf-pdgm/UCSF-PDGM-0316_nifti/volumes/FLAIR.nii.gz	6344681
ucsf-pdgm/UCSF-PDGM-0316_nifti/volumes/SWI.nii.gz	6305172
ucsf-pdgm/UCSF-PDGM-0316_nifti/volumes/T1.nii.gz	6307551
ucsf-pdgm/UCSF-PDGM-0316_nifti/volumes/T1c.nii.gz	6340095
ucsf-pdgm/UCSF-PDGM-0316_nifti/volumes/T2.nii.gz	6283423
ucsf-pdgm/UCSF-PDGM-0316_nifti/volumes/brain_mask.nii.gz	322144
ucsf-pdgm/UCSF-PDGM-0316_nifti/volumes/tumor_seg.nii.gz	208400
ucsf-pdgm/UCSF-PDGM-0317_nifti/preprocessing_metadata.json	2578
ucsf-pdgm/UCSF-PDGM-0317_nifti/volumes/ASL.nii.gz	6322899
ucsf-pdgm/UCSF-PDGM-0317_nifti/volumes/DWI.nii.gz	6330618
ucsf-pdgm/UCSF-PDGM-0317_nifti/volumes/FLAIR.nii.gz	6364276
ucsf-pdgm/UCSF-PDGM-0317_nifti/volumes/SWI.nii.gz	6344372
ucsf-pdgm/UCSF-PDGM-0317_nifti/volumes/T1.nii.gz	6329478
ucsf-pdgm/UCSF-PDGM-0317_nifti/volumes/T1c.nii.gz	6363952
ucsf-pdgm/UCSF-PDGM-0317_nifti/volumes/T2.nii.gz	6327267
ucsf-pdgm/UCSF-PDGM-0317_nifti/volumes/brain_mask.nii.gz	320173
ucsf-pdgm/UCSF-PDGM-0317_nifti/volumes/tumor_seg.nii.gz	184003
ucsf-pdgm/UCSF-PDGM-0318_nifti/preprocessing_metadata.json	2583
ucsf-pdgm/UCSF-PDGM-0318_nifti/volumes/ASL.nii.gz	4720856
ucsf-pdgm/UCSF-PDGM-0318_nifti/volumes/DWI.nii.gz	4852813
ucsf-pdgm/UCSF-PDGM-0318_nifti/volumes/FLAIR.nii.gz	4852217
ucsf-pdgm/UCSF-PDGM-0318_nifti/volumes/SWI.nii.gz	4792806
ucsf-pdgm/UCSF-PDGM-0318_nifti/volumes/T1.nii.gz	4848212
ucsf-pdgm/UCSF-PDGM-0318_nifti/volumes/T1c.nii.gz	4874167
ucsf-pdgm/UCSF-PDGM-0318_nifti/volumes/T2.nii.gz	4881098
ucsf-pdgm/UCSF-PDGM-0318_nifti/volumes/brain_mask.nii.gz	283681
ucsf-pdgm/UCSF-PDGM-0318_nifti/volumes/tumor_seg.nii.gz	212520
ucsf-pdgm/UCSF-PDGM-0319_nifti/preprocessing_metadata.json	2578
ucsf-pdgm/UCSF-PDGM-0319_nifti/volumes/ASL.nii.gz	5576053
ucsf-pdgm/UCSF-PDGM-0319_nifti/volumes/DWI.nii.gz	5735633
ucsf-pdgm/UCSF-PDGM-0319_nifti/volumes/FLAIR.nii.gz	5783062
ucsf-pdgm/UCSF-PDGM-0319_nifti/volumes/SWI.nii.gz	5700562
ucsf-pdgm/UCSF-PDGM-0319_nifti/volumes/T1.nii.gz	5749017
ucsf-pdgm/UCSF-PDGM-0319_nifti/volumes/T1c.nii.gz	5790805
ucsf-pdgm/UCSF-PDGM-0319_nifti/volumes/T2.nii.gz	5744761
ucsf-pdgm/UCSF-PDGM-0319_nifti/volumes/brain_mask.nii.gz	293015
ucsf-pdgm/UCSF-PDGM-0319_nifti/volumes/tumor_seg.nii.gz	237629
ucsf-pdgm/UCSF-PDGM-0320_nifti/preprocessing_metadata.json	2582
ucsf-pdgm/UCSF-PDGM-0320_nifti/volumes/ASL.nii.gz	6042848
ucsf-pdgm/UCSF-PDGM-0320_nifti/volumes/DWI.nii.gz	6075199
ucsf-pdgm/UCSF-PDGM-0320_nifti/volumes/FLAIR.nii.gz	6099092
ucsf-pdgm/UCSF-PDGM-0320_nifti/volumes/SWI.nii.gz	6007412
ucsf-pdgm/UCSF-PDGM-0320_nifti/volumes/T1.nii.gz	6051267
ucsf-pdgm/UCSF-PDGM-0320_nifti/volumes/T1c.nii.gz	6086567
ucsf-pdgm/UCSF-PDGM-0320_nifti/volumes/T2.nii.gz	6076155
ucsf-pdgm/UCSF-PDGM-0320_nifti/volumes/brain_mask.nii.gz	311916
ucsf-pdgm/UCSF-PDGM-0320_nifti/volumes/tumor_seg.nii.gz	170416
ucsf-pdgm/UCSF-PDGM-0321_nifti/preprocessing_metadata.json	2579
ucsf-pdgm/UCSF-PDGM-0321_nifti/volumes/ASL.nii.gz	4995481
ucsf-pdgm/UCSF-PDGM-0321_nifti/volumes/DWI.nii.gz	5014752
ucsf-pdgm/UCSF-PDGM-0321_nifti/volumes/FLAIR.nii.gz	5025701
ucsf-pdgm/UCSF-PDGM-0321_nifti/volumes/SWI.nii.gz	4988395
ucsf-pdgm/UCSF-PDGM-0321_nifti/volumes/T1.nii.gz	5009572
ucsf-pdgm/UCSF-PDGM-0321_nifti/volumes/T1c.nii.gz	5033261
ucsf-pdgm/UCSF-PDGM-0321_nifti/volumes/T2.nii.gz	5013006
ucsf-pdgm/UCSF-PDGM-0321_nifti/volumes/brain_mask.nii.gz	283241
ucsf-pdgm/UCSF-PDGM-0321_nifti/volumes/tumor_seg.nii.gz	190922
ucsf-pdgm/UCSF-PDGM-0323_nifti/preprocessing_metadata.json	2578
ucsf-pdgm/UCSF-PDGM-0323_nifti/volumes/ASL.nii.gz	7090096
ucsf-pdgm/UCSF-PDGM-0323_nifti/volumes/DWI.nii.gz	7152715
ucsf-pdgm/UCSF-PDGM-0323_nifti/volumes/FLAIR.nii.gz	7184557
ucsf-pdgm/UCSF-PDGM-0323_nifti/volumes/SWI.nii.gz	7081163
ucsf-pdgm/UCSF-PDGM-0323_nifti/volumes/T1.nii.gz	7146710
ucsf-pdgm/UCSF-PDGM-0323_nifti/volumes/T1c.nii.gz	7194630
ucsf-pdgm/UCSF-PDGM-0323_nifti/volumes/T2.nii.gz	7138348
ucsf-pdgm/UCSF-PDGM-0323_nifti/volumes/brain_mask.nii.gz	338923
ucsf-pdgm/UCSF-PDGM-0323_nifti/volumes/tumor_seg.nii.gz	229364
ucsf-pdgm/UCSF-PDGM-0324_nifti/preprocessing_metadata.json	2578
ucsf-pdgm/UCSF-PDGM-0324_nifti/volumes/ASL.nii.gz	6822655
ucsf-pdgm/UCSF-PDGM-0324_nifti/volumes/DWI.nii.gz	6916373
ucsf-pdgm/UCSF-PDGM-0324_nifti/volumes/FLAIR.nii.gz	6911063
ucsf-pdgm/UCSF-PDGM-0324_nifti/volumes/SWI.nii.gz	6898058
ucsf-pdgm/UCSF-PDGM-0324_nifti/volumes/T1.nii.gz	6876960
ucsf-pdgm/UCSF-PDGM-0324_nifti/volumes/T1c.nii.gz	6901586
ucsf-pdgm/UCSF-PDGM-0324_nifti/volumes/T2.nii.gz	6890809
ucsf-pdgm/UCSF-PDGM-0324_nifti/volumes/brain_mask.nii.gz	333419
ucsf-pdgm/UCSF-PDGM-0324_nifti/volumes/tumor_seg.nii.gz	204542
ucsf-pdgm/UCSF-PDGM-0325_nifti/preprocessing_metadata.json	2577
ucsf-pdgm/UCSF-PDGM-0325_nifti/volumes/ASL.nii.gz	5699587
ucsf-pdgm/UCSF-PDGM-0325_nifti/volumes/DWI.nii.gz	5758663
ucsf-pdgm/UCSF-PDGM-0325_nifti/volumes/FLAIR.nii.gz	5760558
ucsf-pdgm/UCSF-PDGM-0325_nifti/volumes/SWI.nii.gz	5729916
ucsf-pdgm/UCSF-PDGM-0325_nifti/volumes/T1.nii.gz	5738083
ucsf-pdgm/UCSF-PDGM-0325_nifti/volumes/T1c.nii.gz	5762102
ucsf-pdgm/UCSF-PDGM-0325_nifti/volumes/T2.nii.gz	5714800
ucsf-pdgm/UCSF-PDGM-0325_nifti/volumes/brain_mask.nii.gz	292320
ucsf-pdgm/UCSF-PDGM-0325_nifti/volumes/tumor_seg.nii.gz	206848
ucsf-pdgm/UCSF-PDGM-0326_nifti/preprocessing_metadata.json	2553
ucsf-pdgm/UCSF-PDGM-0326_nifti/volumes/ASL.nii.gz	5384291
ucsf-pdgm/UCSF-PDGM-0326_nifti/volumes/DWI.nii.gz	5394655
ucsf-pdgm/UCSF-PDGM-0326_nifti/volumes/FLAIR.nii.gz	5396181
ucsf-pdgm/UCSF-PDGM-0326_nifti/volumes/SWI.nii.gz	5325877
ucsf-pdgm/UCSF-PDGM-0326_nifti/volumes/T1.nii.gz	5379172
ucsf-pdgm/UCSF-PDGM-0326_nifti/volumes/T1c.nii.gz	5411774
ucsf-pdgm/UCSF-PDGM-0326_nifti/volumes/T2.nii.gz	5401193
ucsf-pdgm/UCSF-PDGM-0326_nifti/volumes/brain_mask.nii.gz	289198
ucsf-pdgm/UCSF-PDGM-0326_nifti/volumes/tumor_seg.nii.gz	186564
ucsf-pdgm/UCSF-PDGM-0327_nifti/preprocessing_metadata.json	2549
ucsf-pdgm/UCSF-PDGM-0327_nifti/volumes/ASL.nii.gz	6360327
ucsf-pdgm/UCSF-PDGM-0327_nifti/volumes/DWI.nii.gz	6399319
ucsf-pdgm/UCSF-PDGM-0327_nifti/volumes/FLAIR.nii.gz	6405546
ucsf-pdgm/UCSF-PDGM-0327_nifti/volumes/SWI.nii.gz	6357244
ucsf-pdgm/UCSF-PDGM-0327_nifti/volumes/T1.nii.gz	6377652
ucsf-pdgm/UCSF-PDGM-0327_nifti/volumes/T1c.nii.gz	6404264
ucsf-pdgm/UCSF-PDGM-0327_nifti/volumes/T2.nii.gz	6375480
ucsf-pdgm/UCSF-PDGM-0327_nifti/volumes/brain_mask.nii.gz	316228
ucsf-pdgm/UCSF-PDGM-0327_nifti/volumes/tumor_seg.nii.gz	184573
ucsf-pdgm/UCSF-PDGM-0328_nifti/preprocessing_metadata.json	2554
ucsf-pdgm/UCSF-PDGM-0328_nifti/volumes/ASL.nii.gz	5528060
ucsf-pdgm/UCSF-PDGM-0328_nifti/volumes/DWI.nii.gz	5534550
ucsf-pdgm/UCSF-PDGM-0328_nifti/volumes/FLAIR.nii.gz	5570897
ucsf-pdgm/UCSF-PDGM-0328_nifti/volumes/SWI.nii.gz	5550411
ucsf-pdgm/UCSF-PDGM-0328_nifti/volumes/T1.nii.gz	5543878
ucsf-pdgm/UCSF-PDGM-0328_nifti/volumes/T1c.nii.gz	5572432
ucsf-pdgm/UCSF-PDGM-0328_nifti/volumes/T2.nii.gz	5539401
ucsf-pdgm/UCSF-PDGM-0328_nifti/volumes/brain_mask.nii.gz	285218
ucsf-pdgm/UCSF-PDGM-0328_nifti/volumes/tumor_seg.nii.gz	195032
ucsf-pdgm/UCSF-PDGM-0329_nifti/preprocessing_metadata.json	2585
ucsf-pdgm/UCSF-PDGM-0329_nifti/volumes/ASL.nii.gz	5812960
ucsf-pdgm/UCSF-PDGM-0329_nifti/volumes/DWI.nii.gz	5696506
ucsf-pdgm/UCSF-PDGM-0329_nifti/volumes/FLAIR.nii.gz	5834824
ucsf-pdgm/UCSF-PDGM-0329_nifti/volumes/SWI.nii.gz	5834839
ucsf-pdgm/UCSF-PDGM-0329_nifti/volumes/T1.nii.gz	5816711
ucsf-pdgm/UCSF-PDGM-0329_nifti/volumes/T1c.nii.gz	5845881
ucsf-pdgm/UCSF-PDGM-0329_nifti/volumes/T2.nii.gz	5831100
ucsf-pdgm/UCSF-PDGM-0329_nifti/volumes/brain_mask.nii.gz	303555
ucsf-pdgm/UCSF-PDGM-0329_nifti/volumes/tumor_seg.nii.gz	219237
ucsf-pdgm/UCSF-PDGM-0330_nifti/preprocessing_metadata.json	2563
ucsf-pdgm/UCSF-PDGM-0330_nifti/volumes/ASL.nii.gz	6111627
ucsf-pdgm/UCSF-PDGM-0330_nifti/volumes/DWI.nii.gz	6164100
ucsf-pdgm/UCSF-PDGM-0330_nifti/volumes/FLAIR.nii.gz	6166680
ucsf-pdgm/UCSF-PDGM-0330_nifti/volumes/SWI.nii.gz	6147090
ucsf-pdgm/UCSF-PDGM-0330_nifti/volumes/T1.nii.gz	6126791
ucsf-pdgm/UCSF-PDGM-0330_nifti/volumes/T1c.nii.gz	6165580
ucsf-pdgm/UCSF-PDGM-0330_nifti/volumes/T2.nii.gz	6125492
ucsf-pdgm/UCSF-PDGM-0330_nifti/volumes/brain_mask.nii.gz	317329
ucsf-pdgm/UCSF-PDGM-0330_nifti/volumes/tumor_seg.nii.gz	247689
ucsf-pdgm/UCSF-PDGM-0331_nifti/preprocessing_metadata.json	2571
ucsf-pdgm/UCSF-PDGM-0331_nifti/volumes/ASL.nii.gz	5864238
ucsf-pdgm/UCSF-PDGM-0331_nifti/volumes/DWI.nii.gz	5892900
ucsf-pdgm/UCSF-PDGM-0331_nifti/volumes/FLAIR.nii.gz	5894711
ucsf-pdgm/UCSF-PDGM-0331_nifti/volumes/SWI.nii.gz	5877702
ucsf-pdgm/UCSF-PDGM-0331_nifti/volumes/T1.nii.gz	5890816
ucsf-pdgm/UCSF-PDGM-0331_nifti/volumes/T1c.nii.gz	5902029
ucsf-pdgm/UCSF-PDGM-0331_nifti/volumes/T2.nii.gz	5853140
ucsf-pdgm/UCSF-PDGM-0331_nifti/volumes/brain_mask.nii.gz	306475
ucsf-pdgm/UCSF-PDGM-0331_nifti/volumes/tumor_seg.nii.gz	189863
ucsf-pdgm/UCSF-PDGM-0332_nifti/preprocessing_metadata.json	2578
ucsf-pdgm/UCSF-PDGM-0332_nifti/volumes/ASL.nii.gz	5156343
ucsf-pdgm/UCSF-PDGM-0332_nifti/volumes/DWI.nii.gz	5140163
ucsf-pdgm/UCSF-PDGM-0332_nifti/volumes/FLAIR.nii.gz	5145571
ucsf-pdgm/UCSF-PDGM-0332_nifti/volumes/SWI.nii.gz	5121569
ucsf-pdgm/UCSF-PDGM-0332_nifti/volumes/T1.nii.gz	5132926
ucsf-pdgm/UCSF-PDGM-0332_nifti/volumes/T1c.nii.gz	5165089
ucsf-pdgm/UCSF-PDGM-0332_nifti/volumes/T2.nii.gz	5119206
ucsf-pdgm/UCSF-PDGM-0332_nifti/volumes/brain_mask.nii.gz	290257
ucsf-pdgm/UCSF-PDGM-0332_nifti/volumes/tumor_seg.nii.gz	193363
ucsf-pdgm/UCSF-PDGM-0333_nifti/preprocessing_metadata.json	2565
ucsf-pdgm/UCSF-PDGM-0333_nifti/volumes/ASL.nii.gz	5758716
ucsf-pdgm/UCSF-PDGM-0333_nifti/volumes/DWI.nii.gz	5514350
ucsf-pdgm/UCSF-PDGM-0333_nifti/volumes/FLAIR.nii.gz	5775034
ucsf-pdgm/UCSF-PDGM-0333_nifti/volumes/SWI.nii.gz	5759419
ucsf-pdgm/UCSF-PDGM-0333_nifti/volumes/T1.nii.gz	5760342
ucsf-pdgm/UCSF-PDGM-0333_nifti/volumes/T1c.nii.gz	5797865
ucsf-pdgm/UCSF-PDGM-0333_nifti/volumes/T2.nii.gz	5742516
ucsf-pdgm/UCSF-PDGM-0333_nifti/volumes/brain_mask.nii.gz	303292
ucsf-pdgm/UCSF-PDGM-0333_nifti/volumes/tumor_seg.nii.gz	176772
ucsf-pdgm/UCSF-PDGM-0334_nifti/preprocessing_metadata.json	2577
ucsf-pdgm/UCSF-PDGM-0334_nifti/volumes/ASL.nii.gz	5337598
ucsf-pdgm/UCSF-PDGM-0334_nifti/volumes/DWI.nii.gz	5363655
ucsf-pdgm/UCSF-PDGM-0334_nifti/volumes/FLAIR.nii.gz	5365090
ucsf-pdgm/UCSF-PDGM-0334_nifti/volumes/SWI.nii.gz	5335757
ucsf-pdgm/UCSF-PDGM-0334_nifti/volumes/T1.nii.gz	5343215
ucsf-pdgm/UCSF-PDGM-0334_nifti/volumes/T1c.nii.gz	5366075
ucsf-pdgm/UCSF-PDGM-0334_nifti/volumes/T2.nii.gz	5348357
ucsf-pdgm/UCSF-PDGM-0334_nifti/volumes/brain_mask.nii.gz	285734
ucsf-pdgm/UCSF-PDGM-0334_nifti/volumes/tumor_seg.nii.gz	178464
ucsf-pdgm/UCSF-PDGM-0335_nifti/preprocessing_metadata.json	2573
ucsf-pdgm/UCSF-PDGM-0335_nifti/volumes/ASL.nii.gz	5832063
ucsf-pdgm/UCSF-PDGM-0335_nifti/volumes/DWI.nii.gz	5863072
ucsf-pdgm/UCSF-PDGM-0335_nifti/volumes/FLAIR.nii.gz	5870683
ucsf-pdgm/UCSF-PDGM-0335_nifti/volumes/SWI.nii.gz	5857673
ucsf-pdgm/UCSF-PDGM-0335_nifti/volumes/T1.nii.gz	5817025
ucsf-pdgm/UCSF-PDGM-0335_nifti/volumes/T1c.nii.gz	5867844
ucsf-pdgm/UCSF-PDGM-0335_nifti/volumes/T2.nii.gz	5825000
ucsf-pdgm/UCSF-PDGM-0335_nifti/volumes/brain_mask.nii.gz	307053
ucsf-pdgm/UCSF-PDGM-0335_nifti/volumes/tumor_seg.nii.gz	175631
ucsf-pdgm/UCSF-PDGM-0336_nifti/preprocessing_metadata.json	2569
ucsf-pdgm/UCSF-PDGM-0336_nifti/volumes/ASL.nii.gz	5958877
ucsf-pdgm/UCSF-PDGM-0336_nifti/volumes/DWI.nii.gz	5963868
ucsf-pdgm/UCSF-PDGM-0336_nifti/volumes/FLAIR.nii.gz	5982544
ucsf-pdgm/UCSF-PDGM-0336_nifti/volumes/SWI.nii.gz	5951777
ucsf-pdgm/UCSF-PDGM-0336_nifti/volumes/T1.nii.gz	5949758
ucsf-pdgm/UCSF-PDGM-0336_nifti/volumes/T1c.nii.gz	5996953
ucsf-pdgm/UCSF-PDGM-0336_nifti/volumes/T2.nii.gz	5981054
ucsf-pdgm/UCSF-PDGM-0336_nifti/volumes/brain_mask.nii.gz	313255
ucsf-pdgm/UCSF-PDGM-0336_nifti/volumes/tumor_seg.nii.gz	219145
ucsf-pdgm/UCSF-PDGM-0337_nifti/preprocessing_metadata.json	2591
ucsf-pdgm/UCSF-PDGM-0337_nifti/volumes/ASL.nii.gz	6020478
ucsf-pdgm/UCSF-PDGM-0337_nifti/volumes/DWI.nii.gz	6109474
ucsf-pdgm/UCSF-PDGM-0337_nifti/volumes/FLAIR.nii.gz	6083703
ucsf-pdgm/UCSF-PDGM-0337_nifti/volumes/SWI.nii.gz	6097525
ucsf-pdgm/UCSF-PDGM-0337_nifti/volumes/T1.nii.gz	6063981
ucsf-pdgm/UCSF-PDGM-0337_nifti/volumes/T1c.nii.gz	6097632
ucsf-pdgm/UCSF-PDGM-0337_nifti/volumes/T2.nii.gz	6047063
ucsf-pdgm/UCSF-PDGM-0337_nifti/volumes/brain_mask.nii.gz	311607
ucsf-pdgm/UCSF-PDGM-0337_nifti/volumes/tumor_seg.nii.gz	227358
ucsf-pdgm/UCSF-PDGM-0338_nifti/preprocessing_metadata.json	2582
ucsf-pdgm/UCSF-PDGM-0338_nifti/volumes/ASL.nii.gz	6600218
ucsf-pdgm/UCSF-PDGM-0338_nifti/volumes/DWI.nii.gz	6642053
ucsf-pdgm/UCSF-PDGM-0338_nifti/volumes/FLAIR.nii.gz	6639755
ucsf-pdgm/UCSF-PDGM-0338_nifti/volumes/SWI.nii.gz	6624780
ucsf-pdgm/UCSF-PDGM-0338_nifti/volumes/T1.nii.gz	6602809
ucsf-pdgm/UCSF-PDGM-0338_nifti/volumes/T1c.nii.gz	6647622
ucsf-pdgm/UCSF-PDGM-0338_nifti/volumes/T2.nii.gz	6597656
ucsf-pdgm/UCSF-PDGM-0338_nifti/volumes/brain_mask.nii.gz	327699
ucsf-pdgm/UCSF-PDGM-0338_nifti/volumes/tumor_seg.nii.gz	260428
ucsf-pdgm/UCSF-PDGM-0339_nifti/preprocessing_metadata.json	2583
ucsf-pdgm/UCSF-PDGM-0339_nifti/volumes/ASL.nii.gz	5979484
ucsf-pdgm/UCSF-PDGM-0339_nifti/volumes/DWI.nii.gz	5999593
ucsf-pdgm/UCSF-PDGM-0339_nifti/volumes/FLAIR.nii.gz	6003328
ucsf-pdgm/UCSF-PDGM-0339_nifti/volumes/SWI.nii.gz	5984017
ucsf-pdgm/UCSF-PDGM-0339_nifti/volumes/T1.nii.gz	5969102
ucsf-pdgm/UCSF-PDGM-0339_nifti/volumes/T1c.nii.gz	6019935
ucsf-pdgm/UCSF-PDGM-0339_nifti/volumes/T2.nii.gz	5972943
ucsf-pdgm/UCSF-PDGM-0339_nifti/volumes/brain_mask.nii.gz	304259
ucsf-pdgm/UCSF-PDGM-0339_nifti/volumes/tumor_seg.nii.gz	185739
ucsf-pdgm/UCSF-PDGM-0340_nifti/preprocessing_metadata.json	2560
ucsf-pdgm/UCSF-PDGM-0340_nifti/volumes/ASL.nii.gz	5694424
ucsf-pdgm/UCSF-PDGM-0340_nifti/volumes/DWI.nii.gz	5730287
ucsf-pdgm/UCSF-PDGM-0340_nifti/volumes/FLAIR.nii.gz	5725947
ucsf-pdgm/UCSF-PDGM-0340_nifti/volumes/SWI.nii.gz	5744511
ucsf-pdgm/UCSF-PDGM-0340_nifti/volumes/T1.nii.gz	5689527
ucsf-pdgm/UCSF-PDGM-0340_nifti/volumes/T1c.nii.gz	5714372
ucsf-pdgm/UCSF-PDGM-0340_nifti/volumes/T2.nii.gz	5671073
ucsf-pdgm/UCSF-PDGM-0340_nifti/volumes/brain_mask.nii.gz	296656
ucsf-pdgm/UCSF-PDGM-0340_nifti/volumes/tumor_seg.nii.gz	171474
ucsf-pdgm/UCSF-PDGM-0341_nifti/preprocessing_metadata.json	2577
ucsf-pdgm/UCSF-PDGM-0341_nifti/volumes/ASL.nii.gz	5149305
ucsf-pdgm/UCSF-PDGM-0341_nifti/volumes/DWI.nii.gz	5177468
ucsf-pdgm/UCSF-PDGM-0341_nifti/volumes/FLAIR.nii.gz	5177081
ucsf-pdgm/UCSF-PDGM-0341_nifti/volumes/SWI.nii.gz	5148698
ucsf-pdgm/UCSF-PDGM-0341_nifti/volumes/T1.nii.gz	5143004
ucsf-pdgm/UCSF-PDGM-0341_nifti/volumes/T1c.nii.gz	5184006
ucsf-pdgm/UCSF-PDGM-0341_nifti/volumes/T2.nii.gz	5144487
ucsf-pdgm/UCSF-PDGM-0341_nifti/volumes/brain_mask.nii.gz	294745
ucsf-pdgm/UCSF-PDGM-0341_nifti/volumes/tumor_seg.nii.gz	170342
ucsf-pdgm/UCSF-PDGM-0342_nifti/preprocessing_metadata.json	2576
ucsf-pdgm/UCSF-PDGM-0342_nifti/volumes/ASL.nii.gz	5019878
ucsf-pdgm/UCSF-PDGM-0342_nifti/volumes/DWI.nii.gz	5121801
ucsf-pdgm/UCSF-PDGM-0342_nifti/volumes/FLAIR.nii.gz	5156191
ucsf-pdgm/UCSF-PDGM-0342_nifti/volumes/SWI.nii.gz	5142052
ucsf-pdgm/UCSF-PDGM-0342_nifti/volumes/T1.nii.gz	5133459
ucsf-pdgm/UCSF-PDGM-0342_nifti/volumes/T1c.nii.gz	5157438
ucsf-pdgm/UCSF-PDGM-0342_nifti/volumes/T2.nii.gz	5129973
ucsf-pdgm/UCSF-PDGM-0342_nifti/volumes/brain_mask.nii.gz	290154
ucsf-pdgm/UCSF-PDGM-0342_nifti/volumes/tumor_seg.nii.gz	163948
ucsf-pdgm/UCSF-PDGM-0343_nifti/preprocessing_metadata.json	2586
ucsf-pdgm/UCSF-PDGM-0343_nifti/volumes/ASL.nii.gz	5038932
ucsf-pdgm/UCSF-PDGM-0343_nifti/volumes/DWI.nii.gz	5035724
ucsf-pdgm/UCSF-PDGM-0343_nifti/volumes/FLAIR.nii.gz	5075187
ucsf-pdgm/UCSF-PDGM-0343_nifti/volumes/SWI.nii.gz	5008151
ucsf-pdgm/UCSF-PDGM-0343_nifti/volumes/T1.nii.gz	5022351
ucsf-pdgm/UCSF-PDGM-0343_nifti/volumes/T1c.nii.gz	5061960
ucsf-pdgm/UCSF-PDGM-0343_nifti/volumes/T2.nii.gz	5005815
ucsf-pdgm/UCSF-PDGM-0343_nifti/volumes/brain_mask.nii.gz	283505
ucsf-pdgm/UCSF-PDGM-0343_nifti/volumes/tumor_seg.nii.gz	193218
ucsf-pdgm/UCSF-PDGM-0344_nifti/preprocessing_metadata.json	2564
ucsf-pdgm/UCSF-PDGM-0344_nifti/volumes/ASL.nii.gz	6516332
ucsf-pdgm/UCSF-PDGM-0344_nifti/volumes/DWI.nii.gz	6563591
ucsf-pdgm/UCSF-PDGM-0344_nifti/volumes/FLAIR.nii.gz	6547118
ucsf-pdgm/UCSF-PDGM-0344_nifti/volumes/SWI.nii.gz	6526304
ucsf-pdgm/UCSF-PDGM-0344_nifti/volumes/T1.nii.gz	6533897
ucsf-pdgm/UCSF-PDGM-0344_nifti/volumes/T1c.nii.gz	6578597
ucsf-pdgm/UCSF-PDGM-0344_nifti/volumes/T2.nii.gz	6545880
ucsf-pdgm/UCSF-PDGM-0344_nifti/volumes/brain_mask.nii.gz	312281
ucsf-pdgm/UCSF-PDGM-0344_nifti/volumes/tumor_seg.nii.gz	220096
ucsf-pdgm/UCSF-PDGM-0345_nifti/preprocessing_metadata.json	2567
ucsf-pdgm/UCSF-PDGM-0345_nifti/volumes/ASL.nii.gz	5086345
ucsf-pdgm/UCSF-PDGM-0345_nifti/volumes/DWI.nii.gz	5108365
ucsf-pdgm/UCSF-PDGM-0345_nifti/volumes/FLAIR.nii.gz	5123231
ucsf-pdgm/UCSF-PDGM-0345_nifti/volumes/SWI.nii.gz	5098033
ucsf-pdgm/UCSF-PDGM-0345_nifti/volumes/T1.nii.gz	5100223
ucsf-pdgm/UCSF-PDGM-0345_nifti/volumes/T1c.nii.gz	5123616
ucsf-pdgm/UCSF-PDGM-0345_nifti/volumes/T2.nii.gz	5101886
ucsf-pdgm/UCSF-PDGM-0345_nifti/volumes/brain_mask.nii.gz	289456
ucsf-pdgm/UCSF-PDGM-0345_nifti/volumes/tumor_seg.nii.gz	171321
ucsf-pdgm/UCSF-PDGM-0346_nifti/preprocessing_metadata.json	2580
ucsf-pdgm/UCSF-PDGM-0346_nifti/volumes/ASL.nii.gz	5303736
ucsf-pdgm/UCSF-PDGM-0346_nifti/volumes/DWI.nii.gz	5311397
ucsf-pdgm/UCSF-PDGM-0346_nifti/volumes/FLAIR.nii.gz	5349347
ucsf-pdgm/UCSF-PDGM-0346_nifti/volumes/SWI.nii.gz	5338087
ucsf-pdgm/UCSF-PDGM-0346_nifti/volumes/T1.nii.gz	5333042
ucsf-pdgm/UCSF-PDGM-0346_nifti/volumes/T1c.nii.gz	5354714
ucsf-pdgm/UCSF-PDGM-0346_nifti/volumes/T2.nii.gz	5316252
ucsf-pdgm/UCSF-PDGM-0346_nifti/volumes/brain_mask.nii.gz	297366
ucsf-pdgm/UCSF-PDGM-0346_nifti/volumes/tumor_seg.nii.gz	233180
ucsf-pdgm/UCSF-PDGM-0347_nifti/preprocessing_metadata.json	2581
ucsf-pdgm/UCSF-PDGM-0347_nifti/volumes/ASL.nii.gz	5373178
ucsf-pdgm/UCSF-PDGM-0347_nifti/volumes/DWI.nii.gz	5405199
ucsf-pdgm/UCSF-PDGM-0347_nifti/volumes/FLAIR.nii.gz	5419896
ucsf-pdgm/UCSF-PDGM-0347_nifti/volumes/SWI.nii.gz	5434346
ucsf-pdgm/UCSF-PDGM-0347_nifti/volumes/T1.nii.gz	5402600
ucsf-pdgm/UCSF-PDGM-0347_nifti/volumes/T1c.nii.gz	5429980
ucsf-pdgm/UCSF-PDGM-0347_nifti/volumes/T2.nii.gz	5403724
ucsf-pdgm/UCSF-PDGM-0347_nifti/volumes/brain_mask.nii.gz	295208
ucsf-pdgm/UCSF-PDGM-0347_nifti/volumes/tumor_seg.nii.gz	223979
ucsf-pdgm/UCSF-PDGM-0348_nifti/preprocessing_metadata.json	2553
ucsf-pdgm/UCSF-PDGM-0348_nifti/volumes/ASL.nii.gz	4939049
ucsf-pdgm/UCSF-PDGM-0348_nifti/volumes/DWI.nii.gz	5042033
ucsf-pdgm/UCSF-PDGM-0348_nifti/volumes/FLAIR.nii.gz	5087254
ucsf-pdgm/UCSF-PDGM-0348_nifti/volumes/SWI.nii.gz	5092453
ucsf-pdgm/UCSF-PDGM-0348_nifti/volumes/T1.nii.gz	5042083
ucsf-pdgm/UCSF-PDGM-0348_nifti/volumes/T1c.nii.gz	5083959
ucsf-pdgm/UCSF-PDGM-0348_nifti/volumes/T2.nii.gz	5050234
ucsf-pdgm/UCSF-PDGM-0348_nifti/volumes/brain_mask.nii.gz	282452
ucsf-pdgm/UCSF-PDGM-0348_nifti/volumes/tumor_seg.nii.gz	169480
ucsf-pdgm/UCSF-PDGM-0349_nifti/preprocessing_metadata.json	2562
ucsf-pdgm/UCSF-PDGM-0349_nifti/volumes/ASL.nii.gz	6212433
ucsf-pdgm/UCSF-PDGM-0349_nifti/volumes/DWI.nii.gz	6391013
ucsf-pdgm/UCSF-PDGM-0349_nifti/volumes/FLAIR.nii.gz	6382184
ucsf-pdgm/UCSF-PDGM-0349_nifti/volumes/SWI.nii.gz	6404932
ucsf-pdgm/UCSF-PDGM-0349_nifti/volumes/T1.nii.gz	6355800
ucsf-pdgm/UCSF-PDGM-0349_nifti/volumes/T1c.nii.gz	6385624
ucsf-pdgm/UCSF-PDGM-0349_nifti/volumes/T2.nii.gz	6395948
ucsf-pdgm/UCSF-PDGM-0349_nifti/volumes/brain_mask.nii.gz	329343
ucsf-pdgm/UCSF-PDGM-0349_nifti/volumes/tumor_seg.nii.gz	177663
ucsf-pdgm/UCSF-PDGM-0350_nifti/preprocessing_metadata.json	2574
ucsf-pdgm/UCSF-PDGM-0350_nifti/volumes/ASL.nii.gz	5638547
ucsf-pdgm/UCSF-PDGM-0350_nifti/volumes/DWI.nii.gz	5663436
ucsf-pdgm/UCSF-PDGM-0350_nifti/volumes/FLAIR.nii.gz	5680508
ucsf-pdgm/UCSF-PDGM-0350_nifti/volumes/SWI.nii.gz	5674579
ucsf-pdgm/UCSF-PDGM-0350_nifti/volumes/T1.nii.gz	5642683
ucsf-pdgm/UCSF-PDGM-0350_nifti/volumes/T1c.nii.gz	5684345
ucsf-pdgm/UCSF-PDGM-0350_nifti/volumes/T2.nii.gz	5658422
ucsf-pdgm/UCSF-PDGM-0350_nifti/volumes/brain_mask.nii.gz	300211
ucsf-pdgm/UCSF-PDGM-0350_nifti/volumes/tumor_seg.nii.gz	193571
ucsf-pdgm/UCSF-PDGM-0351_nifti/preprocessing_metadata.json	2567
ucsf-pdgm/UCSF-PDGM-0351_nifti/volumes/ASL.nii.gz	5445808
ucsf-pdgm/UCSF-PDGM-0351_nifti/volumes/DWI.nii.gz	5471011
ucsf-pdgm/UCSF-PDGM-0351_nifti/volumes/FLAIR.nii.gz	5484826
ucsf-pdgm/UCSF-PDGM-0351_nifti/volumes/SWI.nii.gz	5480543
ucsf-pdgm/UCSF-PDGM-0351_nifti/volumes/T1.nii.gz	5461745
ucsf-pdgm/UCSF-PDGM-0351_nifti/volumes/T1c.nii.gz	5498402
ucsf-pdgm/UCSF-PDGM-0351_nifti/volumes/T2.nii.gz	5459195
ucsf-pdgm/UCSF-PDGM-0351_nifti/volumes/brain_mask.nii.gz	292735
ucsf-pdgm/UCSF-PDGM-0351_nifti/volumes/tumor_seg.nii.gz	177694
ucsf-pdgm/UCSF-PDGM-0352_nifti/preprocessing_metadata.json	2547
ucsf-pdgm/UCSF-PDGM-0352_nifti/volumes/ASL.nii.gz	6309739
ucsf-pdgm/UCSF-PDGM-0352_nifti/volumes/DWI.nii.gz	6382444
ucsf-pdgm/UCSF-PDGM-0352_nifti/volumes/FLAIR.nii.gz	6421740
ucsf-pdgm/UCSF-PDGM-0352_nifti/volumes/SWI.nii.gz	6456648
ucsf-pdgm/UCSF-PDGM-0352_nifti/volumes/T1.nii.gz	6396651
ucsf-pdgm/UCSF-PDGM-0352_nifti/volumes/T1c.nii.gz	6426483
ucsf-pdgm/UCSF-PDGM-0352_nifti/volumes/T2.nii.gz	6385608
ucsf-pdgm/UCSF-PDGM-0352_nifti/volumes/brain_mask.nii.gz	343159
ucsf-pdgm/UCSF-PDGM-0352_nifti/volumes/tumor_seg.nii.gz	184188
ucsf-pdgm/UCSF-PDGM-0353_nifti/preprocessing_metadata.json	2576
ucsf-pdgm/UCSF-PDGM-0353_nifti/volumes/ASL.nii.gz	5359105
ucsf-pdgm/UCSF-PDGM-0353_nifti/volumes/DWI.nii.gz	5360844
ucsf-pdgm/UCSF-PDGM-0353_nifti/volumes/FLAIR.nii.gz	5394509
ucsf-pdgm/UCSF-PDGM-0353_nifti/volumes/SWI.nii.gz	5394226
ucsf-pdgm/UCSF-PDGM-0353_nifti/volumes/T1.nii.gz	5364380
ucsf-pdgm/UCSF-PDGM-0353_nifti/volumes/T1c.nii.gz	5401340
ucsf-pdgm/UCSF-PDGM-0353_nifti/volumes/T2.nii.gz	5370700
ucsf-pdgm/UCSF-PDGM-0353_nifti/volumes/brain_mask.nii.gz	301731
ucsf-pdgm/UCSF-PDGM-0353_nifti/volumes/tumor_seg.nii.gz	179650
ucsf-pdgm/UCSF-PDGM-0354_nifti/preprocessing_metadata.json	2583
ucsf-pdgm/UCSF-PDGM-0354_nifti/volumes/ASL.nii.gz	5396893
ucsf-pdgm/UCSF-PDGM-0354_nifti/volumes/DWI.nii.gz	5435910
ucsf-pdgm/UCSF-PDGM-0354_nifti/volumes/FLAIR.nii.gz	5468756
ucsf-pdgm/UCSF-PDGM-0354_nifti/volumes/SWI.nii.gz	5443612
ucsf-pdgm/UCSF-PDGM-0354_nifti/volumes/T1.nii.gz	5436640
ucsf-pdgm/UCSF-PDGM-0354_nifti/volumes/T1c.nii.gz	5469624
ucsf-pdgm/UCSF-PDGM-0354_nifti/volumes/T2.nii.gz	5475904
ucsf-pdgm/UCSF-PDGM-0354_nifti/volumes/brain_mask.nii.gz	291241
ucsf-pdgm/UCSF-PDGM-0354_nifti/volumes/tumor_seg.nii.gz	213003
ucsf-pdgm/UCSF-PDGM-0355_nifti/preprocessing_metadata.json	2580
ucsf-pdgm/UCSF-PDGM-0355_nifti/volumes/ASL.nii.gz	5386966
ucsf-pdgm/UCSF-PDGM-0355_nifti/volumes/DWI.nii.gz	5413702
ucsf-pdgm/UCSF-PDGM-0355_nifti/volumes/FLAIR.nii.gz	5469795
ucsf-pdgm/UCSF-PDGM-0355_nifti/volumes/SWI.nii.gz	5462021
ucsf-pdgm/UCSF-PDGM-0355_nifti/volumes/T1.nii.gz	5436514
ucsf-pdgm/UCSF-PDGM-0355_nifti/volumes/T1c.nii.gz	5463879
ucsf-pdgm/UCSF-PDGM-0355_nifti/volumes/T2.nii.gz	5447086
ucsf-pdgm/UCSF-PDGM-0355_nifti/volumes/brain_mask.nii.gz	297413
ucsf-pdgm/UCSF-PDGM-0355_nifti/volumes/tumor_seg.nii.gz	233361
ucsf-pdgm/UCSF-PDGM-0356_nifti/preprocessing_metadata.json	2576
ucsf-pdgm/UCSF-PDGM-0356_nifti/volumes/ASL.nii.gz	6430660
ucsf-pdgm/UCSF-PDGM-0356_nifti/volumes/DWI.nii.gz	6448661
ucsf-pdgm/UCSF-PDGM-0356_nifti/volumes/FLAIR.nii.gz	6472953
ucsf-pdgm/UCSF-PDGM-0356_nifti/volumes/SWI.nii.gz	6488827
ucsf-pdgm/UCSF-PDGM-0356_nifti/volumes/T1.nii.gz	6442302
ucsf-pdgm/UCSF-PDGM-0356_nifti/volumes/T1c.nii.gz	6464408
ucsf-pdgm/UCSF-PDGM-0356_nifti/volumes/T2.nii.gz	6465219
ucsf-pdgm/UCSF-PDGM-0356_nifti/volumes/brain_mask.nii.gz	313090
ucsf-pdgm/UCSF-PDGM-0356_nifti/volumes/tumor_seg.nii.gz	206114
ucsf-pdgm/UCSF-PDGM-0357_nifti/preprocessing_metadata.json	2571
ucsf-pdgm/UCSF-PDGM-0357_nifti/volumes/ASL.nii.gz	4802731
ucsf-pdgm/UCSF-PDGM-0357_nifti/volumes/DWI.nii.gz	4998231
ucsf-pdgm/UCSF-PDGM-0357_nifti/volumes/FLAIR.nii.gz	5024787
ucsf-pdgm/UCSF-PDGM-0357_nifti/volumes/SWI.nii.gz	5019028
ucsf-pdgm/UCSF-PDGM-0357_nifti/volumes/T1.nii.gz	5007541
ucsf-pdgm/UCSF-PDGM-0357_nifti/volumes/T1c.nii.gz	5017686
ucsf-pdgm/UCSF-PDGM-0357_nifti/volumes/T2.nii.gz	5024791
ucsf-pdgm/UCSF-PDGM-0357_nifti/volumes/brain_mask.nii.gz	276655
ucsf-pdgm/UCSF-PDGM-0357_nifti/volumes/tumor_seg.nii.gz	161274
ucsf-pdgm/UCSF-PDGM-0358_nifti/preprocessing_metadata.json	2581
ucsf-pdgm/UCSF-PDGM-0358_nifti/volumes/ASL.nii.gz	6430312
ucsf-pdgm/UCSF-PDGM-0358_nifti/volumes/DWI.nii.gz	6429533
ucsf-pdgm/UCSF-PDGM-0358_nifti/volumes/FLAIR.nii.gz	6468663
ucsf-pdgm/UCSF-PDGM-0358_nifti/volumes/SWI.nii.gz	6492589
ucsf-pdgm/UCSF-PDGM-0358_nifti/volumes/T1.nii.gz	6451995
ucsf-pdgm/UCSF-PDGM-0358_nifti/volumes/T1c.nii.gz	6483920
ucsf-pdgm/UCSF-PDGM-0358_nifti/volumes/T2.nii.gz	6468237
ucsf-pdgm/UCSF-PDGM-0358_nifti/volumes/brain_mask.nii.gz	331159
ucsf-pdgm/UCSF-PDGM-0358_nifti/volumes/tumor_seg.nii.gz	242885
ucsf-pdgm/UCSF-PDGM-0359_nifti/preprocessing_metadata.json	2574
ucsf-pdgm/UCSF-PDGM-0359_nifti/volumes/ASL.nii.gz	5468369
ucsf-pdgm/UCSF-PDGM-0359_nifti/volumes/DWI.nii.gz	5484378
ucsf-pdgm/UCSF-PDGM-0359_nifti/volumes/FLAIR.nii.gz	5525379
ucsf-pdgm/UCSF-PDGM-0359_nifti/volumes/SWI.nii.gz	5500138
ucsf-pdgm/UCSF-PDGM-0359_nifti/volumes/T1.nii.gz	5494976
ucsf-pdgm/UCSF-PDGM-0359_nifti/volumes/T1c.nii.gz	5511406
ucsf-pdgm/UCSF-PDGM-0359_nifti/volumes/T2.nii.gz	5463228
ucsf-pdgm/UCSF-PDGM-0359_nifti/volumes/brain_mask.nii.gz	294840
ucsf-pdgm/UCSF-PDGM-0359_nifti/volumes/tumor_seg.nii.gz	204018
ucsf-pdgm/UCSF-PDGM-0360_nifti/preprocessing_metadata.json	2579
ucsf-pdgm/UCSF-PDGM-0360_nifti/volumes/ASL.nii.gz	5550322
ucsf-pdgm/UCSF-PDGM-0360_nifti/volumes/DWI.nii.gz	5532239
ucsf-pdgm/UCSF-PDGM-0360_nifti/volumes/FLAIR.nii.gz	5580432
ucsf-pdgm/UCSF-PDGM-0360_nifti/volumes/SWI.nii.gz	5584792
ucsf-pdgm/UCSF-PDGM-0360_nifti/volumes/T1.nii.gz	5554551
ucsf-pdgm/UCSF-PDGM-0360_nifti/volumes/T1c.nii.gz	5579133
ucsf-pdgm/UCSF-PDGM-0360_nifti/volumes/T2.nii.gz	5550533
ucsf-pdgm/UCSF-PDGM-0360_nifti/volumes/brain_mask.nii.gz	299389
ucsf-pdgm/UCSF-PDGM-0360_nifti/volumes/tumor_seg.nii.gz	219265
ucsf-pdgm/UCSF-PDGM-0361_nifti/preprocessing_metadata.json	2579
ucsf-pdgm/UCSF-PDGM-0361_nifti/volumes/ASL.nii.gz	6506712
ucsf-pdgm/UCSF-PDGM-0361_nifti/volumes/DWI.nii.gz	6526386
ucsf-pdgm/UCSF-PDGM-0361_nifti/volumes/FLAIR.nii.gz	6554354
ucsf-pdgm/UCSF-PDGM-0361_nifti/volumes/SWI.nii.gz	6551143
ucsf-pdgm/UCSF-PDGM-0361_nifti/volumes/T1.nii.gz	6492662
ucsf-pdgm/UCSF-PDGM-0361_nifti/volumes/T1c.nii.gz	6533220
ucsf-pdgm/UCSF-PDGM-0361_nifti/volumes/T2.nii.gz	6519155
ucsf-pdgm/UCSF-PDGM-0361_nifti/volumes/brain_mask.nii.gz	319492
ucsf-pdgm/UCSF-PDGM-0361_nifti/volumes/tumor_seg.nii.gz	181558
ucsf-pdgm/UCSF-PDGM-0362_nifti/preprocessing_metadata.json	2576
ucsf-pdgm/UCSF-PDGM-0362_nifti/volumes/ASL.nii.gz	5482867
ucsf-pdgm/UCSF-PDGM-0362_nifti/volumes/DWI.nii.gz	5597419
ucsf-pdgm/UCSF-PDGM-0362_nifti/volumes/FLAIR.nii.gz	5652749
ucsf-pdgm/UCSF-PDGM-0362_nifti/volumes/SWI.nii.gz	5664903
ucsf-pdgm/UCSF-PDGM-0362_nifti/volumes/T1.nii.gz	5621853
ucsf-pdgm/UCSF-PDGM-0362_nifti/volumes/T1c.nii.gz	5666914
ucsf-pdgm/UCSF-PDGM-0362_nifti/volumes/T2.nii.gz	5595937
ucsf-pdgm/UCSF-PDGM-0362_nifti/volumes/brain_mask.nii.gz	302482
ucsf-pdgm/UCSF-PDGM-0362_nifti/volumes/tumor_seg.nii.gz	207505
ucsf-pdgm/UCSF-PDGM-0363_nifti/preprocessing_metadata.json	2564
ucsf-pdgm/UCSF-PDGM-0363_nifti/volumes/ASL.nii.gz	5835932
ucsf-pdgm/UCSF-PDGM-0363_nifti/volumes/DWI.nii.gz	5853618
ucsf-pdgm/UCSF-PDGM-0363_nifti/volumes/FLAIR.nii.gz	5871874
ucsf-pdgm/UCSF-PDGM-0363_nifti/volumes/SWI.nii.gz	5848350
ucsf-pdgm/UCSF-PDGM-0363_nifti/volumes/T1.nii.gz	5851698
ucsf-pdgm/UCSF-PDGM-0363_nifti/volumes/T1c.nii.gz	5883999
ucsf-pdgm/UCSF-PDGM-0363_nifti/volumes/T2.nii.gz	5836619
ucsf-pdgm/UCSF-PDGM-0363_nifti/volumes/brain_mask.nii.gz	306089
ucsf-pdgm/UCSF-PDGM-0363_nifti/volumes/tumor_seg.nii.gz	221245
ucsf-pdgm/UCSF-PDGM-0364_nifti/preprocessing_metadata.json	2573
ucsf-pdgm/UCSF-PDGM-0364_nifti/volumes/ASL.nii.gz	6439144
ucsf-pdgm/UCSF-PDGM-0364_nifti/volumes/DWI.nii.gz	6467586
ucsf-pdgm/UCSF-PDGM-0364_nifti/volumes/FLAIR.nii.gz	6465854
ucsf-pdgm/UCSF-PDGM-0364_nifti/volumes/SWI.nii.gz	6453410
ucsf-pdgm/UCSF-PDGM-0364_nifti/volumes/T1.nii.gz	6445820
ucsf-pdgm/UCSF-PDGM-0364_nifti/volumes/T1c.nii.gz	6467837
ucsf-pdgm/UCSF-PDGM-0364_nifti/volumes/T2.nii.gz	6438345
ucsf-pdgm/UCSF-PDGM-0364_nifti/volumes/brain_mask.nii.gz	319660
ucsf-pdgm/UCSF-PDGM-0364_nifti/volumes/tumor_seg.nii.gz	206939
ucsf-pdgm/UCSF-PDGM-0365_nifti/preprocessing_metadata.json	2574
ucsf-pdgm/UCSF-PDGM-0365_nifti/volumes/ASL.nii.gz	6721136
ucsf-pdgm/UCSF-PDGM-0365_nifti/volumes/DWI.nii.gz	6926862
ucsf-pdgm/UCSF-PDGM-0365_nifti/volumes/FLAIR.nii.gz	6938632
ucsf-pdgm/UCSF-PDGM-0365_nifti/volumes/SWI.nii.gz	6928468
ucsf-pdgm/UCSF-PDGM-0365_nifti/volumes/T1.nii.gz	6909497
ucsf-pdgm/UCSF-PDGM-0365_nifti/volumes/T1c.nii.gz	6940365
ucsf-pdgm/UCSF-PDGM-0365_nifti/volumes/T2.nii.gz	6880440
ucsf-pdgm/UCSF-PDGM-0365_nifti/volumes/brain_mask.nii.gz	342164
ucsf-pdgm/UCSF-PDGM-0365_nifti/volumes/tumor_seg.nii.gz	191936
ucsf-pdgm/UCSF-PDGM-0366_nifti/preprocessing_metadata.json	2580
ucsf-pdgm/UCSF-PDGM-0366_nifti/volumes/ASL.nii.gz	5676244
ucsf-pdgm/UCSF-PDGM-0366_nifti/volumes/DWI.nii.gz	5693566
ucsf-pdgm/UCSF-PDGM-0366_nifti/volumes/FLAIR.nii.gz	5698339
ucsf-pdgm/UCSF-PDGM-0366_nifti/volumes/SWI.nii.gz	5709116
ucsf-pdgm/UCSF-PDGM-0366_nifti/volumes/T1.nii.gz	5691482
ucsf-pdgm/UCSF-PDGM-0366_nifti/volumes/T1c.nii.gz	5723982
ucsf-pdgm/UCSF-PDGM-0366_nifti/volumes/T2.nii.gz	5696864
ucsf-pdgm/UCSF-PDGM-0366_nifti/volumes/brain_mask.nii.gz	298345
ucsf-pdgm/UCSF-PDGM-0366_nifti/volumes/tumor_seg.nii.gz	214195
ucsf-pdgm/UCSF-PDGM-0367_nifti/preprocessing_metadata.json	2575
ucsf-pdgm/UCSF-PDGM-0367_nifti/volumes/ASL.nii.gz	5183360
ucsf-pdgm/UCSF-PDGM-0367_nifti/volumes/DWI.nii.gz	5194755
ucsf-pdgm/UCSF-PDGM-0367_nifti/volumes/FLAIR.nii.gz	5212824
ucsf-pdgm/UCSF-PDGM-0367_nifti/volumes/SWI.nii.gz	5173835
ucsf-pdgm/UCSF-PDGM-0367_nifti/volumes/T1.nii.gz	5191377
ucsf-pdgm/UCSF-PDGM-0367_nifti/volumes/T1c.nii.gz	5218174
ucsf-pdgm/UCSF-PDGM-0367_nifti/volumes/T2.nii.gz	5190446
ucsf-pdgm/UCSF-PDGM-0367_nifti/volumes/brain_mask.nii.gz	284685
ucsf-pdgm/UCSF-PDGM-0367_nifti/volumes/tumor_seg.nii.gz	174362
ucsf-pdgm/UCSF-PDGM-0368_nifti/preprocessing_metadata.json	2569
ucsf-pdgm/UCSF-PDGM-0368_nifti/volumes/ASL.nii.gz	5250581
ucsf-pdgm/UCSF-PDGM-0368_nifti/volumes/DWI.nii.gz	5275946
ucsf-pdgm/UCSF-PDGM-0368_nifti/volumes/FLAIR.nii.gz	5284938
ucsf-pdgm/UCSF-PDGM-0368_nifti/volumes/SWI.nii.gz	5289535
ucsf-pdgm/UCSF-PDGM-0368_nifti/volumes/T1.nii.gz	5264340
ucsf-pdgm/UCSF-PDGM-0368_nifti/volumes/T1c.nii.gz	5280733
ucsf-pdgm/UCSF-PDGM-0368_nifti/volumes/T2.nii.gz	5253219
ucsf-pdgm/UCSF-PDGM-0368_nifti/volumes/brain_mask.nii.gz	296146
ucsf-pdgm/UCSF-PDGM-0368_nifti/volumes/tumor_seg.nii.gz	171866
ucsf-pdgm/UCSF-PDGM-0369_nifti/preprocessing_metadata.json	2581
ucsf-pdgm/UCSF-PDGM-0369_nifti/volumes/ASL.nii.gz	5752873
ucsf-pdgm/UCSF-PDGM-0369_nifti/volumes/DWI.nii.gz	5798987
ucsf-pdgm/UCSF-PDGM-0369_nifti/volumes/FLAIR.nii.gz	5798970
ucsf-pdgm/UCSF-PDGM-0369_nifti/volumes/SWI.nii.gz	5731298
ucsf-pdgm/UCSF-PDGM-0369_nifti/volumes/T1.nii.gz	5774416
ucsf-pdgm/UCSF-PDGM-0369_nifti/volumes/T1c.nii.gz	5800981
ucsf-pdgm/UCSF-PDGM-0369_nifti/volumes/T2.nii.gz	5759107
ucsf-pdgm/UCSF-PDGM-0369_nifti/volumes/brain_mask.nii.gz	305177
ucsf-pdgm/UCSF-PDGM-0369_nifti/volumes/tumor_seg.nii.gz	220052
ucsf-pdgm/UCSF-PDGM-0370_nifti/preprocessing_metadata.json	2564
ucsf-pdgm/UCSF-PDGM-0370_nifti/volumes/ASL.nii.gz	5408931
ucsf-pdgm/UCSF-PDGM-0370_nifti/volumes/DWI.nii.gz	5434517
ucsf-pdgm/UCSF-PDGM-0370_nifti/volumes/FLAIR.nii.gz	5440249
ucsf-pdgm/UCSF-PDGM-0370_nifti/volumes/SWI.nii.gz	5409944
ucsf-pdgm/UCSF-PDGM-0370_nifti/volumes/T1.nii.gz	5420751
ucsf-pdgm/UCSF-PDGM-0370_nifti/volumes/T1c.nii.gz	5452822
ucsf-pdgm/UCSF-PDGM-0370_nifti/volumes/T2.nii.gz	5411608
ucsf-pdgm/UCSF-PDGM-0370_nifti/volumes/brain_mask.nii.gz	297857
ucsf-pdgm/UCSF-PDGM-0370_nifti/volumes/tumor_seg.nii.gz	191854
ucsf-pdgm/UCSF-PDGM-0371_nifti/preprocessing_metadata.json	2568
ucsf-pdgm/UCSF-PDGM-0371_nifti/volumes/ASL.nii.gz	6211573
ucsf-pdgm/UCSF-PDGM-0371_nifti/volumes/DWI.nii.gz	6245572
ucsf-pdgm/UCSF-PDGM-0371_nifti/volumes/FLAIR.nii.gz	6276699
ucsf-pdgm/UCSF-PDGM-0371_nifti/volumes/SWI.nii.gz	6286340
ucsf-pdgm/UCSF-PDGM-0371_nifti/volumes/T1.nii.gz	6243565
ucsf-pdgm/UCSF-PDGM-0371_nifti/volumes/T1c.nii.gz	6265245
ucsf-pdgm/UCSF-PDGM-0371_nifti/volumes/T2.nii.gz	6265345
ucsf-pdgm/UCSF-PDGM-0371_nifti/volumes/brain_mask.nii.gz	332903
ucsf-pdgm/UCSF-PDGM-0371_nifti/volumes/tumor_seg.nii.gz	190341
ucsf-pdgm/UCSF-PDGM-0372_nifti/preprocessing_metadata.json	2578
ucsf-pdgm/UCSF-PDGM-0372_nifti/volumes/ASL.nii.gz	5903210
ucsf-pdgm/UCSF-PDGM-0372_nifti/volumes/DWI.nii.gz	5933155
ucsf-pdgm/UCSF-PDGM-0372_nifti/volumes/FLAIR.nii.gz	5970245
ucsf-pdgm/UCSF-PDGM-0372_nifti/volumes/SWI.nii.gz	5911738
ucsf-pdgm/UCSF-PDGM-0372_nifti/volumes/T1.nii.gz	5925526
ucsf-pdgm/UCSF-PDGM-0372_nifti/volumes/T1c.nii.gz	5956830
ucsf-pdgm/UCSF-PDGM-0372_nifti/volumes/T2.nii.gz	5933212
ucsf-pdgm/UCSF-PDGM-0372_nifti/volumes/brain_mask.nii.gz	319867
ucsf-pdgm/UCSF-PDGM-0372_nifti/volumes/tumor_seg.nii.gz	225036
ucsf-pdgm/UCSF-PDGM-0373_nifti/preprocessing_metadata.json	2584
ucsf-pdgm/UCSF-PDGM-0373_nifti/volumes/ASL.nii.gz	5917570
ucsf-pdgm/UCSF-PDGM-0373_nifti/volumes/DWI.nii.gz	5954952
ucsf-pdgm/UCSF-PDGM-0373_nifti/volumes/FLAIR.nii.gz	5940014
ucsf-pdgm/UCSF-PDGM-0373_nifti/volumes/SWI.nii.gz	5945036
ucsf-pdgm/UCSF-PDGM-0373_nifti/volumes/T1.nii.gz	5939285
ucsf-pdgm/UCSF-PDGM-0373_nifti/volumes/T1c.nii.gz	5988673
ucsf-pdgm/UCSF-PDGM-0373_nifti/volumes/T2.nii.gz	5946527
ucsf-pdgm/UCSF-PDGM-0373_nifti/volumes/brain_mask.nii.gz	319786
ucsf-pdgm/UCSF-PDGM-0373_nifti/volumes/tumor_seg.nii.gz	215781
ucsf-pdgm/UCSF-PDGM-0374_nifti/preprocessing_metadata.json	2575
ucsf-pdgm/UCSF-PDGM-0374_nifti/volumes/ASL.nii.gz	5287648
ucsf-pdgm/UCSF-PDGM-0374_nifti/volumes/DWI.nii.gz	5300035
ucsf-pdgm/UCSF-PDGM-0374_nifti/volumes/FLAIR.nii.gz	5338245
ucsf-pdgm/UCSF-PDGM-0374_nifti/volumes/SWI.nii.gz	5325947
ucsf-pdgm/UCSF-PDGM-0374_nifti/volumes/T1.nii.gz	5303750
ucsf-pdgm/UCSF-PDGM-0374_nifti/volumes/T1c.nii.gz	5326744
ucsf-pdgm/UCSF-PDGM-0374_nifti/volumes/T2.nii.gz	5284029
ucsf-pdgm/UCSF-PDGM-0374_nifti/volumes/brain_mask.nii.gz	294924
ucsf-pdgm/UCSF-PDGM-0374_nifti/volumes/tumor_seg.nii.gz	174014
ucsf-pdgm/UCSF-PDGM-0375_nifti/preprocessing_metadata.json	2577
ucsf-pdgm/UCSF-PDGM-0375_nifti/volumes/ASL.nii.gz	5648688
ucsf-pdgm/UCSF-PDGM-0375_nifti/volumes/DWI.nii.gz	5792674
ucsf-pdgm/UCSF-PDGM-0375_nifti/volumes/FLAIR.nii.gz	5803226
ucsf-pdgm/UCSF-PDGM-0375_nifti/volumes/SWI.nii.gz	5770976
ucsf-pdgm/UCSF-PDGM-0375_nifti/volumes/T1.nii.gz	5771266
ucsf-pdgm/UCSF-PDGM-0375_nifti/volumes/T1c.nii.gz	5794266
ucsf-pdgm/UCSF-PDGM-0375_nifti/volumes/T2.nii.gz	5785200
ucsf-pdgm/UCSF-PDGM-0375_nifti/volumes/brain_mask.nii.gz	312777
ucsf-pdgm/UCSF-PDGM-0375_nifti/volumes/tumor_seg.nii.gz	189744
ucsf-pdgm/UCSF-PDGM-0376_nifti/preprocessing_metadata.json	2571
ucsf-pdgm/UCSF-PDGM-0376_nifti/volumes/ASL.nii.gz	5486078
ucsf-pdgm/UCSF-PDGM-0376_nifti/volumes/DWI.nii.gz	5498717
ucsf-pdgm/UCSF-PDGM-0376_nifti/volumes/FLAIR.nii.gz	5535966
ucsf-pdgm/UCSF-PDGM-0376_nifti/volumes/SWI.nii.gz	5457737
ucsf-pdgm/UCSF-PDGM-0376_nifti/volumes/T1.nii.gz	5529325
ucsf-pdgm/UCSF-PDGM-0376_nifti/volumes/T1c.nii.gz	5554473
ucsf-pdgm/UCSF-PDGM-0376_nifti/volumes/T2.nii.gz	5507783
ucsf-pdgm/UCSF-PDGM-0376_nifti/volumes/brain_mask.nii.gz	299445
ucsf-pdgm/UCSF-PDGM-0376_nifti/volumes/tumor_seg.nii.gz	244110
ucsf-pdgm/UCSF-PDGM-0377_nifti/preprocessing_metadata.json	2577
ucsf-pdgm/UCSF-PDGM-0377_nifti/volumes/ASL.nii.gz	5380444
ucsf-pdgm/UCSF-PDGM-0377_nifti/volumes/DWI.nii.gz	5482809
ucsf-pdgm/UCSF-PDGM-0377_nifti/volumes/FLAIR.nii.gz	5511345
ucsf-pdgm/UCSF-PDGM-0377_nifti/volumes/SWI.nii.gz	5435091
ucsf-pdgm/UCSF-PDGM-0377_nifti/volumes/T1.nii.gz	5500870
ucsf-pdgm/UCSF-PDGM-0377_nifti/volumes/T1c.nii.gz	5517402
ucsf-pdgm/UCSF-PDGM-0377_nifti/volumes/T2.nii.gz	5457012
ucsf-pdgm/UCSF-PDGM-0377_nifti/volumes/brain_mask.nii.gz	281695
ucsf-pdgm/UCSF-PDGM-0377_nifti/volumes/tumor_seg.nii.gz	247548
ucsf-pdgm/UCSF-PDGM-0378_nifti/preprocessing_metadata.json	2573
ucsf-pdgm/UCSF-PDGM-0378_nifti/volumes/ASL.nii.gz	5466289
ucsf-pdgm/UCSF-PDGM-0378_nifti/volumes/DWI.nii.gz	5525753
ucsf-pdgm/UCSF-PDGM-0378_nifti/volumes/FLAIR.nii.gz	5511820
ucsf-pdgm/UCSF-PDGM-0378_nifti/volumes/SWI.nii.gz	5512581
ucsf-pdgm/UCSF-PDGM-0378_nifti/volumes/T1.nii.gz	5492878
ucsf-pdgm/UCSF-PDGM-0378_nifti/volumes/T1c.nii.gz	5499480
ucsf-pdgm/UCSF-PDGM-0378_nifti/volumes/T2.nii.gz	5481702
ucsf-pdgm/UCSF-PDGM-0378_nifti/volumes/brain_mask.nii.gz	284210
ucsf-pdgm/UCSF-PDGM-0378_nifti/volumes/tumor_seg.nii.gz	157313
ucsf-pdgm/UCSF-PDGM-0379_nifti/preprocessing_metadata.json	2573
ucsf-pdgm/UCSF-PDGM-0379_nifti/volumes/ASL.nii.gz	6635021
ucsf-pdgm/UCSF-PDGM-0379_nifti/volumes/DWI.nii.gz	6836014
ucsf-pdgm/UCSF-PDGM-0379_nifti/volumes/FLAIR.nii.gz	6829395
ucsf-pdgm/UCSF-PDGM-0379_nifti/volumes/SWI.nii.gz	6804290
ucsf-pdgm/UCSF-PDGM-0379_nifti/volumes/T1.nii.gz	6807160
ucsf-pdgm/UCSF-PDGM-0379_nifti/volumes/T1c.nii.gz	6834830
ucsf-pdgm/UCSF-PDGM-0379_nifti/volumes/T2.nii.gz	6838385
ucsf-pdgm/UCSF-PDGM-0379_nifti/volumes/brain_mask.nii.gz	333956
ucsf-pdgm/UCSF-PDGM-0379_nifti/volumes/tumor_seg.nii.gz	206154
ucsf-pdgm/UCSF-PDGM-0380_nifti/preprocessing_metadata.json	2564
ucsf-pdgm/UCSF-PDGM-0380_nifti/volumes/ASL.nii.gz	6697866
ucsf-pdgm/UCSF-PDGM-0380_nifti/volumes/DWI.nii.gz	6843251
ucsf-pdgm/UCSF-PDGM-0380_nifti/volumes/FLAIR.nii.gz	6875609
ucsf-pdgm/UCSF-PDGM-0380_nifti/volumes/SWI.nii.gz	6758216
ucsf-pdgm/UCSF-PDGM-0380_nifti/volumes/T1.nii.gz	6831270
ucsf-pdgm/UCSF-PDGM-0380_nifti/volumes/T1c.nii.gz	6865847
ucsf-pdgm/UCSF-PDGM-0380_nifti/volumes/T2.nii.gz	6829687
ucsf-pdgm/UCSF-PDGM-0380_nifti/volumes/brain_mask.nii.gz	339061
ucsf-pdgm/UCSF-PDGM-0380_nifti/volumes/tumor_seg.nii.gz	203783
ucsf-pdgm/UCSF-PDGM-0381_nifti/preprocessing_metadata.json	2574
ucsf-pdgm/UCSF-PDGM-0381_nifti/volumes/ASL.nii.gz	5599869
ucsf-pdgm/UCSF-PDGM-0381_nifti/volumes/DWI.nii.gz	5630426
ucsf-pdgm/UCSF-PDGM-0381_nifti/volumes/FLAIR.nii.gz	5664336
ucsf-pdgm/UCSF-PDGM-0381_nifti/volumes/SWI.nii.gz	5601053
ucsf-pdgm/UCSF-PDGM-0381_nifti/volumes/T1.nii.gz	5629088
ucsf-pdgm/UCSF-PDGM-0381_nifti/volumes/T1c.nii.gz	5668031
ucsf-pdgm/UCSF-PDGM-0381_nifti/volumes/T2.nii.gz	5609404
ucsf-pdgm/UCSF-PDGM-0381_nifti/volumes/brain_mask.nii.gz	302034
ucsf-pdgm/UCSF-PDGM-0381_nifti/volumes/tumor_seg.nii.gz	191362
ucsf-pdgm/UCSF-PDGM-0382_nifti/preprocessing_metadata.json	2579
ucsf-pdgm/UCSF-PDGM-0382_nifti/volumes/ASL.nii.gz	5757858
ucsf-pdgm/UCSF-PDGM-0382_nifti/volumes/DWI.nii.gz	5759140
ucsf-pdgm/UCSF-PDGM-0382_nifti/volumes/FLAIR.nii.gz	5781780
ucsf-pdgm/UCSF-PDGM-0382_nifti/volumes/SWI.nii.gz	5774975
ucsf-pdgm/UCSF-PDGM-0382_nifti/volumes/T1.nii.gz	5741891
ucsf-pdgm/UCSF-PDGM-0382_nifti/volumes/T1c.nii.gz	5789580
ucsf-pdgm/UCSF-PDGM-0382_nifti/volumes/T2.nii.gz	5741835
ucsf-pdgm/UCSF-PDGM-0382_nifti/volumes/brain_mask.nii.gz	301622
ucsf-pdgm/UCSF-PDGM-0382_nifti/volumes/tumor_seg.nii.gz	197880
ucsf-pdgm/UCSF-PDGM-0383_nifti/preprocessing_metadata.json	2550
ucsf-pdgm/UCSF-PDGM-0383_nifti/volumes/ASL.nii.gz	4862395
ucsf-pdgm/UCSF-PDGM-0383_nifti/volumes/DWI.nii.gz	4857942
ucsf-pdgm/UCSF-PDGM-0383_nifti/volumes/FLAIR.nii.gz	4889693
ucsf-pdgm/UCSF-PDGM-0383_nifti/volumes/SWI.nii.gz	4897176
ucsf-pdgm/UCSF-PDGM-0383_nifti/volumes/T1.nii.gz	4860112
ucsf-pdgm/UCSF-PDGM-0383_nifti/volumes/T1c.nii.gz	4875717
ucsf-pdgm/UCSF-PDGM-0383_nifti/volumes/T2.nii.gz	4836197
ucsf-pdgm/UCSF-PDGM-0383_nifti/volumes/brain_mask.nii.gz	272144
ucsf-pdgm/UCSF-PDGM-0383_nifti/volumes/tumor_seg.nii.gz	174995
ucsf-pdgm/UCSF-PDGM-0384_nifti/preprocessing_metadata.json	2570
ucsf-pdgm/UCSF-PDGM-0384_nifti/volumes/ASL.nii.gz	6601382
ucsf-pdgm/UCSF-PDGM-0384_nifti/volumes/DWI.nii.gz	6596625
ucsf-pdgm/UCSF-PDGM-0384_nifti/volumes/FLAIR.nii.gz	6643215
ucsf-pdgm/UCSF-PDGM-0384_nifti/volumes/SWI.nii.gz	6564157
ucsf-pdgm/UCSF-PDGM-0384_nifti/volumes/T1.nii.gz	6588495
ucsf-pdgm/UCSF-PDGM-0384_nifti/volumes/T1c.nii.gz	6637300
ucsf-pdgm/UCSF-PDGM-0384_nifti/volumes/T2.nii.gz	6589255
ucsf-pdgm/UCSF-PDGM-0384_nifti/volumes/brain_mask.nii.gz	339096
ucsf-pdgm/UCSF-PDGM-0384_nifti/volumes/tumor_seg.nii.gz	208412
ucsf-pdgm/UCSF-PDGM-0385_nifti/preprocessing_metadata.json	2576
ucsf-pdgm/UCSF-PDGM-0385_nifti/volumes/ASL.nii.gz	5727363
ucsf-pdgm/UCSF-PDGM-0385_nifti/volumes/DWI.nii.gz	5748910
ucsf-pdgm/UCSF-PDGM-0385_nifti/volumes/FLAIR.nii.gz	5782399
ucsf-pdgm/UCSF-PDGM-0385_nifti/volumes/SWI.nii.gz	5717149
ucsf-pdgm/UCSF-PDGM-0385_nifti/volumes/T1.nii.gz	5765477
ucsf-pdgm/UCSF-PDGM-0385_nifti/volumes/T1c.nii.gz	5773885
ucsf-pdgm/UCSF-PDGM-0385_nifti/volumes/T2.nii.gz	5734226
ucsf-pdgm/UCSF-PDGM-0385_nifti/volumes/brain_mask.nii.gz	300411
ucsf-pdgm/UCSF-PDGM-0385_nifti/volumes/tumor_seg.nii.gz	186231
ucsf-pdgm/UCSF-PDGM-0386_nifti/preprocessing_metadata.json	2557
ucsf-pdgm/UCSF-PDGM-0386_nifti/volumes/ASL.nii.gz	4960943
ucsf-pdgm/UCSF-PDGM-0386_nifti/volumes/DWI.nii.gz	4980235
ucsf-pdgm/UCSF-PDGM-0386_nifti/volumes/FLAIR.nii.gz	5014538
ucsf-pdgm/UCSF-PDGM-0386_nifti/volumes/SWI.nii.gz	4979555
ucsf-pdgm/UCSF-PDGM-0386_nifti/volumes/T1.nii.gz	4995677
ucsf-pdgm/UCSF-PDGM-0386_nifti/volumes/T1c.nii.gz	5015416
ucsf-pdgm/UCSF-PDGM-0386_nifti/volumes/T2.nii.gz	4950701
ucsf-pdgm/UCSF-PDGM-0386_nifti/volumes/brain_mask.nii.gz	278014
ucsf-pdgm/UCSF-PDGM-0386_nifti/volumes/tumor_seg.nii.gz	191959
ucsf-pdgm/UCSF-PDGM-0387_nifti/preprocessing_metadata.json	2571
ucsf-pdgm/UCSF-PDGM-0387_nifti/volumes/ASL.nii.gz	4691551
ucsf-pdgm/UCSF-PDGM-0387_nifti/volumes/DWI.nii.gz	4719299
ucsf-pdgm/UCSF-PDGM-0387_nifti/volumes/FLAIR.nii.gz	4747899
ucsf-pdgm/UCSF-PDGM-0387_nifti/volumes/SWI.nii.gz	4693114
ucsf-pdgm/UCSF-PDGM-0387_nifti/volumes/T1.nii.gz	4729754
ucsf-pdgm/UCSF-PDGM-0387_nifti/volumes/T1c.nii.gz	4762867
ucsf-pdgm/UCSF-PDGM-0387_nifti/volumes/T2.nii.gz	4728779
ucsf-pdgm/UCSF-PDGM-0387_nifti/volumes/brain_mask.nii.gz	275940
ucsf-pdgm/UCSF-PDGM-0387_nifti/volumes/tumor_seg.nii.gz	169309
ucsf-pdgm/UCSF-PDGM-0388_nifti/preprocessing_metadata.json	2568
ucsf-pdgm/UCSF-PDGM-0388_nifti/volumes/ASL.nii.gz	5981670
ucsf-pdgm/UCSF-PDGM-0388_nifti/volumes/DWI.nii.gz	5607368
ucsf-pdgm/UCSF-PDGM-0388_nifti/volumes/FLAIR.nii.gz	6090222
ucsf-pdgm/UCSF-PDGM-0388_nifti/volumes/SWI.nii.gz	6116681
ucsf-pdgm/UCSF-PDGM-0388_nifti/volumes/T1.nii.gz	6054215
ucsf-pdgm/UCSF-PDGM-0388_nifti/volumes/T1c.nii.gz	6088350
ucsf-pdgm/UCSF-PDGM-0388_nifti/volumes/T2.nii.gz	6046984
ucsf-pdgm/UCSF-PDGM-0388_nifti/volumes/brain_mask.nii.gz	323075
ucsf-pdgm/UCSF-PDGM-0388_nifti/volumes/tumor_seg.nii.gz	173727
ucsf-pdgm/UCSF-PDGM-0389_nifti/preprocessing_metadata.json	2578
ucsf-pdgm/UCSF-PDGM-0389_nifti/volumes/ASL.nii.gz	6709015
ucsf-pdgm/UCSF-PDGM-0389_nifti/volumes/DWI.nii.gz	6750190
ucsf-pdgm/UCSF-PDGM-0389_nifti/volumes/FLAIR.nii.gz	6757289
ucsf-pdgm/UCSF-PDGM-0389_nifti/volumes/SWI.nii.gz	6743422
ucsf-pdgm/UCSF-PDGM-0389_nifti/volumes/T1.nii.gz	6709187
ucsf-pdgm/UCSF-PDGM-0389_nifti/volumes/T1c.nii.gz	6752522
ucsf-pdgm/UCSF-PDGM-0389_nifti/volumes/T2.nii.gz	6714873
ucsf-pdgm/UCSF-PDGM-0389_nifti/volumes/brain_mask.nii.gz	332790
ucsf-pdgm/UCSF-PDGM-0389_nifti/volumes/tumor_seg.nii.gz	219172
ucsf-pdgm/UCSF-PDGM-0390_nifti/preprocessing_metadata.json	2574
ucsf-pdgm/UCSF-PDGM-0390_nifti/volumes/ASL.nii.gz	5310253
ucsf-pdgm/UCSF-PDGM-0390_nifti/volumes/DWI.nii.gz	5334959
ucsf-pdgm/UCSF-PDGM-0390_nifti/volumes/FLAIR.nii.gz	5354390
ucsf-pdgm/UCSF-PDGM-0390_nifti/volumes/SWI.nii.gz	5283802
ucsf-pdgm/UCSF-PDGM-0390_nifti/volumes/T1.nii.gz	5334289
ucsf-pdgm/UCSF-PDGM-0390_nifti/volumes/T1c.nii.gz	5353980
ucsf-pdgm/UCSF-PDGM-0390_nifti/volumes/T2.nii.gz	5306598
ucsf-pdgm/UCSF-PDGM-0390_nifti/volumes/brain_mask.nii.gz	287689
ucsf-pdgm/UCSF-PDGM-0390_nifti/volumes/tumor_seg.nii.gz	207988
ucsf-pdgm/UCSF-PDGM-0391_nifti/preprocessing_metadata.json	2566
ucsf-pdgm/UCSF-PDGM-0391_nifti/volumes/ASL.nii.gz	5622879
ucsf-pdgm/UCSF-PDGM-0391_nifti/volumes/DWI.nii.gz	5616251
ucsf-pdgm/UCSF-PDGM-0391_nifti/volumes/FLAIR.nii.gz	5643796
ucsf-pdgm/UCSF-PDGM-0391_nifti/volumes/SWI.nii.gz	5667503
ucsf-pdgm/UCSF-PDGM-0391_nifti/volumes/T1.nii.gz	5612236
ucsf-pdgm/UCSF-PDGM-0391_nifti/volumes/T1c.nii.gz	5647684
ucsf-pdgm/UCSF-PDGM-0391_nifti/volumes/T2.nii.gz	5603247
ucsf-pdgm/UCSF-PDGM-0391_nifti/volumes/brain_mask.nii.gz	294814
ucsf-pdgm/UCSF-PDGM-0391_nifti/volumes/tumor_seg.nii.gz	182109
ucsf-pdgm/UCSF-PDGM-0392_nifti/preprocessing_metadata.json	2582
ucsf-pdgm/UCSF-PDGM-0392_nifti/volumes/ASL.nii.gz	5526603
ucsf-pdgm/UCSF-PDGM-0392_nifti/volumes/DWI.nii.gz	5488001
ucsf-pdgm/UCSF-PDGM-0392_nifti/volumes/FLAIR.nii.gz	5541622
ucsf-pdgm/UCSF-PDGM-0392_nifti/volumes/SWI.nii.gz	5507583
ucsf-pdgm/UCSF-PDGM-0392_nifti/volumes/T1.nii.gz	5515552
ucsf-pdgm/UCSF-PDGM-0392_nifti/volumes/T1c.nii.gz	5530490
ucsf-pdgm/UCSF-PDGM-0392_nifti/volumes/T2.nii.gz	5513396
ucsf-pdgm/UCSF-PDGM-0392_nifti/volumes/brain_mask.nii.gz	302967
ucsf-pdgm/UCSF-PDGM-0392_nifti/volumes/tumor_seg.nii.gz	183648
ucsf-pdgm/UCSF-PDGM-0393_nifti/preprocessing_metadata.json	2570
ucsf-pdgm/UCSF-PDGM-0393_nifti/volumes/ASL.nii.gz	6166213
ucsf-pdgm/UCSF-PDGM-0393_nifti/volumes/DWI.nii.gz	6201600
ucsf-pdgm/UCSF-PDGM-0393_nifti/volumes/FLAIR.nii.gz	6238024
ucsf-pdgm/UCSF-PDGM-0393_nifti/volumes/SWI.nii.gz	6157359
ucsf-pdgm/UCSF-PDGM-0393_nifti/volumes/T1.nii.gz	6192536
ucsf-pdgm/UCSF-PDGM-0393_nifti/volumes/T1c.nii.gz	6231926
ucsf-pdgm/UCSF-PDGM-0393_nifti/volumes/T2.nii.gz	6164906
ucsf-pdgm/UCSF-PDGM-0393_nifti/volumes/brain_mask.nii.gz	319187
ucsf-pdgm/UCSF-PDGM-0393_nifti/volumes/tumor_seg.nii.gz	221494
ucsf-pdgm/UCSF-PDGM-0394_nifti/preprocessing_metadata.json	2558
ucsf-pdgm/UCSF-PDGM-0394_nifti/volumes/ASL.nii.gz	6022961
ucsf-pdgm/UCSF-PDGM-0394_nifti/volumes/DWI.nii.gz	6071765
ucsf-pdgm/UCSF-PDGM-0394_nifti/volumes/FLAIR.nii.gz	6095220
ucsf-pdgm/UCSF-PDGM-0394_nifti/volumes/SWI.nii.gz	6003039
ucsf-pdgm/UCSF-PDGM-0394_nifti/volumes/T1.nii.gz	6061450
ucsf-pdgm/UCSF-PDGM-0394_nifti/volumes/T1c.nii.gz	6101214
ucsf-pdgm/UCSF-PDGM-0394_nifti/volumes/T2.nii.gz	6086556
ucsf-pdgm/UCSF-PDGM-0394_nifti/volumes/brain_mask.nii.gz	313644
ucsf-pdgm/UCSF-PDGM-0394_nifti/volumes/tumor_seg.nii.gz	204256
ucsf-pdgm/UCSF-PDGM-0395_nifti/preprocessing_metadata.json	2560
ucsf-pdgm/UCSF-PDGM-0395_nifti/volumes/ASL.nii.gz	5277249
ucsf-pdgm/UCSF-PDGM-0395_nifti/volumes/DWI.nii.gz	4900305
ucsf-pdgm/UCSF-PDGM-0395_nifti/volumes/FLAIR.nii.gz	5310304
ucsf-pdgm/UCSF-PDGM-0395_nifti/volumes/SWI.nii.gz	5325813
ucsf-pdgm/UCSF-PDGM-0395_nifti/volumes/T1.nii.gz	5280952
ucsf-pdgm/UCSF-PDGM-0395_nifti/volumes/T1c.nii.gz	5320759
ucsf-pdgm/UCSF-PDGM-0395_nifti/volumes/T2.nii.gz	5277372
ucsf-pdgm/UCSF-PDGM-0395_nifti/volumes/brain_mask.nii.gz	287263
ucsf-pdgm/UCSF-PDGM-0395_nifti/volumes/tumor_seg.nii.gz	172111
ucsf-pdgm/UCSF-PDGM-0396_nifti/preprocessing_metadata.json	2577
ucsf-pdgm/UCSF-PDGM-0396_nifti/volumes/ASL.nii.gz	5296695
ucsf-pdgm/UCSF-PDGM-0396_nifti/volumes/DWI.nii.gz	5316212
ucsf-pdgm/UCSF-PDGM-0396_nifti/volumes/FLAIR.nii.gz	5332415
ucsf-pdgm/UCSF-PDGM-0396_nifti/volumes/SWI.nii.gz	5279409
ucsf-pdgm/UCSF-PDGM-0396_nifti/volumes/T1.nii.gz	5319147
ucsf-pdgm/UCSF-PDGM-0396_nifti/volumes/T1c.nii.gz	5348315
ucsf-pdgm/UCSF-PDGM-0396_nifti/volumes/T2.nii.gz	5314118
ucsf-pdgm/UCSF-PDGM-0396_nifti/volumes/brain_mask.nii.gz	303376
ucsf-pdgm/UCSF-PDGM-0396_nifti/volumes/tumor_seg.nii.gz	200863
ucsf-pdgm/UCSF-PDGM-0397_nifti/preprocessing_metadata.json	2580
ucsf-pdgm/UCSF-PDGM-0397_nifti/volumes/ASL.nii.gz	5812758
ucsf-pdgm/UCSF-PDGM-0397_nifti/volumes/DWI.nii.gz	5825681
ucsf-pdgm/UCSF-PDGM-0397_nifti/volumes/FLAIR.nii.gz	5877514
ucsf-pdgm/UCSF-PDGM-0397_nifti/volumes/SWI.nii.gz	5759175
ucsf-pdgm/UCSF-PDGM-0397_nifti/volumes/T1.nii.gz	5823058
ucsf-pdgm/UCSF-PDGM-0397_nifti/volumes/T1c.nii.gz	5873797
ucsf-pdgm/UCSF-PDGM-0397_nifti/volumes/T2.nii.gz	5794621
ucsf-pdgm/UCSF-PDGM-0397_nifti/volumes/brain_mask.nii.gz	307329
ucsf-pdgm/UCSF-PDGM-0397_nifti/volumes/tumor_seg.nii.gz	191212
ucsf-pdgm/UCSF-PDGM-0398_nifti/preprocessing_metadata.json	2571
ucsf-pdgm/UCSF-PDGM-0398_nifti/volumes/ASL.nii.gz	5974337
ucsf-pdgm/UCSF-PDGM-0398_nifti/volumes/DWI.nii.gz	6024318
ucsf-pdgm/UCSF-PDGM-0398_nifti/volumes/FLAIR.nii.gz	6036317
ucsf-pdgm/UCSF-PDGM-0398_nifti/volumes/SWI.nii.gz	5940121
ucsf-pdgm/UCSF-PDGM-0398_nifti/volumes/T1.nii.gz	6009071
ucsf-pdgm/UCSF-PDGM-0398_nifti/volumes/T1c.nii.gz	6027419
ucsf-pdgm/UCSF-PDGM-0398_nifti/volumes/T2.nii.gz	6024140
ucsf-pdgm/UCSF-PDGM-0398_nifti/volumes/brain_mask.nii.gz	309098
ucsf-pdgm/UCSF-PDGM-0398_nifti/volumes/tumor_seg.nii.gz	196962
ucsf-pdgm/UCSF-PDGM-0399_nifti/preprocessing_metadata.json	2554
ucsf-pdgm/UCSF-PDGM-0399_nifti/volumes/ASL.nii.gz	6157501
ucsf-pdgm/UCSF-PDGM-0399_nifti/volumes/DWI.nii.gz	6221950
ucsf-pdgm/UCSF-PDGM-0399_nifti/volumes/FLAIR.nii.gz	6236177
ucsf-pdgm/UCSF-PDGM-0399_nifti/volumes/SWI.nii.gz	6140184
ucsf-pdgm/UCSF-PDGM-0399_nifti/volumes/T1.nii.gz	6219614
ucsf-pdgm/UCSF-PDGM-0399_nifti/volumes/T1c.nii.gz	6236852
ucsf-pdgm/UCSF-PDGM-0399_nifti/volumes/T2.nii.gz	6220549
ucsf-pdgm/UCSF-PDGM-0399_nifti/volumes/brain_mask.nii.gz	319077
ucsf-pdgm/UCSF-PDGM-0399_nifti/volumes/tumor_seg.nii.gz	237085
ucsf-pdgm/UCSF-PDGM-0400_nifti/preprocessing_metadata.json	2578
ucsf-pdgm/UCSF-PDGM-0400_nifti/volumes/ASL.nii.gz	6092862
ucsf-pdgm/UCSF-PDGM-0400_nifti/volumes/DWI.nii.gz	6131232
ucsf-pdgm/UCSF-PDGM-0400_nifti/volumes/FLAIR.nii.gz	6152526
ucsf-pdgm/UCSF-PDGM-0400_nifti/volumes/SWI.nii.gz	6059573
ucsf-pdgm/UCSF-PDGM-0400_nifti/volumes/T1.nii.gz	6120377
ucsf-pdgm/UCSF-PDGM-0400_nifti/volumes/T1c.nii.gz	6158979
ucsf-pdgm/UCSF-PDGM-0400_nifti/volumes/T2.nii.gz	6118479
ucsf-pdgm/UCSF-PDGM-0400_nifti/volumes/brain_mask.nii.gz	320466
ucsf-pdgm/UCSF-PDGM-0400_nifti/volumes/tumor_seg.nii.gz	212401
ucsf-pdgm/UCSF-PDGM-0401_nifti/preprocessing_metadata.json	2582
ucsf-pdgm/UCSF-PDGM-0401_nifti/volumes/ASL.nii.gz	5287264
ucsf-pdgm/UCSF-PDGM-0401_nifti/volumes/DWI.nii.gz	5289539
ucsf-pdgm/UCSF-PDGM-0401_nifti/volumes/FLAIR.nii.gz	5318742
ucsf-pdgm/UCSF-PDGM-0401_nifti/volumes/SWI.nii.gz	5305536
ucsf-pdgm/UCSF-PDGM-0401_nifti/volumes/T1.nii.gz	5281308
ucsf-pdgm/UCSF-PDGM-0401_nifti/volumes/T1c.nii.gz	5320826
ucsf-pdgm/UCSF-PDGM-0401_nifti/volumes/T2.nii.gz	5256251
ucsf-pdgm/UCSF-PDGM-0401_nifti/volumes/brain_mask.nii.gz	275166
ucsf-pdgm/UCSF-PDGM-0401_nifti/volumes/tumor_seg.nii.gz	177107
ucsf-pdgm/UCSF-PDGM-0402_nifti/preprocessing_metadata.json	2567
ucsf-pdgm/UCSF-PDGM-0402_nifti/volumes/ASL.nii.gz	6175371
ucsf-pdgm/UCSF-PDGM-0402_nifti/volumes/DWI.nii.gz	6194532
ucsf-pdgm/UCSF-PDGM-0402_nifti/volumes/FLAIR.nii.gz	6217980
ucsf-pdgm/UCSF-PDGM-0402_nifti/volumes/SWI.nii.gz	6186102
ucsf-pdgm/UCSF-PDGM-0402_nifti/volumes/T1.nii.gz	6174947
ucsf-pdgm/UCSF-PDGM-0402_nifti/volumes/T1c.nii.gz	6222855
ucsf-pdgm/UCSF-PDGM-0402_nifti/volumes/T2.nii.gz	6170369
ucsf-pdgm/UCSF-PDGM-0402_nifti/volumes/brain_mask.nii.gz	308693
ucsf-pdgm/UCSF-PDGM-0402_nifti/volumes/tumor_seg.nii.gz	192639
ucsf-pdgm/UCSF-PDGM-0403_nifti/preprocessing_metadata.json	2557
ucsf-pdgm/UCSF-PDGM-0403_nifti/volumes/ASL.nii.gz	6052066
ucsf-pdgm/UCSF-PDGM-0403_nifti/volumes/DWI.nii.gz	6048978
ucsf-pdgm/UCSF-PDGM-0403_nifti/volumes/FLAIR.nii.gz	6104964
ucsf-pdgm/UCSF-PDGM-0403_nifti/volumes/SWI.nii.gz	6016567
ucsf-pdgm/UCSF-PDGM-0403_nifti/volumes/T1.nii.gz	6057332
ucsf-pdgm/UCSF-PDGM-0403_nifti/volumes/T1c.nii.gz	6084029
ucsf-pdgm/UCSF-PDGM-0403_nifti/volumes/T2.nii.gz	6064777
ucsf-pdgm/UCSF-PDGM-0403_nifti/volumes/brain_mask.nii.gz	317395
ucsf-pdgm/UCSF-PDGM-0403_nifti/volumes/tumor_seg.nii.gz	219129
ucsf-pdgm/UCSF-PDGM-0404_nifti/preprocessing_metadata.json	2576
ucsf-pdgm/UCSF-PDGM-0404_nifti/volumes/ASL.nii.gz	6513030
ucsf-pdgm/UCSF-PDGM-0404_nifti/volumes/DWI.nii.gz	6548413
ucsf-pdgm/UCSF-PDGM-0404_nifti/volumes/FLAIR.nii.gz	6575383
ucsf-pdgm/UCSF-PDGM-0404_nifti/volumes/SWI.nii.gz	6504597
ucsf-pdgm/UCSF-PDGM-0404_nifti/volumes/T1.nii.gz	6515153
ucsf-pdgm/UCSF-PDGM-0404_nifti/volumes/T1c.nii.gz	6549604
ucsf-pdgm/UCSF-PDGM-0404_nifti/volumes/T2.nii.gz	6510623
ucsf-pdgm/UCSF-PDGM-0404_nifti/volumes/brain_mask.nii.gz	321162
ucsf-pdgm/UCSF-PDGM-0404_nifti/volumes/tumor_seg.nii.gz	236569
ucsf-pdgm/UCSF-PDGM-0405_nifti/preprocessing_metadata.json	2556
ucsf-pdgm/UCSF-PDGM-0405_nifti/volumes/ASL.nii.gz	7024848
ucsf-pdgm/UCSF-PDGM-0405_nifti/volumes/DWI.nii.gz	7070410
ucsf-pdgm/UCSF-PDGM-0405_nifti/volumes/FLAIR.nii.gz	7068644
ucsf-pdgm/UCSF-PDGM-0405_nifti/volumes/SWI.nii.gz	6938356
ucsf-pdgm/UCSF-PDGM-0405_nifti/volumes/T1.nii.gz	7021680
ucsf-pdgm/UCSF-PDGM-0405_nifti/volumes/T1c.nii.gz	7042548
ucsf-pdgm/UCSF-PDGM-0405_nifti/volumes/T2.nii.gz	7077314
ucsf-pdgm/UCSF-PDGM-0405_nifti/volumes/brain_mask.nii.gz	323657
ucsf-pdgm/UCSF-PDGM-0405_nifti/volumes/tumor_seg.nii.gz	233740
ucsf-pdgm/UCSF-PDGM-0406_nifti/preprocessing_metadata.json	2574
ucsf-pdgm/UCSF-PDGM-0406_nifti/volumes/ASL.nii.gz	6757943
ucsf-pdgm/UCSF-PDGM-0406_nifti/volumes/DWI.nii.gz	6799677
ucsf-pdgm/UCSF-PDGM-0406_nifti/volumes/FLAIR.nii.gz	6819107
ucsf-pdgm/UCSF-PDGM-0406_nifti/volumes/SWI.nii.gz	6745695
ucsf-pdgm/UCSF-PDGM-0406_nifti/volumes/T1.nii.gz	6790502
ucsf-pdgm/UCSF-PDGM-0406_nifti/volumes/T1c.nii.gz	6816458
ucsf-pdgm/UCSF-PDGM-0406_nifti/volumes/T2.nii.gz	6799329
ucsf-pdgm/UCSF-PDGM-0406_nifti/volumes/brain_mask.nii.gz	326474
ucsf-pdgm/UCSF-PDGM-0406_nifti/volumes/tumor_seg.nii.gz	246437
ucsf-pdgm/UCSF-PDGM-0407_nifti/preprocessing_metadata.json	2570
ucsf-pdgm/UCSF-PDGM-0407_nifti/volumes/ASL.nii.gz	5988575
ucsf-pdgm/UCSF-PDGM-0407_nifti/volumes/DWI.nii.gz	6215066
ucsf-pdgm/UCSF-PDGM-0407_nifti/volumes/FLAIR.nii.gz	6209020
ucsf-pdgm/UCSF-PDGM-0407_nifti/volumes/SWI.nii.gz	6160868
ucsf-pdgm/UCSF-PDGM-0407_nifti/volumes/T1.nii.gz	6187128
ucsf-pdgm/UCSF-PDGM-0407_nifti/volumes/T1c.nii.gz	6198419
ucsf-pdgm/UCSF-PDGM-0407_nifti/volumes/T2.nii.gz	6188792
ucsf-pdgm/UCSF-PDGM-0407_nifti/volumes/brain_mask.nii.gz	321476
ucsf-pdgm/UCSF-PDGM-0407_nifti/volumes/tumor_seg.nii.gz	199410
ucsf-pdgm/UCSF-PDGM-0409_nifti/preprocessing_metadata.json	2581
ucsf-pdgm/UCSF-PDGM-0409_nifti/volumes/ASL.nii.gz	5669398
ucsf-pdgm/UCSF-PDGM-0409_nifti/volumes/DWI.nii.gz	5781517
ucsf-pdgm/UCSF-PDGM-0409_nifti/volumes/FLAIR.nii.gz	5785581
ucsf-pdgm/UCSF-PDGM-0409_nifti/volumes/SWI.nii.gz	5781130
ucsf-pdgm/UCSF-PDGM-0409_nifti/volumes/T1.nii.gz	5763057
ucsf-pdgm/UCSF-PDGM-0409_nifti/volumes/T1c.nii.gz	5790910
ucsf-pdgm/UCSF-PDGM-0409_nifti/volumes/T2.nii.gz	5776718
ucsf-pdgm/UCSF-PDGM-0409_nifti/volumes/brain_mask.nii.gz	308575
ucsf-pdgm/UCSF-PDGM-0409_nifti/volumes/tumor_seg.nii.gz	231286
ucsf-pdgm/UCSF-PDGM-0410_nifti/preprocessing_metadata.json	2584
ucsf-pdgm/UCSF-PDGM-0410_nifti/volumes/ASL.nii.gz	6294207
ucsf-pdgm/UCSF-PDGM-0410_nifti/volumes/DWI.nii.gz	6323505
ucsf-pdgm/UCSF-PDGM-0410_nifti/volumes/FLAIR.nii.gz	6330829
ucsf-pdgm/UCSF-PDGM-0410_nifti/volumes/SWI.nii.gz	6252953
ucsf-pdgm/UCSF-PDGM-0410_nifti/volumes/T1.nii.gz	6302070
ucsf-pdgm/UCSF-PDGM-0410_nifti/volumes/T1c.nii.gz	6318555
ucsf-pdgm/UCSF-PDGM-0410_nifti/volumes/T2.nii.gz	6341390
ucsf-pdgm/UCSF-PDGM-0410_nifti/volumes/brain_mask.nii.gz	323692
ucsf-pdgm/UCSF-PDGM-0410_nifti/volumes/tumor_seg.nii.gz	224020
ucsf-pdgm/UCSF-PDGM-0411_nifti/preprocessing_metadata.json	2572
ucsf-pdgm/UCSF-PDGM-0411_nifti/volumes/ASL.nii.gz	6470616
ucsf-pdgm/UCSF-PDGM-0411_nifti/volumes/DWI.nii.gz	6720903
ucsf-pdgm/UCSF-PDGM-0411_nifti/volumes/FLAIR.nii.gz	6709782
ucsf-pdgm/UCSF-PDGM-0411_nifti/volumes/SWI.nii.gz	6615829
ucsf-pdgm/UCSF-PDGM-0411_nifti/volumes/T1.nii.gz	6708399
ucsf-pdgm/UCSF-PDGM-0411_nifti/volumes/T1c.nii.gz	6729696
ucsf-pdgm/UCSF-PDGM-0411_nifti/volumes/T2.nii.gz	6702567
ucsf-pdgm/UCSF-PDGM-0411_nifti/volumes/brain_mask.nii.gz	326084
ucsf-pdgm/UCSF-PDGM-0411_nifti/volumes/tumor_seg.nii.gz	241443
ucsf-pdgm/UCSF-PDGM-0412_nifti/preprocessing_metadata.json	2580
ucsf-pdgm/UCSF-PDGM-0412_nifti/volumes/ASL.nii.gz	6096939
ucsf-pdgm/UCSF-PDGM-0412_nifti/volumes/DWI.nii.gz	6138125
ucsf-pdgm/UCSF-PDGM-0412_nifti/volumes/FLAIR.nii.gz	6133399
ucsf-pdgm/UCSF-PDGM-0412_nifti/volumes/SWI.nii.gz	6079952
ucsf-pdgm/UCSF-PDGM-0412_nifti/volumes/T1.nii.gz	6133644
ucsf-pdgm/UCSF-PDGM-0412_nifti/volumes/T1c.nii.gz	6141840
ucsf-pdgm/UCSF-PDGM-0412_nifti/volumes/T2.nii.gz	6145613
ucsf-pdgm/UCSF-PDGM-0412_nifti/volumes/brain_mask.nii.gz	307462
ucsf-pdgm/UCSF-PDGM-0412_nifti/volumes/tumor_seg.nii.gz	221664
ucsf-pdgm/UCSF-PDGM-0413_nifti/preprocessing_metadata.json	2580
ucsf-pdgm/UCSF-PDGM-0413_nifti/volumes/ASL.nii.gz	6270120
ucsf-pdgm/UCSF-PDGM-0413_nifti/volumes/DWI.nii.gz	6311275
ucsf-pdgm/UCSF-PDGM-0413_nifti/volumes/FLAIR.nii.gz	6341365
ucsf-pdgm/UCSF-PDGM-0413_nifti/volumes/SWI.nii.gz	6298138
ucsf-pdgm/UCSF-PDGM-0413_nifti/volumes/T1.nii.gz	6288651
ucsf-pdgm/UCSF-PDGM-0413_nifti/volumes/T1c.nii.gz	6316118
ucsf-pdgm/UCSF-PDGM-0413_nifti/volumes/T2.nii.gz	6250309
ucsf-pdgm/UCSF-PDGM-0413_nifti/volumes/brain_mask.nii.gz	305403
ucsf-pdgm/UCSF-PDGM-0413_nifti/volumes/tumor_seg.nii.gz	206549
ucsf-pdgm/UCSF-PDGM-0414_nifti/preprocessing_metadata.json	2561
ucsf-pdgm/UCSF-PDGM-0414_nifti/volumes/ASL.nii.gz	4848042
ucsf-pdgm/UCSF-PDGM-0414_nifti/volumes/DWI.nii.gz	4867258
ucsf-pdgm/UCSF-PDGM-0414_nifti/volumes/FLAIR.nii.gz	4911592
ucsf-pdgm/UCSF-PDGM-0414_nifti/volumes/SWI.nii.gz	4858042
ucsf-pdgm/UCSF-PDGM-0414_nifti/volumes/T1.nii.gz	4880825
ucsf-pdgm/UCSF-PDGM-0414_nifti/volumes/T1c.nii.gz	4903127
ucsf-pdgm/UCSF-PDGM-0414_nifti/volumes/T2.nii.gz	4890305
ucsf-pdgm/UCSF-PDGM-0414_nifti/volumes/brain_mask.nii.gz	276391
ucsf-pdgm/UCSF-PDGM-0414_nifti/volumes/tumor_seg.nii.gz	195256
ucsf-pdgm/UCSF-PDGM-0415_nifti/preprocessing_metadata.json	2576
ucsf-pdgm/UCSF-PDGM-0415_nifti/volumes/ASL.nii.gz	6909533
ucsf-pdgm/UCSF-PDGM-0415_nifti/volumes/DWI.nii.gz	6313704
ucsf-pdgm/UCSF-PDGM-0415_nifti/volumes/FLAIR.nii.gz	6936067
ucsf-pdgm/UCSF-PDGM-0415_nifti/volumes/SWI.nii.gz	6868759
ucsf-pdgm/UCSF-PDGM-0415_nifti/volumes/T1.nii.gz	6884650
ucsf-pdgm/UCSF-PDGM-0415_nifti/volumes/T1c.nii.gz	6933423
ucsf-pdgm/UCSF-PDGM-0415_nifti/volumes/T2.nii.gz	6895892
ucsf-pdgm/UCSF-PDGM-0415_nifti/volumes/brain_mask.nii.gz	342031
ucsf-pdgm/UCSF-PDGM-0415_nifti/volumes/tumor_seg.nii.gz	183419
ucsf-pdgm/UCSF-PDGM-0416_nifti/preprocessing_metadata.json	2570
ucsf-pdgm/UCSF-PDGM-0416_nifti/volumes/ASL.nii.gz	6680561
ucsf-pdgm/UCSF-PDGM-0416_nifti/volumes/DWI.nii.gz	6755337
ucsf-pdgm/UCSF-PDGM-0416_nifti/volumes/FLAIR.nii.gz	6766945
ucsf-pdgm/UCSF-PDGM-0416_nifti/volumes/SWI.nii.gz	6785619
ucsf-pdgm/UCSF-PDGM-0416_nifti/volumes/T1.nii.gz	6734491
ucsf-pdgm/UCSF-PDGM-0416_nifti/volumes/T1c.nii.gz	6776371
ucsf-pdgm/UCSF-PDGM-0416_nifti/volumes/T2.nii.gz	6726059
ucsf-pdgm/UCSF-PDGM-0416_nifti/volumes/brain_mask.nii.gz	325183
ucsf-pdgm/UCSF-PDGM-0416_nifti/volumes/tumor_seg.nii.gz	178716
ucsf-pdgm/UCSF-PDGM-0417_nifti/preprocessing_metadata.json	2581
ucsf-pdgm/UCSF-PDGM-0417_nifti/volumes/ASL.nii.gz	7314302
ucsf-pdgm/UCSF-PDGM-0417_nifti/volumes/DWI.nii.gz	7362380
ucsf-pdgm/UCSF-PDGM-0417_nifti/volumes/FLAIR.nii.gz	7395062
ucsf-pdgm/UCSF-PDGM-0417_nifti/volumes/SWI.nii.gz	7368296
ucsf-pdgm/UCSF-PDGM-0417_nifti/volumes/T1.nii.gz	7357488
ucsf-pdgm/UCSF-PDGM-0417_nifti/volumes/T1c.nii.gz	7386474
ucsf-pdgm/UCSF-PDGM-0417_nifti/volumes/T2.nii.gz	7324516
ucsf-pdgm/UCSF-PDGM-0417_nifti/volumes/brain_mask.nii.gz	332234
ucsf-pdgm/UCSF-PDGM-0417_nifti/volumes/tumor_seg.nii.gz	231081
ucsf-pdgm/UCSF-PDGM-0418_nifti/preprocessing_metadata.json	2559
ucsf-pdgm/UCSF-PDGM-0418_nifti/volumes/ASL.nii.gz	5974118
ucsf-pdgm/UCSF-PDGM-0418_nifti/volumes/DWI.nii.gz	6011027
ucsf-pdgm/UCSF-PDGM-0418_nifti/volumes/FLAIR.nii.gz	6011096
ucsf-pdgm/UCSF-PDGM-0418_nifti/volumes/SWI.nii.gz	5940338
ucsf-pdgm/UCSF-PDGM-0418_nifti/volumes/T1.nii.gz	5977752
ucsf-pdgm/UCSF-PDGM-0418_nifti/volumes/T1c.nii.gz	6010216
ucsf-pdgm/UCSF-PDGM-0418_nifti/volumes/T2.nii.gz	6026664
ucsf-pdgm/UCSF-PDGM-0418_nifti/volumes/brain_mask.nii.gz	303217
ucsf-pdgm/UCSF-PDGM-0418_nifti/volumes/tumor_seg.nii.gz	185285
ucsf-pdgm/UCSF-PDGM-0419_nifti/preprocessing_metadata.json	2561
ucsf-pdgm/UCSF-PDGM-0419_nifti/volumes/ASL.nii.gz	6345929
ucsf-pdgm/UCSF-PDGM-0419_nifti/volumes/DWI.nii.gz	6508134
ucsf-pdgm/UCSF-PDGM-0419_nifti/volumes/FLAIR.nii.gz	6550213
ucsf-pdgm/UCSF-PDGM-0419_nifti/volumes/SWI.nii.gz	6464077
ucsf-pdgm/UCSF-PDGM-0419_nifti/volumes/T1.nii.gz	6498399
ucsf-pdgm/UCSF-PDGM-0419_nifti/volumes/T1c.nii.gz	6527148
ucsf-pdgm/UCSF-PDGM-0419_nifti/volumes/T2.nii.gz	6463409
ucsf-pdgm/UCSF-PDGM-0419_nifti/volumes/brain_mask.nii.gz	323453
ucsf-pdgm/UCSF-PDGM-0419_nifti/volumes/tumor_seg.nii.gz	181318
ucsf-pdgm/UCSF-PDGM-0420_nifti/preprocessing_metadata.json	2572
ucsf-pdgm/UCSF-PDGM-0420_nifti/volumes/ASL.nii.gz	4097797
ucsf-pdgm/UCSF-PDGM-0420_nifti/volumes/DWI.nii.gz	4117869
ucsf-pdgm/UCSF-PDGM-0420_nifti/volumes/FLAIR.nii.gz	4124084
ucsf-pdgm/UCSF-PDGM-0420_nifti/volumes/SWI.nii.gz	4108671
ucsf-pdgm/UCSF-PDGM-0420_nifti/volumes/T1.nii.gz	4096594
ucsf-pdgm/UCSF-PDGM-0420_nifti/volumes/T1c.nii.gz	4106593
ucsf-pdgm/UCSF-PDGM-0420_nifti/volumes/T2.nii.gz	4111053
ucsf-pdgm/UCSF-PDGM-0420_nifti/volumes/brain_mask.nii.gz	268282
ucsf-pdgm/UCSF-PDGM-0420_nifti/volumes/tumor_seg.nii.gz	165586
ucsf-pdgm/UCSF-PDGM-0421_nifti/preprocessing_metadata.json	2580
ucsf-pdgm/UCSF-PDGM-0421_nifti/volumes/ASL.nii.gz	5729399
ucsf-pdgm/UCSF-PDGM-0421_nifti/volumes/DWI.nii.gz	5693585
ucsf-pdgm/UCSF-PDGM-0421_nifti/volumes/FLAIR.nii.gz	5718986
ucsf-pdgm/UCSF-PDGM-0421_nifti/volumes/SWI.nii.gz	5743257
ucsf-pdgm/UCSF-PDGM-0421_nifti/volumes/T1.nii.gz	5722789
ucsf-pdgm/UCSF-PDGM-0421_nifti/volumes/T1c.nii.gz	5761371
ucsf-pdgm/UCSF-PDGM-0421_nifti/volumes/T2.nii.gz	5690552
ucsf-pdgm/UCSF-PDGM-0421_nifti/volumes/brain_mask.nii.gz	303675
ucsf-pdgm/UCSF-PDGM-0421_nifti/volumes/tumor_seg.nii.gz	183967
ucsf-pdgm/UCSF-PDGM-0422_nifti/preprocessing_metadata.json	2569
ucsf-pdgm/UCSF-PDGM-0422_nifti/volumes/ASL.nii.gz	6694532
ucsf-pdgm/UCSF-PDGM-0422_nifti/volumes/DWI.nii.gz	6698308
ucsf-pdgm/UCSF-PDGM-0422_nifti/volumes/FLAIR.nii.gz	6729453
ucsf-pdgm/UCSF-PDGM-0422_nifti/volumes/SWI.nii.gz	6730973
ucsf-pdgm/UCSF-PDGM-0422_nifti/volumes/T1.nii.gz	6666523
ucsf-pdgm/UCSF-PDGM-0422_nifti/volumes/T1c.nii.gz	6728508
ucsf-pdgm/UCSF-PDGM-0422_nifti/volumes/T2.nii.gz	6631365
ucsf-pdgm/UCSF-PDGM-0422_nifti/volumes/brain_mask.nii.gz	321440
ucsf-pdgm/UCSF-PDGM-0422_nifti/volumes/tumor_seg.nii.gz	182216
ucsf-pdgm/UCSF-PDGM-0423_nifti/preprocessing_metadata.json	2577
ucsf-pdgm/UCSF-PDGM-0423_nifti/volumes/ASL.nii.gz	5769862
ucsf-pdgm/UCSF-PDGM-0423_nifti/volumes/DWI.nii.gz	5797710
ucsf-pdgm/UCSF-PDGM-0423_nifti/volumes/FLAIR.nii.gz	5795959
ucsf-pdgm/UCSF-PDGM-0423_nifti/volumes/SWI.nii.gz	5789366
ucsf-pdgm/UCSF-PDGM-0423_nifti/volumes/T1.nii.gz	5776261
ucsf-pdgm/UCSF-PDGM-0423_nifti/volumes/T1c.nii.gz	5814477
ucsf-pdgm/UCSF-PDGM-0423_nifti/volumes/T2.nii.gz	5801198
ucsf-pdgm/UCSF-PDGM-0423_nifti/volumes/brain_mask.nii.gz	299791
ucsf-pdgm/UCSF-PDGM-0423_nifti/volumes/tumor_seg.nii.gz	204529
ucsf-pdgm/UCSF-PDGM-0424_nifti/preprocessing_metadata.json	2571
ucsf-pdgm/UCSF-PDGM-0424_nifti/volumes/ASL.nii.gz	6091195
ucsf-pdgm/UCSF-PDGM-0424_nifti/volumes/DWI.nii.gz	6185362
ucsf-pdgm/UCSF-PDGM-0424_nifti/volumes/FLAIR.nii.gz	6162997
ucsf-pdgm/UCSF-PDGM-0424_nifti/volumes/SWI.nii.gz	6122541
ucsf-pdgm/UCSF-PDGM-0424_nifti/volumes/T1.nii.gz	6143596
ucsf-pdgm/UCSF-PDGM-0424_nifti/volumes/T1c.nii.gz	6169052
ucsf-pdgm/UCSF-PDGM-0424_nifti/volumes/T2.nii.gz	6162793
ucsf-pdgm/UCSF-PDGM-0424_nifti/volumes/brain_mask.nii.gz	323902
ucsf-pdgm/UCSF-PDGM-0424_nifti/volumes/tumor_seg.nii.gz	187923
ucsf-pdgm/UCSF-PDGM-0425_nifti/preprocessing_metadata.json	2573
ucsf-pdgm/UCSF-PDGM-0425_nifti/volumes/ASL.nii.gz	6419342
ucsf-pdgm/UCSF-PDGM-0425_nifti/volumes/DWI.nii.gz	6618138
ucsf-pdgm/UCSF-PDGM-0425_nifti/volumes/FLAIR.nii.gz	6628304
ucsf-pdgm/UCSF-PDGM-0425_nifti/volumes/SWI.nii.gz	6549694
ucsf-pdgm/UCSF-PDGM-0425_nifti/volumes/T1.nii.gz	6591014
ucsf-pdgm/UCSF-PDGM-0425_nifti/volumes/T1c.nii.gz	6622383
ucsf-pdgm/UCSF-PDGM-0425_nifti/volumes/T2.nii.gz	6594011
ucsf-pdgm/UCSF-PDGM-0425_nifti/volumes/brain_mask.nii.gz	329732
ucsf-pdgm/UCSF-PDGM-0425_nifti/volumes/tumor_seg.nii.gz	209774
ucsf-pdgm/UCSF-PDGM-0426_nifti/preprocessing_metadata.json	2577
ucsf-pdgm/UCSF-PDGM-0426_nifti/volumes/ASL.nii.gz	5905968
ucsf-pdgm/UCSF-PDGM-0426_nifti/volumes/DWI.nii.gz	5992925
ucsf-pdgm/UCSF-PDGM-0426_nifti/volumes/FLAIR.nii.gz	5987707
ucsf-pdgm/UCSF-PDGM-0426_nifti/volumes/SWI.nii.gz	5974903
ucsf-pdgm/UCSF-PDGM-0426_nifti/volumes/T1.nii.gz	5978726
ucsf-pdgm/UCSF-PDGM-0426_nifti/volumes/T1c.nii.gz	5991337
ucsf-pdgm/UCSF-PDGM-0426_nifti/volumes/T2.nii.gz	5970134
ucsf-pdgm/UCSF-PDGM-0426_nifti/volumes/brain_mask.nii.gz	305290
ucsf-pdgm/UCSF-PDGM-0426_nifti/volumes/tumor_seg.nii.gz	214788
ucsf-pdgm/UCSF-PDGM-0427_nifti/preprocessing_metadata.json	2584
ucsf-pdgm/UCSF-PDGM-0427_nifti/volumes/ASL.nii.gz	5917925
ucsf-pdgm/UCSF-PDGM-0427_nifti/volumes/DWI.nii.gz	5944839
ucsf-pdgm/UCSF-PDGM-0427_nifti/volumes/FLAIR.nii.gz	5943238
ucsf-pdgm/UCSF-PDGM-0427_nifti/volumes/SWI.nii.gz	5950527
ucsf-pdgm/UCSF-PDGM-0427_nifti/volumes/T1.nii.gz	5925792
ucsf-pdgm/UCSF-PDGM-0427_nifti/volumes/T1c.nii.gz	5951774
ucsf-pdgm/UCSF-PDGM-0427_nifti/volumes/T2.nii.gz	5883440
ucsf-pdgm/UCSF-PDGM-0427_nifti/volumes/brain_mask.nii.gz	301594
ucsf-pdgm/UCSF-PDGM-0427_nifti/volumes/tumor_seg.nii.gz	198970
ucsf-pdgm/UCSF-PDGM-0428_nifti/preprocessing_metadata.json	2570
ucsf-pdgm/UCSF-PDGM-0428_nifti/volumes/ASL.nii.gz	5821444
ucsf-pdgm/UCSF-PDGM-0428_nifti/volumes/DWI.nii.gz	5876977
ucsf-pdgm/UCSF-PDGM-0428_nifti/volumes/FLAIR.nii.gz	5866028
ucsf-pdgm/UCSF-PDGM-0428_nifti/volumes/SWI.nii.gz	5812407
ucsf-pdgm/UCSF-PDGM-0428_nifti/volumes/T1.nii.gz	5848872
ucsf-pdgm/UCSF-PDGM-0428_nifti/volumes/T1c.nii.gz	5861884
ucsf-pdgm/UCSF-PDGM-0428_nifti/volumes/T2.nii.gz	5861003
ucsf-pdgm/UCSF-PDGM-0428_nifti/volumes/brain_mask.nii.gz	303394
ucsf-pdgm/UCSF-PDGM-0428_nifti/volumes/tumor_seg.nii.gz	180278
ucsf-pdgm/UCSF-PDGM-0429_nifti/preprocessing_metadata.json	2573
ucsf-pdgm/UCSF-PDGM-0429_nifti/volumes/ASL.nii.gz	5599389
ucsf-pdgm/UCSF-PDGM-0429_nifti/volumes/DWI.nii.gz	5623425
ucsf-pdgm/UCSF-PDGM-0429_nifti/volumes/FLAIR.nii.gz	5627173
ucsf-pdgm/UCSF-PDGM-0429_nifti/volumes/SWI.nii.gz	5611230
ucsf-pdgm/UCSF-PDGM-0429_nifti/volumes/T1.nii.gz	5596672
ucsf-pdgm/UCSF-PDGM-0429_nifti/volumes/T1c.nii.gz	5638278
ucsf-pdgm/UCSF-PDGM-0429_nifti/volumes/T2.nii.gz	5596271
ucsf-pdgm/UCSF-PDGM-0429_nifti/volumes/brain_mask.nii.gz	294838
ucsf-pdgm/UCSF-PDGM-0429_nifti/volumes/tumor_seg.nii.gz	177088
ucsf-pdgm/UCSF-PDGM-0430_nifti/preprocessing_metadata.json	2571
ucsf-pdgm/UCSF-PDGM-0430_nifti/volumes/ASL.nii.gz	5188682
ucsf-pdgm/UCSF-PDGM-0430_nifti/volumes/DWI.nii.gz	5208517
ucsf-pdgm/UCSF-PDGM-0430_nifti/volumes/FLAIR.nii.gz	5240355
ucsf-pdgm/UCSF-PDGM-0430_nifti/volumes/SWI.nii.gz	5254603
ucsf-pdgm/UCSF-PDGM-0430_nifti/volumes/T1.nii.gz	5225904
ucsf-pdgm/UCSF-PDGM-0430_nifti/volumes/T1c.nii.gz	5255047
ucsf-pdgm/UCSF-PDGM-0430_nifti/volumes/T2.nii.gz	5193229
ucsf-pdgm/UCSF-PDGM-0430_nifti/volumes/brain_mask.nii.gz	291828
ucsf-pdgm/UCSF-PDGM-0430_nifti/volumes/tumor_seg.nii.gz	172192
ucsf-pdgm/UCSF-PDGM-0431_nifti/preprocessing_metadata.json	2575
ucsf-pdgm/UCSF-PDGM-0431_nifti/volumes/ASL.nii.gz	6682681
ucsf-pdgm/UCSF-PDGM-0431_nifti/volumes/DWI.nii.gz	6718229
ucsf-pdgm/UCSF-PDGM-0431_nifti/volumes/FLAIR.nii.gz	6733895
ucsf-pdgm/UCSF-PDGM-0431_nifti/volumes/SWI.nii.gz	6647094
ucsf-pdgm/UCSF-PDGM-0431_nifti/volumes/T1.nii.gz	6709903
ucsf-pdgm/UCSF-PDGM-0431_nifti/volumes/T1c.nii.gz	6756044
ucsf-pdgm/UCSF-PDGM-0431_nifti/volumes/T2.nii.gz	6684287
ucsf-pdgm/UCSF-PDGM-0431_nifti/volumes/brain_mask.nii.gz	336496
ucsf-pdgm/UCSF-PDGM-0431_nifti/volumes/tumor_seg.nii.gz	232609
ucsf-pdgm/UCSF-PDGM-0432_nifti/preprocessing_metadata.json	2587
ucsf-pdgm/UCSF-PDGM-0432_nifti/volumes/ASL.nii.gz	5668584
ucsf-pdgm/UCSF-PDGM-0432_nifti/volumes/DWI.nii.gz	5692762
ucsf-pdgm/UCSF-PDGM-0432_nifti/volumes/FLAIR.nii.gz	5692671
ucsf-pdgm/UCSF-PDGM-0432_nifti/volumes/SWI.nii.gz	5693060
ucsf-pdgm/UCSF-PDGM-0432_nifti/volumes/T1.nii.gz	5690211
ucsf-pdgm/UCSF-PDGM-0432_nifti/volumes/T1c.nii.gz	5699055
ucsf-pdgm/UCSF-PDGM-0432_nifti/volumes/T2.nii.gz	5682410
ucsf-pdgm/UCSF-PDGM-0432_nifti/volumes/brain_mask.nii.gz	295083
ucsf-pdgm/UCSF-PDGM-0432_nifti/volumes/tumor_seg.nii.gz	207263
ucsf-pdgm/UCSF-PDGM-0433_nifti/preprocessing_metadata.json	2571
ucsf-pdgm/UCSF-PDGM-0433_nifti/volumes/ASL.nii.gz	6609165
ucsf-pdgm/UCSF-PDGM-0433_nifti/volumes/DWI.nii.gz	6577907
ucsf-pdgm/UCSF-PDGM-0433_nifti/volumes/FLAIR.nii.gz	6646633
ucsf-pdgm/UCSF-PDGM-0433_nifti/volumes/SWI.nii.gz	6655943
ucsf-pdgm/UCSF-PDGM-0433_nifti/volumes/T1.nii.gz	6596807
ucsf-pdgm/UCSF-PDGM-0433_nifti/volumes/T1c.nii.gz	6641619
ucsf-pdgm/UCSF-PDGM-0433_nifti/volumes/T2.nii.gz	6568614
ucsf-pdgm/UCSF-PDGM-0433_nifti/volumes/brain_mask.nii.gz	314901
ucsf-pdgm/UCSF-PDGM-0433_nifti/volumes/tumor_seg.nii.gz	174050
ucsf-pdgm/UCSF-PDGM-0434_nifti/preprocessing_metadata.json	2576
ucsf-pdgm/UCSF-PDGM-0434_nifti/volumes/ASL.nii.gz	6282240
ucsf-pdgm/UCSF-PDGM-0434_nifti/volumes/DWI.nii.gz	6337179
ucsf-pdgm/UCSF-PDGM-0434_nifti/volumes/FLAIR.nii.gz	6350565
ucsf-pdgm/UCSF-PDGM-0434_nifti/volumes/SWI.nii.gz	6340423
ucsf-pdgm/UCSF-PDGM-0434_nifti/volumes/T1.nii.gz	6313767
ucsf-pdgm/UCSF-PDGM-0434_nifti/volumes/T1c.nii.gz	6345487
ucsf-pdgm/UCSF-PDGM-0434_nifti/volumes/T2.nii.gz	6279481
ucsf-pdgm/UCSF-PDGM-0434_nifti/volumes/brain_mask.nii.gz	318351
ucsf-pdgm/UCSF-PDGM-0434_nifti/volumes/tumor_seg.nii.gz	206485
ucsf-pdgm/UCSF-PDGM-0435_nifti/preprocessing_metadata.json	2575
ucsf-pdgm/UCSF-PDGM-0435_nifti/volumes/ASL.nii.gz	6250897
ucsf-pdgm/UCSF-PDGM-0435_nifti/volumes/DWI.nii.gz	6479181
ucsf-pdgm/UCSF-PDGM-0435_nifti/volumes/FLAIR.nii.gz	6503161
ucsf-pdgm/UCSF-PDGM-0435_nifti/volumes/SWI.nii.gz	6501243
ucsf-pdgm/UCSF-PDGM-0435_nifti/volumes/T1.nii.gz	6445441
ucsf-pdgm/UCSF-PDGM-0435_nifti/volumes/T1c.nii.gz	6497949
ucsf-pdgm/UCSF-PDGM-0435_nifti/volumes/T2.nii.gz	6444721
ucsf-pdgm/UCSF-PDGM-0435_nifti/volumes/brain_mask.nii.gz	329015
ucsf-pdgm/UCSF-PDGM-0435_nifti/volumes/tumor_seg.nii.gz	206749
ucsf-pdgm/UCSF-PDGM-0436_nifti/preprocessing_metadata.json	2547
ucsf-pdgm/UCSF-PDGM-0436_nifti/volumes/ASL.nii.gz	5726855
ucsf-pdgm/UCSF-PDGM-0436_nifti/volumes/DWI.nii.gz	5751964
ucsf-pdgm/UCSF-PDGM-0436_nifti/volumes/FLAIR.nii.gz	5780755
ucsf-pdgm/UCSF-PDGM-0436_nifti/volumes/SWI.nii.gz	5714453
ucsf-pdgm/UCSF-PDGM-0436_nifti/volumes/T1.nii.gz	5755386
ucsf-pdgm/UCSF-PDGM-0436_nifti/volumes/T1c.nii.gz	5785735
ucsf-pdgm/UCSF-PDGM-0436_nifti/volumes/T2.nii.gz	5756260
ucsf-pdgm/UCSF-PDGM-0436_nifti/volumes/brain_mask.nii.gz	310208
ucsf-pdgm/UCSF-PDGM-0436_nifti/volumes/tumor_seg.nii.gz	178597
ucsf-pdgm/UCSF-PDGM-0437_nifti/preprocessing_metadata.json	2547
ucsf-pdgm/UCSF-PDGM-0437_nifti/volumes/ASL.nii.gz	4844219
ucsf-pdgm/UCSF-PDGM-0437_nifti/volumes/DWI.nii.gz	4839638
ucsf-pdgm/UCSF-PDGM-0437_nifti/volumes/FLAIR.nii.gz	4861780
ucsf-pdgm/UCSF-PDGM-0437_nifti/volumes/SWI.nii.gz	4853255
ucsf-pdgm/UCSF-PDGM-0437_nifti/volumes/T1.nii.gz	4856388
ucsf-pdgm/UCSF-PDGM-0437_nifti/volumes/T1c.nii.gz	4866378
ucsf-pdgm/UCSF-PDGM-0437_nifti/volumes/T2.nii.gz	4849842
ucsf-pdgm/UCSF-PDGM-0437_nifti/volumes/brain_mask.nii.gz	280909
ucsf-pdgm/UCSF-PDGM-0437_nifti/volumes/tumor_seg.nii.gz	169828
ucsf-pdgm/UCSF-PDGM-0438_nifti/preprocessing_metadata.json	2564
ucsf-pdgm/UCSF-PDGM-0438_nifti/volumes/ASL.nii.gz	5458699
ucsf-pdgm/UCSF-PDGM-0438_nifti/volumes/DWI.nii.gz	5569273
ucsf-pdgm/UCSF-PDGM-0438_nifti/volumes/FLAIR.nii.gz	5549768
ucsf-pdgm/UCSF-PDGM-0438_nifti/volumes/SWI.nii.gz	5570495
ucsf-pdgm/UCSF-PDGM-0438_nifti/volumes/T1.nii.gz	5549657
ucsf-pdgm/UCSF-PDGM-0438_nifti/volumes/T1c.nii.gz	5571038
ucsf-pdgm/UCSF-PDGM-0438_nifti/volumes/T2.nii.gz	5581796
ucsf-pdgm/UCSF-PDGM-0438_nifti/volumes/brain_mask.nii.gz	296588
ucsf-pdgm/UCSF-PDGM-0438_nifti/volumes/tumor_seg.nii.gz	170349
ucsf-pdgm/UCSF-PDGM-0439_nifti/preprocessing_metadata.json	2541
ucsf-pdgm/UCSF-PDGM-0439_nifti/volumes/ASL.nii.gz	6389174
ucsf-pdgm/UCSF-PDGM-0439_nifti/volumes/DWI.nii.gz	6412765
ucsf-pdgm/UCSF-PDGM-0439_nifti/volumes/FLAIR.nii.gz	6399053
ucsf-pdgm/UCSF-PDGM-0439_nifti/volumes/SWI.nii.gz	6416897
ucsf-pdgm/UCSF-PDGM-0439_nifti/volumes/T1.nii.gz	6382239
ucsf-pdgm/UCSF-PDGM-0439_nifti/volumes/T1c.nii.gz	6393257
ucsf-pdgm/UCSF-PDGM-0439_nifti/volumes/T2.nii.gz	6392332
ucsf-pdgm/UCSF-PDGM-0439_nifti/volumes/brain_mask.nii.gz	324733
ucsf-pdgm/UCSF-PDGM-0439_nifti/volumes/tumor_seg.nii.gz	170111
ucsf-pdgm/UCSF-PDGM-0440_nifti/preprocessing_metadata.json	2548
ucsf-pdgm/UCSF-PDGM-0440_nifti/volumes/ASL.nii.gz	6279288
ucsf-pdgm/UCSF-PDGM-0440_nifti/volumes/DWI.nii.gz	6305452
ucsf-pdgm/UCSF-PDGM-0440_nifti/volumes/FLAIR.nii.gz	6321641
ucsf-pdgm/UCSF-PDGM-0440_nifti/volumes/SWI.nii.gz	6335944
ucsf-pdgm/UCSF-PDGM-0440_nifti/volumes/T1.nii.gz	6320368
ucsf-pdgm/UCSF-PDGM-0440_nifti/volumes/T1c.nii.gz	6334494
ucsf-pdgm/UCSF-PDGM-0440_nifti/volumes/T2.nii.gz	6290564
ucsf-pdgm/UCSF-PDGM-0440_nifti/volumes/brain_mask.nii.gz	312897
ucsf-pdgm/UCSF-PDGM-0440_nifti/volumes/tumor_seg.nii.gz	217235
ucsf-pdgm/UCSF-PDGM-0441_nifti/preprocessing_metadata.json	2568
ucsf-pdgm/UCSF-PDGM-0441_nifti/volumes/ASL.nii.gz	5921632
ucsf-pdgm/UCSF-PDGM-0441_nifti/volumes/DWI.nii.gz	5963861
ucsf-pdgm/UCSF-PDGM-0441_nifti/volumes/FLAIR.nii.gz	5942529
ucsf-pdgm/UCSF-PDGM-0441_nifti/volumes/SWI.nii.gz	5977032
ucsf-pdgm/UCSF-PDGM-0441_nifti/volumes/T1.nii.gz	5926899
ucsf-pdgm/UCSF-PDGM-0441_nifti/volumes/T1c.nii.gz	5953604
ucsf-pdgm/UCSF-PDGM-0441_nifti/volumes/T2.nii.gz	5980864
ucsf-pdgm/UCSF-PDGM-0441_nifti/volumes/brain_mask.nii.gz	290806
ucsf-pdgm/UCSF-PDGM-0441_nifti/volumes/tumor_seg.nii.gz	166916
ucsf-pdgm/UCSF-PDGM-0442_nifti/preprocessing_metadata.json	2562
ucsf-pdgm/UCSF-PDGM-0442_nifti/volumes/ASL.nii.gz	5557381
ucsf-pdgm/UCSF-PDGM-0442_nifti/volumes/DWI.nii.gz	5562887
ucsf-pdgm/UCSF-PDGM-0442_nifti/volumes/FLAIR.nii.gz	5565720
ucsf-pdgm/UCSF-PDGM-0442_nifti/volumes/SWI.nii.gz	5531282
ucsf-pdgm/UCSF-PDGM-0442_nifti/volumes/T1.nii.gz	5534244
ucsf-pdgm/UCSF-PDGM-0442_nifti/volumes/T1c.nii.gz	5594161
ucsf-pdgm/UCSF-PDGM-0442_nifti/volumes/T2.nii.gz	5576653
ucsf-pdgm/UCSF-PDGM-0442_nifti/volumes/brain_mask.nii.gz	294895
ucsf-pdgm/UCSF-PDGM-0442_nifti/volumes/tumor_seg.nii.gz	242068
ucsf-pdgm/UCSF-PDGM-0443_nifti/preprocessing_metadata.json	2573
ucsf-pdgm/UCSF-PDGM-0443_nifti/volumes/ASL.nii.gz	5710731
ucsf-pdgm/UCSF-PDGM-0443_nifti/volumes/DWI.nii.gz	5736238
ucsf-pdgm/UCSF-PDGM-0443_nifti/volumes/FLAIR.nii.gz	5736267
ucsf-pdgm/UCSF-PDGM-0443_nifti/volumes/SWI.nii.gz	5721225
ucsf-pdgm/UCSF-PDGM-0443_nifti/volumes/T1.nii.gz	5688886
ucsf-pdgm/UCSF-PDGM-0443_nifti/volumes/T1c.nii.gz	5742678
ucsf-pdgm/UCSF-PDGM-0443_nifti/volumes/T2.nii.gz	5698322
ucsf-pdgm/UCSF-PDGM-0443_nifti/volumes/brain_mask.nii.gz	300192
ucsf-pdgm/UCSF-PDGM-0443_nifti/volumes/tumor_seg.nii.gz	166291
ucsf-pdgm/UCSF-PDGM-0444_nifti/preprocessing_metadata.json	2565
ucsf-pdgm/UCSF-PDGM-0444_nifti/volumes/ASL.nii.gz	5908660
ucsf-pdgm/UCSF-PDGM-0444_nifti/volumes/DWI.nii.gz	5953070
ucsf-pdgm/UCSF-PDGM-0444_nifti/volumes/FLAIR.nii.gz	5955256
ucsf-pdgm/UCSF-PDGM-0444_nifti/volumes/SWI.nii.gz	5948668
ucsf-pdgm/UCSF-PDGM-0444_nifti/volumes/T1.nii.gz	5937661
ucsf-pdgm/UCSF-PDGM-0444_nifti/volumes/T1c.nii.gz	5965217
ucsf-pdgm/UCSF-PDGM-0444_nifti/volumes/T2.nii.gz	5895432
ucsf-pdgm/UCSF-PDGM-0444_nifti/volumes/brain_mask.nii.gz	296370
ucsf-pdgm/UCSF-PDGM-0444_nifti/volumes/tumor_seg.nii.gz	193170
ucsf-pdgm/UCSF-PDGM-0445_nifti/preprocessing_metadata.json	2565
ucsf-pdgm/UCSF-PDGM-0445_nifti/volumes/ASL.nii.gz	6451478
ucsf-pdgm/UCSF-PDGM-0445_nifti/volumes/DWI.nii.gz	6224603
ucsf-pdgm/UCSF-PDGM-0445_nifti/volumes/FLAIR.nii.gz	6491349
ucsf-pdgm/UCSF-PDGM-0445_nifti/volumes/SWI.nii.gz	6470351
ucsf-pdgm/UCSF-PDGM-0445_nifti/volumes/T1.nii.gz	6452826
ucsf-pdgm/UCSF-PDGM-0445_nifti/volumes/T1c.nii.gz	6487789
ucsf-pdgm/UCSF-PDGM-0445_nifti/volumes/T2.nii.gz	6432696
ucsf-pdgm/UCSF-PDGM-0445_nifti/volumes/brain_mask.nii.gz	334463
ucsf-pdgm/UCSF-PDGM-0445_nifti/volumes/tumor_seg.nii.gz	188731
ucsf-pdgm/UCSF-PDGM-0446_nifti/preprocessing_metadata.json	2567
ucsf-pdgm/UCSF-PDGM-0446_nifti/volumes/ASL.nii.gz	5535932
ucsf-pdgm/UCSF-PDGM-0446_nifti/volumes/DWI.nii.gz	5541822
ucsf-pdgm/UCSF-PDGM-0446_nifti/volumes/FLAIR.nii.gz	5594193
ucsf-pdgm/UCSF-PDGM-0446_nifti/volumes/SWI.nii.gz	5598506
ucsf-pdgm/UCSF-PDGM-0446_nifti/volumes/T1.nii.gz	5574492
ucsf-pdgm/UCSF-PDGM-0446_nifti/volumes/T1c.nii.gz	5612798
ucsf-pdgm/UCSF-PDGM-0446_nifti/volumes/T2.nii.gz	5564236
ucsf-pdgm/UCSF-PDGM-0446_nifti/volumes/brain_mask.nii.gz	295672
ucsf-pdgm/UCSF-PDGM-0446_nifti/volumes/tumor_seg.nii.gz	186802
ucsf-pdgm/UCSF-PDGM-0447_nifti/preprocessing_metadata.json	2578
ucsf-pdgm/UCSF-PDGM-0447_nifti/volumes/ASL.nii.gz	6175647
ucsf-pdgm/UCSF-PDGM-0447_nifti/volumes/DWI.nii.gz	6275066
ucsf-pdgm/UCSF-PDGM-0447_nifti/volumes/FLAIR.nii.gz	6277885
ucsf-pdgm/UCSF-PDGM-0447_nifti/volumes/SWI.nii.gz	6270352
ucsf-pdgm/UCSF-PDGM-0447_nifti/volumes/T1.nii.gz	6255512
ucsf-pdgm/UCSF-PDGM-0447_nifti/volumes/T1c.nii.gz	6296777
ucsf-pdgm/UCSF-PDGM-0447_nifti/volumes/T2.nii.gz	6282637
ucsf-pdgm/UCSF-PDGM-0447_nifti/volumes/brain_mask.nii.gz	304520
ucsf-pdgm/UCSF-PDGM-0447_nifti/volumes/tumor_seg.nii.gz	245064
ucsf-pdgm/UCSF-PDGM-0448_nifti/preprocessing_metadata.json	2566
ucsf-pdgm/UCSF-PDGM-0448_nifti/volumes/ASL.nii.gz	6389394
ucsf-pdgm/UCSF-PDGM-0448_nifti/volumes/DWI.nii.gz	6432434
ucsf-pdgm/UCSF-PDGM-0448_nifti/volumes/FLAIR.nii.gz	6429761
ucsf-pdgm/UCSF-PDGM-0448_nifti/volumes/SWI.nii.gz	6345172
ucsf-pdgm/UCSF-PDGM-0448_nifti/volumes/T1.nii.gz	6403482
ucsf-pdgm/UCSF-PDGM-0448_nifti/volumes/T1c.nii.gz	6436799
ucsf-pdgm/UCSF-PDGM-0448_nifti/volumes/T2.nii.gz	6449695
ucsf-pdgm/UCSF-PDGM-0448_nifti/volumes/brain_mask.nii.gz	322304
ucsf-pdgm/UCSF-PDGM-0448_nifti/volumes/tumor_seg.nii.gz	186106
ucsf-pdgm/UCSF-PDGM-0449_nifti/preprocessing_metadata.json	2548
ucsf-pdgm/UCSF-PDGM-0449_nifti/volumes/ASL.nii.gz	6381971
ucsf-pdgm/UCSF-PDGM-0449_nifti/volumes/DWI.nii.gz	6421442
ucsf-pdgm/UCSF-PDGM-0449_nifti/volumes/FLAIR.nii.gz	6450002
ucsf-pdgm/UCSF-PDGM-0449_nifti/volumes/SWI.nii.gz	6454576
ucsf-pdgm/UCSF-PDGM-0449_nifti/volumes/T1.nii.gz	6404094
ucsf-pdgm/UCSF-PDGM-0449_nifti/volumes/T1c.nii.gz	6431469
ucsf-pdgm/UCSF-PDGM-0449_nifti/volumes/T2.nii.gz	6387008
ucsf-pdgm/UCSF-PDGM-0449_nifti/volumes/brain_mask.nii.gz	339295
ucsf-pdgm/UCSF-PDGM-0449_nifti/volumes/tumor_seg.nii.gz	193147
ucsf-pdgm/UCSF-PDGM-0450_nifti/preprocessing_metadata.json	2550
ucsf-pdgm/UCSF-PDGM-0450_nifti/volumes/ASL.nii.gz	5489122
ucsf-pdgm/UCSF-PDGM-0450_nifti/volumes/DWI.nii.gz	5519231
ucsf-pdgm/UCSF-PDGM-0450_nifti/volumes/FLAIR.nii.gz	5549974
ucsf-pdgm/UCSF-PDGM-0450_nifti/volumes/SWI.nii.gz	5478214
ucsf-pdgm/UCSF-PDGM-0450_nifti/volumes/T1.nii.gz	5514873
ucsf-pdgm/UCSF-PDGM-0450_nifti/volumes/T1c.nii.gz	5534863
ucsf-pdgm/UCSF-PDGM-0450_nifti/volumes/T2.nii.gz	5506863
ucsf-pdgm/UCSF-PDGM-0450_nifti/volumes/brain_mask.nii.gz	295865
ucsf-pdgm/UCSF-PDGM-0450_nifti/volumes/tumor_seg.nii.gz	180231
ucsf-pdgm/UCSF-PDGM-0451_nifti/preprocessing_metadata.json	2577
ucsf-pdgm/UCSF-PDGM-0451_nifti/volumes/ASL.nii.gz	6139264
ucsf-pdgm/UCSF-PDGM-0451_nifti/volumes/DWI.nii.gz	6221318
ucsf-pdgm/UCSF-PDGM-0451_nifti/volumes/FLAIR.nii.gz	6228423
ucsf-pdgm/UCSF-PDGM-0451_nifti/volumes/SWI.nii.gz	6172815
ucsf-pdgm/UCSF-PDGM-0451_nifti/volumes/T1.nii.gz	6197738
ucsf-pdgm/UCSF-PDGM-0451_nifti/volumes/T1c.nii.gz	6228381
ucsf-pdgm/UCSF-PDGM-0451_nifti/volumes/T2.nii.gz	6232285
ucsf-pdgm/UCSF-PDGM-0451_nifti/volumes/brain_mask.nii.gz	313321
ucsf-pdgm/UCSF-PDGM-0451_nifti/volumes/tumor_seg.nii.gz	200059
ucsf-pdgm/UCSF-PDGM-0452_nifti/preprocessing_metadata.json	2580
ucsf-pdgm/UCSF-PDGM-0452_nifti/volumes/ASL.nii.gz	5690816
ucsf-pdgm/UCSF-PDGM-0452_nifti/volumes/DWI.nii.gz	5984748
ucsf-pdgm/UCSF-PDGM-0452_nifti/volumes/FLAIR.nii.gz	6042868
ucsf-pdgm/UCSF-PDGM-0452_nifti/volumes/SWI.nii.gz	5929522
ucsf-pdgm/UCSF-PDGM-0452_nifti/volumes/T1.nii.gz	6020273
ucsf-pdgm/UCSF-PDGM-0452_nifti/volumes/T1c.nii.gz	6044481
ucsf-pdgm/UCSF-PDGM-0452_nifti/volumes/T2.nii.gz	5977483
ucsf-pdgm/UCSF-PDGM-0452_nifti/volumes/brain_mask.nii.gz	316340
ucsf-pdgm/UCSF-PDGM-0452_nifti/volumes/tumor_seg.nii.gz	254907
ucsf-pdgm/UCSF-PDGM-0453_nifti/preprocessing_metadata.json	2577
ucsf-pdgm/UCSF-PDGM-0453_nifti/volumes/ASL.nii.gz	6529011
ucsf-pdgm/UCSF-PDGM-0453_nifti/volumes/DWI.nii.gz	6628641
ucsf-pdgm/UCSF-PDGM-0453_nifti/volumes/FLAIR.nii.gz	6654125
ucsf-pdgm/UCSF-PDGM-0453_nifti/volumes/SWI.nii.gz	6559448
ucsf-pdgm/UCSF-PDGM-0453_nifti/volumes/T1.nii.gz	6620395
ucsf-pdgm/UCSF-PDGM-0453_nifti/volumes/T1c.nii.gz	6665349
ucsf-pdgm/UCSF-PDGM-0453_nifti/volumes/T2.nii.gz	6618921
ucsf-pdgm/UCSF-PDGM-0453_nifti/volumes/brain_mask.nii.gz	325729
ucsf-pdgm/UCSF-PDGM-0453_nifti/volumes/tumor_seg.nii.gz	274039
ucsf-pdgm/UCSF-PDGM-0454_nifti/preprocessing_metadata.json	2567
ucsf-pdgm/UCSF-PDGM-0454_nifti/volumes/ASL.nii.gz	5557358
ucsf-pdgm/UCSF-PDGM-0454_nifti/volumes/DWI.nii.gz	5592857
ucsf-pdgm/UCSF-PDGM-0454_nifti/volumes/FLAIR.nii.gz	5603183
ucsf-pdgm/UCSF-PDGM-0454_nifti/volumes/SWI.nii.gz	5608728
ucsf-pdgm/UCSF-PDGM-0454_nifti/volumes/T1.nii.gz	5584112
ucsf-pdgm/UCSF-PDGM-0454_nifti/volumes/T1c.nii.gz	5607960
ucsf-pdgm/UCSF-PDGM-0454_nifti/volumes/T2.nii.gz	5582748
ucsf-pdgm/UCSF-PDGM-0454_nifti/volumes/brain_mask.nii.gz	299963
ucsf-pdgm/UCSF-PDGM-0454_nifti/volumes/tumor_seg.nii.gz	216928
ucsf-pdgm/UCSF-PDGM-0455_nifti/preprocessing_metadata.json	2575
ucsf-pdgm/UCSF-PDGM-0455_nifti/volumes/ASL.nii.gz	7022268
ucsf-pdgm/UCSF-PDGM-0455_nifti/volumes/DWI.nii.gz	7057829
ucsf-pdgm/UCSF-PDGM-0455_nifti/volumes/FLAIR.nii.gz	7039638
ucsf-pdgm/UCSF-PDGM-0455_nifti/volumes/SWI.nii.gz	6981985
ucsf-pdgm/UCSF-PDGM-0455_nifti/volumes/T1.nii.gz	7052950
ucsf-pdgm/UCSF-PDGM-0455_nifti/volumes/T1c.nii.gz	7076056
ucsf-pdgm/UCSF-PDGM-0455_nifti/volumes/T2.nii.gz	7029331
ucsf-pdgm/UCSF-PDGM-0455_nifti/volumes/brain_mask.nii.gz	340009
ucsf-pdgm/UCSF-PDGM-0455_nifti/volumes/tumor_seg.nii.gz	303722
ucsf-pdgm/UCSF-PDGM-0456_nifti/preprocessing_metadata.json	2545
ucsf-pdgm/UCSF-PDGM-0456_nifti/volumes/ASL.nii.gz	6266256
ucsf-pdgm/UCSF-PDGM-0456_nifti/volumes/DWI.nii.gz	6379873
ucsf-pdgm/UCSF-PDGM-0456_nifti/volumes/FLAIR.nii.gz	6402602
ucsf-pdgm/UCSF-PDGM-0456_nifti/volumes/SWI.nii.gz	6305899
ucsf-pdgm/UCSF-PDGM-0456_nifti/volumes/T1.nii.gz	6348759
ucsf-pdgm/UCSF-PDGM-0456_nifti/volumes/T1c.nii.gz	6392090
ucsf-pdgm/UCSF-PDGM-0456_nifti/volumes/T2.nii.gz	6353772
ucsf-pdgm/UCSF-PDGM-0456_nifti/volumes/brain_mask.nii.gz	326446
ucsf-pdgm/UCSF-PDGM-0456_nifti/volumes/tumor_seg.nii.gz	183754
ucsf-pdgm/UCSF-PDGM-0457_nifti/preprocessing_metadata.json	2576
ucsf-pdgm/UCSF-PDGM-0457_nifti/volumes/ASL.nii.gz	6351379
ucsf-pdgm/UCSF-PDGM-0457_nifti/volumes/DWI.nii.gz	6559118
ucsf-pdgm/UCSF-PDGM-0457_nifti/volumes/FLAIR.nii.gz	6564846
ucsf-pdgm/UCSF-PDGM-0457_nifti/volumes/SWI.nii.gz	6480531
ucsf-pdgm/UCSF-PDGM-0457_nifti/volumes/T1.nii.gz	6546105
ucsf-pdgm/UCSF-PDGM-0457_nifti/volumes/T1c.nii.gz	6549335
ucsf-pdgm/UCSF-PDGM-0457_nifti/volumes/T2.nii.gz	6566002
ucsf-pdgm/UCSF-PDGM-0457_nifti/volumes/brain_mask.nii.gz	330456
ucsf-pdgm/UCSF-PDGM-0457_nifti/volumes/tumor_seg.nii.gz	223291
ucsf-pdgm/UCSF-PDGM-0458_nifti/preprocessing_metadata.json	2581
ucsf-pdgm/UCSF-PDGM-0458_nifti/volumes/ASL.nii.gz	6955703
ucsf-pdgm/UCSF-PDGM-0458_nifti/volumes/DWI.nii.gz	7048553
ucsf-pdgm/UCSF-PDGM-0458_nifti/volumes/FLAIR.nii.gz	7124294
ucsf-pdgm/UCSF-PDGM-0458_nifti/volumes/SWI.nii.gz	7002395
ucsf-pdgm/UCSF-PDGM-0458_nifti/volumes/T1.nii.gz	7076006
ucsf-pdgm/UCSF-PDGM-0458_nifti/volumes/T1c.nii.gz	7117011
ucsf-pdgm/UCSF-PDGM-0458_nifti/volumes/T2.nii.gz	7082420
ucsf-pdgm/UCSF-PDGM-0458_nifti/volumes/brain_mask.nii.gz	336264
ucsf-pdgm/UCSF-PDGM-0458_nifti/volumes/tumor_seg.nii.gz	236645
ucsf-pdgm/UCSF-PDGM-0459_nifti/preprocessing_metadata.json	2580
ucsf-pdgm/UCSF-PDGM-0459_nifti/volumes/ASL.nii.gz	6120268
ucsf-pdgm/UCSF-PDGM-0459_nifti/volumes/DWI.nii.gz	6339723
ucsf-pdgm/UCSF-PDGM-0459_nifti/volumes/FLAIR.nii.gz	6391582
ucsf-pdgm/UCSF-PDGM-0459_nifti/volumes/SWI.nii.gz	6292970
ucsf-pdgm/UCSF-PDGM-0459_nifti/volumes/T1.nii.gz	6353450
ucsf-pdgm/UCSF-PDGM-0459_nifti/volumes/T1c.nii.gz	6394451
ucsf-pdgm/UCSF-PDGM-0459_nifti/volumes/T2.nii.gz	6339170
ucsf-pdgm/UCSF-PDGM-0459_nifti/volumes/brain_mask.nii.gz	330541
ucsf-pdgm/UCSF-PDGM-0459_nifti/volumes/tumor_seg.nii.gz	191363
ucsf-pdgm/UCSF-PDGM-0460_nifti/preprocessing_metadata.json	2563
ucsf-pdgm/UCSF-PDGM-0460_nifti/volumes/ASL.nii.gz	6351075
ucsf-pdgm/UCSF-PDGM-0460_nifti/volumes/DWI.nii.gz	6402797
ucsf-pdgm/UCSF-PDGM-0460_nifti/volumes/FLAIR.nii.gz	6438753
ucsf-pdgm/UCSF-PDGM-0460_nifti/volumes/SWI.nii.gz	6372225
ucsf-pdgm/UCSF-PDGM-0460_nifti/volumes/T1.nii.gz	6404811
ucsf-pdgm/UCSF-PDGM-0460_nifti/volumes/T1c.nii.gz	6436466
ucsf-pdgm/UCSF-PDGM-0460_nifti/volumes/T2.nii.gz	6385726
ucsf-pdgm/UCSF-PDGM-0460_nifti/volumes/brain_mask.nii.gz	309104
ucsf-pdgm/UCSF-PDGM-0460_nifti/volumes/tumor_seg.nii.gz	193494
ucsf-pdgm/UCSF-PDGM-0461_nifti/preprocessing_metadata.json	2566
ucsf-pdgm/UCSF-PDGM-0461_nifti/volumes/ASL.nii.gz	6053424
ucsf-pdgm/UCSF-PDGM-0461_nifti/volumes/DWI.nii.gz	6058078
ucsf-pdgm/UCSF-PDGM-0461_nifti/volumes/FLAIR.nii.gz	6096246
ucsf-pdgm/UCSF-PDGM-0461_nifti/volumes/SWI.nii.gz	6014667
ucsf-pdgm/UCSF-PDGM-0461_nifti/volumes/T1.nii.gz	6074948
ucsf-pdgm/UCSF-PDGM-0461_nifti/volumes/T1c.nii.gz	6107664
ucsf-pdgm/UCSF-PDGM-0461_nifti/volumes/T2.nii.gz	6054449
ucsf-pdgm/UCSF-PDGM-0461_nifti/volumes/brain_mask.nii.gz	305127
ucsf-pdgm/UCSF-PDGM-0461_nifti/volumes/tumor_seg.nii.gz	214673
ucsf-pdgm/UCSF-PDGM-0462_nifti/preprocessing_metadata.json	2571
ucsf-pdgm/UCSF-PDGM-0462_nifti/volumes/ASL.nii.gz	6031384
ucsf-pdgm/UCSF-PDGM-0462_nifti/volumes/DWI.nii.gz	6259260
ucsf-pdgm/UCSF-PDGM-0462_nifti/volumes/FLAIR.nii.gz	6308025
ucsf-pdgm/UCSF-PDGM-0462_nifti/volumes/SWI.nii.gz	6302656
ucsf-pdgm/UCSF-PDGM-0462_nifti/volumes/T1.nii.gz	6262239
ucsf-pdgm/UCSF-PDGM-0462_nifti/volumes/T1c.nii.gz	6307329
ucsf-pdgm/UCSF-PDGM-0462_nifti/volumes/T2.nii.gz	6248650
ucsf-pdgm/UCSF-PDGM-0462_nifti/volumes/brain_mask.nii.gz	316879
ucsf-pdgm/UCSF-PDGM-0462_nifti/volumes/tumor_seg.nii.gz	223914
ucsf-pdgm/UCSF-PDGM-0463_nifti/preprocessing_metadata.json	2570
ucsf-pdgm/UCSF-PDGM-0463_nifti/volumes/ASL.nii.gz	5132862
ucsf-pdgm/UCSF-PDGM-0463_nifti/volumes/DWI.nii.gz	5300893
ucsf-pdgm/UCSF-PDGM-0463_nifti/volumes/FLAIR.nii.gz	5353126
ucsf-pdgm/UCSF-PDGM-0463_nifti/volumes/SWI.nii.gz	5282891
ucsf-pdgm/UCSF-PDGM-0463_nifti/volumes/T1.nii.gz	5317681
ucsf-pdgm/UCSF-PDGM-0463_nifti/volumes/T1c.nii.gz	5342138
ucsf-pdgm/UCSF-PDGM-0463_nifti/volumes/T2.nii.gz	5294715
ucsf-pdgm/UCSF-PDGM-0463_nifti/volumes/brain_mask.nii.gz	297751
ucsf-pdgm/UCSF-PDGM-0463_nifti/volumes/tumor_seg.nii.gz	186979
ucsf-pdgm/UCSF-PDGM-0464_nifti/preprocessing_metadata.json	2574
ucsf-pdgm/UCSF-PDGM-0464_nifti/volumes/ASL.nii.gz	4649380
ucsf-pdgm/UCSF-PDGM-0464_nifti/volumes/DWI.nii.gz	4809372
ucsf-pdgm/UCSF-PDGM-0464_nifti/volumes/FLAIR.nii.gz	4834729
ucsf-pdgm/UCSF-PDGM-0464_nifti/volumes/SWI.nii.gz	4845645
ucsf-pdgm/UCSF-PDGM-0464_nifti/volumes/T1.nii.gz	4811709
ucsf-pdgm/UCSF-PDGM-0464_nifti/volumes/T1c.nii.gz	4846396
ucsf-pdgm/UCSF-PDGM-0464_nifti/volumes/T2.nii.gz	4824561
ucsf-pdgm/UCSF-PDGM-0464_nifti/volumes/brain_mask.nii.gz	274022
ucsf-pdgm/UCSF-PDGM-0464_nifti/volumes/tumor_seg.nii.gz	176750
ucsf-pdgm/UCSF-PDGM-0465_nifti/preprocessing_metadata.json	2562
ucsf-pdgm/UCSF-PDGM-0465_nifti/volumes/ASL.nii.gz	6017356
ucsf-pdgm/UCSF-PDGM-0465_nifti/volumes/DWI.nii.gz	6145037
ucsf-pdgm/UCSF-PDGM-0465_nifti/volumes/FLAIR.nii.gz	6144831
ucsf-pdgm/UCSF-PDGM-0465_nifti/volumes/SWI.nii.gz	6015307
ucsf-pdgm/UCSF-PDGM-0465_nifti/volumes/T1.nii.gz	6123670
ucsf-pdgm/UCSF-PDGM-0465_nifti/volumes/T1c.nii.gz	6156275
ucsf-pdgm/UCSF-PDGM-0465_nifti/volumes/T2.nii.gz	6173690
ucsf-pdgm/UCSF-PDGM-0465_nifti/volumes/brain_mask.nii.gz	309554
ucsf-pdgm/UCSF-PDGM-0465_nifti/volumes/tumor_seg.nii.gz	226168
ucsf-pdgm/UCSF-PDGM-0466_nifti/preprocessing_metadata.json	2551
ucsf-pdgm/UCSF-PDGM-0466_nifti/volumes/ASL.nii.gz	5949290
ucsf-pdgm/UCSF-PDGM-0466_nifti/volumes/DWI.nii.gz	5958748
ucsf-pdgm/UCSF-PDGM-0466_nifti/volumes/FLAIR.nii.gz	5980138
ucsf-pdgm/UCSF-PDGM-0466_nifti/volumes/SWI.nii.gz	5933853
ucsf-pdgm/UCSF-PDGM-0466_nifti/volumes/T1.nii.gz	5947689
ucsf-pdgm/UCSF-PDGM-0466_nifti/volumes/T1c.nii.gz	5995266
ucsf-pdgm/UCSF-PDGM-0466_nifti/volumes/T2.nii.gz	5945093
ucsf-pdgm/UCSF-PDGM-0466_nifti/volumes/brain_mask.nii.gz	303319
ucsf-pdgm/UCSF-PDGM-0466_nifti/volumes/tumor_seg.nii.gz	239296
ucsf-pdgm/UCSF-PDGM-0467_nifti/preprocessing_metadata.json	2578
ucsf-pdgm/UCSF-PDGM-0467_nifti/volumes/ASL.nii.gz	5751839
ucsf-pdgm/UCSF-PDGM-0467_nifti/volumes/DWI.nii.gz	6069481
ucsf-pdgm/UCSF-PDGM-0467_nifti/volumes/FLAIR.nii.gz	6108968
ucsf-pdgm/UCSF-PDGM-0467_nifti/volumes/SWI.nii.gz	6079221
ucsf-pdgm/UCSF-PDGM-0467_nifti/volumes/T1.nii.gz	6094910
ucsf-pdgm/UCSF-PDGM-0467_nifti/volumes/T1c.nii.gz	6122049
ucsf-pdgm/UCSF-PDGM-0467_nifti/volumes/T2.nii.gz	6061423
ucsf-pdgm/UCSF-PDGM-0467_nifti/volumes/brain_mask.nii.gz	325287
ucsf-pdgm/UCSF-PDGM-0467_nifti/volumes/tumor_seg.nii.gz	223231
ucsf-pdgm/UCSF-PDGM-0468_nifti/preprocessing_metadata.json	2557
ucsf-pdgm/UCSF-PDGM-0468_nifti/volumes/ASL.nii.gz	5931722
ucsf-pdgm/UCSF-PDGM-0468_nifti/volumes/DWI.nii.gz	5990103
ucsf-pdgm/UCSF-PDGM-0468_nifti/volumes/FLAIR.nii.gz	5991692
ucsf-pdgm/UCSF-PDGM-0468_nifti/volumes/SWI.nii.gz	5966292
ucsf-pdgm/UCSF-PDGM-0468_nifti/volumes/T1.nii.gz	5946910
ucsf-pdgm/UCSF-PDGM-0468_nifti/volumes/T1c.nii.gz	5979380
ucsf-pdgm/UCSF-PDGM-0468_nifti/volumes/T2.nii.gz	5960155
ucsf-pdgm/UCSF-PDGM-0468_nifti/volumes/brain_mask.nii.gz	309286
ucsf-pdgm/UCSF-PDGM-0468_nifti/volumes/tumor_seg.nii.gz	185221
ucsf-pdgm/UCSF-PDGM-0469_nifti/preprocessing_metadata.json	2556
ucsf-pdgm/UCSF-PDGM-0469_nifti/volumes/ASL.nii.gz	5846204
ucsf-pdgm/UCSF-PDGM-0469_nifti/volumes/DWI.nii.gz	5869985
ucsf-pdgm/UCSF-PDGM-0469_nifti/volumes/FLAIR.nii.gz	5876144
ucsf-pdgm/UCSF-PDGM-0469_nifti/volumes/SWI.nii.gz	5854210
ucsf-pdgm/UCSF-PDGM-0469_nifti/volumes/T1.nii.gz	5874740
ucsf-pdgm/UCSF-PDGM-0469_nifti/volumes/T1c.nii.gz	5896784
ucsf-pdgm/UCSF-PDGM-0469_nifti/volumes/T2.nii.gz	5877023
ucsf-pdgm/UCSF-PDGM-0469_nifti/volumes/brain_mask.nii.gz	308509
ucsf-pdgm/UCSF-PDGM-0469_nifti/volumes/tumor_seg.nii.gz	223103
ucsf-pdgm/UCSF-PDGM-0470_nifti/preprocessing_metadata.json	2560
ucsf-pdgm/UCSF-PDGM-0470_nifti/volumes/ASL.nii.gz	5665549
ucsf-pdgm/UCSF-PDGM-0470_nifti/volumes/DWI.nii.gz	5770094
ucsf-pdgm/UCSF-PDGM-0470_nifti/volumes/FLAIR.nii.gz	5832243
ucsf-pdgm/UCSF-PDGM-0470_nifti/volumes/SWI.nii.gz	5814793
ucsf-pdgm/UCSF-PDGM-0470_nifti/volumes/T1.nii.gz	5805285
ucsf-pdgm/UCSF-PDGM-0470_nifti/volumes/T1c.nii.gz	5828513
ucsf-pdgm/UCSF-PDGM-0470_nifti/volumes/T2.nii.gz	5783842
ucsf-pdgm/UCSF-PDGM-0470_nifti/volumes/brain_mask.nii.gz	305914
ucsf-pdgm/UCSF-PDGM-0470_nifti/volumes/tumor_seg.nii.gz	208881
ucsf-pdgm/UCSF-PDGM-0471_nifti/preprocessing_metadata.json	2583
ucsf-pdgm/UCSF-PDGM-0471_nifti/volumes/ASL.nii.gz	5911779
ucsf-pdgm/UCSF-PDGM-0471_nifti/volumes/DWI.nii.gz	5936643
ucsf-pdgm/UCSF-PDGM-0471_nifti/volumes/FLAIR.nii.gz	5936976
ucsf-pdgm/UCSF-PDGM-0471_nifti/volumes/SWI.nii.gz	5939961
ucsf-pdgm/UCSF-PDGM-0471_nifti/volumes/T1.nii.gz	5931327
ucsf-pdgm/UCSF-PDGM-0471_nifti/volumes/T1c.nii.gz	5955306
ucsf-pdgm/UCSF-PDGM-0471_nifti/volumes/T2.nii.gz	5937440
ucsf-pdgm/UCSF-PDGM-0471_nifti/volumes/brain_mask.nii.gz	308186
ucsf-pdgm/UCSF-PDGM-0471_nifti/volumes/tumor_seg.nii.gz	227773
ucsf-pdgm/UCSF-PDGM-0472_nifti/preprocessing_metadata.json	2575
ucsf-pdgm/UCSF-PDGM-0472_nifti/volumes/ASL.nii.gz	5189116
ucsf-pdgm/UCSF-PDGM-0472_nifti/volumes/DWI.nii.gz	5194949
ucsf-pdgm/UCSF-PDGM-0472_nifti/volumes/FLAIR.nii.gz	5236362
ucsf-pdgm/UCSF-PDGM-0472_nifti/volumes/SWI.nii.gz	5153569
ucsf-pdgm/UCSF-PDGM-0472_nifti/volumes/T1.nii.gz	5217695
ucsf-pdgm/UCSF-PDGM-0472_nifti/volumes/T1c.nii.gz	5261984
ucsf-pdgm/UCSF-PDGM-0472_nifti/volumes/T2.nii.gz	5183529
ucsf-pdgm/UCSF-PDGM-0472_nifti/volumes/brain_mask.nii.gz	285439
ucsf-pdgm/UCSF-PDGM-0472_nifti/volumes/tumor_seg.nii.gz	209333
ucsf-pdgm/UCSF-PDGM-0473_nifti/preprocessing_metadata.json	2571
ucsf-pdgm/UCSF-PDGM-0473_nifti/volumes/ASL.nii.gz	5737385
ucsf-pdgm/UCSF-PDGM-0473_nifti/volumes/DWI.nii.gz	5725877
ucsf-pdgm/UCSF-PDGM-0473_nifti/volumes/FLAIR.nii.gz	5778947
ucsf-pdgm/UCSF-PDGM-0473_nifti/volumes/SWI.nii.gz	5716599
ucsf-pdgm/UCSF-PDGM-0473_nifti/volumes/T1.nii.gz	5749185
ucsf-pdgm/UCSF-PDGM-0473_nifti/volumes/T1c.nii.gz	5770266
ucsf-pdgm/UCSF-PDGM-0473_nifti/volumes/T2.nii.gz	5756870
ucsf-pdgm/UCSF-PDGM-0473_nifti/volumes/brain_mask.nii.gz	297780
ucsf-pdgm/UCSF-PDGM-0473_nifti/volumes/tumor_seg.nii.gz	196751
ucsf-pdgm/UCSF-PDGM-0474_nifti/preprocessing_metadata.json	2553
ucsf-pdgm/UCSF-PDGM-0474_nifti/volumes/ASL.nii.gz	6116556
ucsf-pdgm/UCSF-PDGM-0474_nifti/volumes/DWI.nii.gz	6139014
ucsf-pdgm/UCSF-PDGM-0474_nifti/volumes/FLAIR.nii.gz	6146647
ucsf-pdgm/UCSF-PDGM-0474_nifti/volumes/SWI.nii.gz	6121668
ucsf-pdgm/UCSF-PDGM-0474_nifti/volumes/T1.nii.gz	6113994
ucsf-pdgm/UCSF-PDGM-0474_nifti/volumes/T1c.nii.gz	6122532
ucsf-pdgm/UCSF-PDGM-0474_nifti/volumes/T2.nii.gz	6166951
ucsf-pdgm/UCSF-PDGM-0474_nifti/volumes/brain_mask.nii.gz	303811
ucsf-pdgm/UCSF-PDGM-0474_nifti/volumes/tumor_seg.nii.gz	189764
ucsf-pdgm/UCSF-PDGM-0475_nifti/preprocessing_metadata.json	2558
ucsf-pdgm/UCSF-PDGM-0475_nifti/volumes/ASL.nii.gz	5975886
ucsf-pdgm/UCSF-PDGM-0475_nifti/volumes/DWI.nii.gz	6014278
ucsf-pdgm/UCSF-PDGM-0475_nifti/volumes/FLAIR.nii.gz	5992213
ucsf-pdgm/UCSF-PDGM-0475_nifti/volumes/SWI.nii.gz	6010861
ucsf-pdgm/UCSF-PDGM-0475_nifti/volumes/T1.nii.gz	6000636
ucsf-pdgm/UCSF-PDGM-0475_nifti/volumes/T1c.nii.gz	6014550
ucsf-pdgm/UCSF-PDGM-0475_nifti/volumes/T2.nii.gz	6017834
ucsf-pdgm/UCSF-PDGM-0475_nifti/volumes/brain_mask.nii.gz	306348
ucsf-pdgm/UCSF-PDGM-0475_nifti/volumes/tumor_seg.nii.gz	205464
ucsf-pdgm/UCSF-PDGM-0476_nifti/preprocessing_metadata.json	2550
ucsf-pdgm/UCSF-PDGM-0476_nifti/volumes/ASL.nii.gz	5451427
ucsf-pdgm/UCSF-PDGM-0476_nifti/volumes/DWI.nii.gz	5496747
ucsf-pdgm/UCSF-PDGM-0476_nifti/volumes/FLAIR.nii.gz	5494127
ucsf-pdgm/UCSF-PDGM-0476_nifti/volumes/SWI.nii.gz	5482412
ucsf-pdgm/UCSF-PDGM-0476_nifti/volumes/T1.nii.gz	5466278
ucsf-pdgm/UCSF-PDGM-0476_nifti/volumes/T1c.nii.gz	5513127
ucsf-pdgm/UCSF-PDGM-0476_nifti/volumes/T2.nii.gz	5489786
ucsf-pdgm/UCSF-PDGM-0476_nifti/volumes/brain_mask.nii.gz	292262
ucsf-pdgm/UCSF-PDGM-0476_nifti/volumes/tumor_seg.nii.gz	161320
ucsf-pdgm/UCSF-PDGM-0477_nifti/preprocessing_metadata.json	2568
ucsf-pdgm/UCSF-PDGM-0477_nifti/volumes/ASL.nii.gz	4779130
ucsf-pdgm/UCSF-PDGM-0477_nifti/volumes/DWI.nii.gz	4807971
ucsf-pdgm/UCSF-PDGM-0477_nifti/volumes/FLAIR.nii.gz	4817572
ucsf-pdgm/UCSF-PDGM-0477_nifti/volumes/SWI.nii.gz	4766279
ucsf-pdgm/UCSF-PDGM-0477_nifti/volumes/T1.nii.gz	4792811
ucsf-pdgm/UCSF-PDGM-0477_nifti/volumes/T1c.nii.gz	4801655
ucsf-pdgm/UCSF-PDGM-0477_nifti/volumes/T2.nii.gz	4806261
ucsf-pdgm/UCSF-PDGM-0477_nifti/volumes/brain_mask.nii.gz	284905
ucsf-pdgm/UCSF-PDGM-0477_nifti/volumes/tumor_seg.nii.gz	159860
ucsf-pdgm/UCSF-PDGM-0478_nifti/preprocessing_metadata.json	2559
ucsf-pdgm/UCSF-PDGM-0478_nifti/volumes/ASL.nii.gz	6634402
ucsf-pdgm/UCSF-PDGM-0478_nifti/volumes/DWI.nii.gz	6846390
ucsf-pdgm/UCSF-PDGM-0478_nifti/volumes/FLAIR.nii.gz	6846934
ucsf-pdgm/UCSF-PDGM-0478_nifti/volumes/SWI.nii.gz	6746705
ucsf-pdgm/UCSF-PDGM-0478_nifti/volumes/T1.nii.gz	6811621
ucsf-pdgm/UCSF-PDGM-0478_nifti/volumes/T1c.nii.gz	6839737
ucsf-pdgm/UCSF-PDGM-0478_nifti/volumes/T2.nii.gz	6850647
ucsf-pdgm/UCSF-PDGM-0478_nifti/volumes/brain_mask.nii.gz	332466
ucsf-pdgm/UCSF-PDGM-0478_nifti/volumes/tumor_seg.nii.gz	181290
ucsf-pdgm/UCSF-PDGM-0479_nifti/preprocessing_metadata.json	2578
ucsf-pdgm/UCSF-PDGM-0479_nifti/volumes/ASL.nii.gz	5644363
ucsf-pdgm/UCSF-PDGM-0479_nifti/volumes/DWI.nii.gz	5692848
ucsf-pdgm/UCSF-PDGM-0479_nifti/volumes/FLAIR.nii.gz	5717540
ucsf-pdgm/UCSF-PDGM-0479_nifti/volumes/SWI.nii.gz	5645047
ucsf-pdgm/UCSF-PDGM-0479_nifti/volumes/T1.nii.gz	5699352
ucsf-pdgm/UCSF-PDGM-0479_nifti/volumes/T1c.nii.gz	5732439
ucsf-pdgm/UCSF-PDGM-0479_nifti/volumes/T2.nii.gz	5686495
ucsf-pdgm/UCSF-PDGM-0479_nifti/volumes/brain_mask.nii.gz	299522
ucsf-pdgm/UCSF-PDGM-0479_nifti/volumes/tumor_seg.nii.gz	231425
ucsf-pdgm/UCSF-PDGM-0480_nifti/preprocessing_metadata.json	2583
ucsf-pdgm/UCSF-PDGM-0480_nifti/volumes/ASL.nii.gz	5350305
ucsf-pdgm/UCSF-PDGM-0480_nifti/volumes/DWI.nii.gz	5165947
ucsf-pdgm/UCSF-PDGM-0480_nifti/volumes/FLAIR.nii.gz	5320291
ucsf-pdgm/UCSF-PDGM-0480_nifti/volumes/SWI.nii.gz	5366203
ucsf-pdgm/UCSF-PDGM-0480_nifti/volumes/T1.nii.gz	5348579
ucsf-pdgm/UCSF-PDGM-0480_nifti/volumes/T1c.nii.gz	5361786
ucsf-pdgm/UCSF-PDGM-0480_nifti/volumes/T2.nii.gz	5324615
ucsf-pdgm/UCSF-PDGM-0480_nifti/volumes/brain_mask.nii.gz	306455
ucsf-pdgm/UCSF-PDGM-0480_nifti/volumes/tumor_seg.nii.gz	241263
ucsf-pdgm/UCSF-PDGM-0481_nifti/preprocessing_metadata.json	2575
ucsf-pdgm/UCSF-PDGM-0481_nifti/volumes/ASL.nii.gz	5647924
ucsf-pdgm/UCSF-PDGM-0481_nifti/volumes/DWI.nii.gz	5940362
ucsf-pdgm/UCSF-PDGM-0481_nifti/volumes/FLAIR.nii.gz	5964787
ucsf-pdgm/UCSF-PDGM-0481_nifti/volumes/SWI.nii.gz	5875895
ucsf-pdgm/UCSF-PDGM-0481_nifti/volumes/T1.nii.gz	5929992
ucsf-pdgm/UCSF-PDGM-0481_nifti/volumes/T1c.nii.gz	5954019
ucsf-pdgm/UCSF-PDGM-0481_nifti/volumes/T2.nii.gz	5947136
ucsf-pdgm/UCSF-PDGM-0481_nifti/volumes/brain_mask.nii.gz	299789
ucsf-pdgm/UCSF-PDGM-0481_nifti/volumes/tumor_seg.nii.gz	222714
ucsf-pdgm/UCSF-PDGM-0482_nifti/preprocessing_metadata.json	2565
ucsf-pdgm/UCSF-PDGM-0482_nifti/volumes/ASL.nii.gz	5287194
ucsf-pdgm/UCSF-PDGM-0482_nifti/volumes/DWI.nii.gz	5295610
ucsf-pdgm/UCSF-PDGM-0482_nifti/volumes/FLAIR.nii.gz	5296627
ucsf-pdgm/UCSF-PDGM-0482_nifti/volumes/SWI.nii.gz	5269962
ucsf-pdgm/UCSF-PDGM-0482_nifti/volumes/T1.nii.gz	5277318
ucsf-pdgm/UCSF-PDGM-0482_nifti/volumes/T1c.nii.gz	5318516
ucsf-pdgm/UCSF-PDGM-0482_nifti/volumes/T2.nii.gz	5320899
ucsf-pdgm/UCSF-PDGM-0482_nifti/volumes/brain_mask.nii.gz	294721
ucsf-pdgm/UCSF-PDGM-0482_nifti/volumes/tumor_seg.nii.gz	215984
ucsf-pdgm/UCSF-PDGM-0483_nifti/preprocessing_metadata.json	2567
ucsf-pdgm/UCSF-PDGM-0483_nifti/volumes/ASL.nii.gz	5635090
ucsf-pdgm/UCSF-PDGM-0483_nifti/volumes/DWI.nii.gz	5667030
ucsf-pdgm/UCSF-PDGM-0483_nifti/volumes/FLAIR.nii.gz	5687515
ucsf-pdgm/UCSF-PDGM-0483_nifti/volumes/SWI.nii.gz	5693756
ucsf-pdgm/UCSF-PDGM-0483_nifti/volumes/T1.nii.gz	5688157
ucsf-pdgm/UCSF-PDGM-0483_nifti/volumes/T1c.nii.gz	5711164
ucsf-pdgm/UCSF-PDGM-0483_nifti/volumes/T2.nii.gz	5694805
ucsf-pdgm/UCSF-PDGM-0483_nifti/volumes/brain_mask.nii.gz	306425
ucsf-pdgm/UCSF-PDGM-0483_nifti/volumes/tumor_seg.nii.gz	223031
ucsf-pdgm/UCSF-PDGM-0484_nifti/preprocessing_metadata.json	2557
ucsf-pdgm/UCSF-PDGM-0484_nifti/volumes/ASL.nii.gz	4942459
ucsf-pdgm/UCSF-PDGM-0484_nifti/volumes/DWI.nii.gz	4964732
ucsf-pdgm/UCSF-PDGM-0484_nifti/volumes/FLAIR.nii.gz	4983611
ucsf-pdgm/UCSF-PDGM-0484_nifti/volumes/SWI.nii.gz	4969849
ucsf-pdgm/UCSF-PDGM-0484_nifti/volumes/T1.nii.gz	4966918
ucsf-pdgm/UCSF-PDGM-0484_nifti/volumes/T1c.nii.gz	4988758
ucsf-pdgm/UCSF-PDGM-0484_nifti/volumes/T2.nii.gz	4955512
ucsf-pdgm/UCSF-PDGM-0484_nifti/volumes/brain_mask.nii.gz	283957
ucsf-pdgm/UCSF-PDGM-0484_nifti/volumes/tumor_seg.nii.gz	173280
ucsf-pdgm/UCSF-PDGM-0485_nifti/preprocessing_metadata.json	2554
ucsf-pdgm/UCSF-PDGM-0485_nifti/volumes/ASL.nii.gz	4991300
ucsf-pdgm/UCSF-PDGM-0485_nifti/volumes/DWI.nii.gz	5305119
ucsf-pdgm/UCSF-PDGM-0485_nifti/volumes/FLAIR.nii.gz	5330711
ucsf-pdgm/UCSF-PDGM-0485_nifti/volumes/SWI.nii.gz	5320032
ucsf-pdgm/UCSF-PDGM-0485_nifti/volumes/T1.nii.gz	5290563
ucsf-pdgm/UCSF-PDGM-0485_nifti/volumes/T1c.nii.gz	5323278
ucsf-pdgm/UCSF-PDGM-0485_nifti/volumes/T2.nii.gz	5276696
ucsf-pdgm/UCSF-PDGM-0485_nifti/volumes/brain_mask.nii.gz	288500
ucsf-pdgm/UCSF-PDGM-0485_nifti/volumes/tumor_seg.nii.gz	169682
ucsf-pdgm/UCSF-PDGM-0486_nifti/preprocessing_metadata.json	2570
ucsf-pdgm/UCSF-PDGM-0486_nifti/volumes/ASL.nii.gz	5787301
ucsf-pdgm/UCSF-PDGM-0486_nifti/volumes/DWI.nii.gz	5823727
ucsf-pdgm/UCSF-PDGM-0486_nifti/volumes/FLAIR.nii.gz	5825228
ucsf-pdgm/UCSF-PDGM-0486_nifti/volumes/SWI.nii.gz	5777388
ucsf-pdgm/UCSF-PDGM-0486_nifti/volumes/T1.nii.gz	5768901
ucsf-pdgm/UCSF-PDGM-0486_nifti/volumes/T1c.nii.gz	5828841
ucsf-pdgm/UCSF-PDGM-0486_nifti/volumes/T2.nii.gz	5776509
ucsf-pdgm/UCSF-PDGM-0486_nifti/volumes/brain_mask.nii.gz	302216
ucsf-pdgm/UCSF-PDGM-0486_nifti/volumes/tumor_seg.nii.gz	166314
ucsf-pdgm/UCSF-PDGM-0487_nifti/preprocessing_metadata.json	2578
ucsf-pdgm/UCSF-PDGM-0487_nifti/volumes/ASL.nii.gz	6416265
ucsf-pdgm/UCSF-PDGM-0487_nifti/volumes/DWI.nii.gz	6460494
ucsf-pdgm/UCSF-PDGM-0487_nifti/volumes/FLAIR.nii.gz	6460037
ucsf-pdgm/UCSF-PDGM-0487_nifti/volumes/SWI.nii.gz	6364045
ucsf-pdgm/UCSF-PDGM-0487_nifti/volumes/T1.nii.gz	6445480
ucsf-pdgm/UCSF-PDGM-0487_nifti/volumes/T1c.nii.gz	6471478
ucsf-pdgm/UCSF-PDGM-0487_nifti/volumes/T2.nii.gz	6476255
ucsf-pdgm/UCSF-PDGM-0487_nifti/volumes/brain_mask.nii.gz	309373
ucsf-pdgm/UCSF-PDGM-0487_nifti/volumes/tumor_seg.nii.gz	238477
ucsf-pdgm/UCSF-PDGM-0488_nifti/preprocessing_metadata.json	2583
ucsf-pdgm/UCSF-PDGM-0488_nifti/volumes/ASL.nii.gz	6022166
ucsf-pdgm/UCSF-PDGM-0488_nifti/volumes/DWI.nii.gz	6049966
ucsf-pdgm/UCSF-PDGM-0488_nifti/volumes/FLAIR.nii.gz	6087855
ucsf-pdgm/UCSF-PDGM-0488_nifti/volumes/SWI.nii.gz	6000561
ucsf-pdgm/UCSF-PDGM-0488_nifti/volumes/T1.nii.gz	6061057
ucsf-pdgm/UCSF-PDGM-0488_nifti/volumes/T1c.nii.gz	6088566
ucsf-pdgm/UCSF-PDGM-0488_nifti/volumes/T2.nii.gz	6056674
ucsf-pdgm/UCSF-PDGM-0488_nifti/volumes/brain_mask.nii.gz	308132
ucsf-pdgm/UCSF-PDGM-0488_nifti/volumes/tumor_seg.nii.gz	227315
ucsf-pdgm/UCSF-PDGM-0489_nifti/preprocessing_metadata.json	2561
ucsf-pdgm/UCSF-PDGM-0489_nifti/volumes/ASL.nii.gz	7299767
ucsf-pdgm/UCSF-PDGM-0489_nifti/volumes/DWI.nii.gz	7331607
ucsf-pdgm/UCSF-PDGM-0489_nifti/volumes/FLAIR.nii.gz	7309994
ucsf-pdgm/UCSF-PDGM-0489_nifti/volumes/SWI.nii.gz	7313909
ucsf-pdgm/UCSF-PDGM-0489_nifti/volumes/T1.nii.gz	7302330
ucsf-pdgm/UCSF-PDGM-0489_nifti/volumes/T1c.nii.gz	7335700
ucsf-pdgm/UCSF-PDGM-0489_nifti/volumes/T2.nii.gz	7339916
ucsf-pdgm/UCSF-PDGM-0489_nifti/volumes/brain_mask.nii.gz	354767
ucsf-pdgm/UCSF-PDGM-0489_nifti/volumes/tumor_seg.nii.gz	225521
ucsf-pdgm/UCSF-PDGM-0490_nifti/preprocessing_metadata.json	2555
ucsf-pdgm/UCSF-PDGM-0490_nifti/volumes/ASL.nii.gz	6087313
ucsf-pdgm/UCSF-PDGM-0490_nifti/volumes/DWI.nii.gz	6083366
ucsf-pdgm/UCSF-PDGM-0490_nifti/volumes/FLAIR.nii.gz	6107501
ucsf-pdgm/UCSF-PDGM-0490_nifti/volumes/SWI.nii.gz	6093345
ucsf-pdgm/UCSF-PDGM-0490_nifti/volumes/T1.nii.gz	6103823
ucsf-pdgm/UCSF-PDGM-0490_nifti/volumes/T1c.nii.gz	6120669
ucsf-pdgm/UCSF-PDGM-0490_nifti/volumes/T2.nii.gz	6128328
ucsf-pdgm/UCSF-PDGM-0490_nifti/volumes/brain_mask.nii.gz	314825
ucsf-pdgm/UCSF-PDGM-0490_nifti/volumes/tumor_seg.nii.gz	180762
ucsf-pdgm/UCSF-PDGM-0491_nifti/preprocessing_metadata.json	2570
ucsf-pdgm/UCSF-PDGM-0491_nifti/volumes/ASL.nii.gz	5368140
ucsf-pdgm/UCSF-PDGM-0491_nifti/volumes/DWI.nii.gz	5376473
ucsf-pdgm/UCSF-PDGM-0491_nifti/volumes/FLAIR.nii.gz	5422427
ucsf-pdgm/UCSF-PDGM-0491_nifti/volumes/SWI.nii.gz	5338372
ucsf-pdgm/UCSF-PDGM-0491_nifti/volumes/T1.nii.gz	5374936
ucsf-pdgm/UCSF-PDGM-0491_nifti/volumes/T1c.nii.gz	5405134
ucsf-pdgm/UCSF-PDGM-0491_nifti/volumes/T2.nii.gz	5362367
ucsf-pdgm/UCSF-PDGM-0491_nifti/volumes/brain_mask.nii.gz	291446
ucsf-pdgm/UCSF-PDGM-0491_nifti/volumes/tumor_seg.nii.gz	160033
ucsf-pdgm/UCSF-PDGM-0492_nifti/preprocessing_metadata.json	2578
ucsf-pdgm/UCSF-PDGM-0492_nifti/volumes/ASL.nii.gz	5862735
ucsf-pdgm/UCSF-PDGM-0492_nifti/volumes/DWI.nii.gz	5966883
ucsf-pdgm/UCSF-PDGM-0492_nifti/volumes/FLAIR.nii.gz	5979147
ucsf-pdgm/UCSF-PDGM-0492_nifti/volumes/SWI.nii.gz	5892861
ucsf-pdgm/UCSF-PDGM-0492_nifti/volumes/T1.nii.gz	5965622
ucsf-pdgm/UCSF-PDGM-0492_nifti/volumes/T1c.nii.gz	5990535
ucsf-pdgm/UCSF-PDGM-0492_nifti/volumes/T2.nii.gz	5939069
ucsf-pdgm/UCSF-PDGM-0492_nifti/volumes/brain_mask.nii.gz	306129
ucsf-pdgm/UCSF-PDGM-0492_nifti/volumes/tumor_seg.nii.gz	255679
ucsf-pdgm/UCSF-PDGM-0493_nifti/preprocessing_metadata.json	2579
ucsf-pdgm/UCSF-PDGM-0493_nifti/volumes/ASL.nii.gz	6008400
ucsf-pdgm/UCSF-PDGM-0493_nifti/volumes/DWI.nii.gz	6312027
ucsf-pdgm/UCSF-PDGM-0493_nifti/volumes/FLAIR.nii.gz	6349079
ucsf-pdgm/UCSF-PDGM-0493_nifti/volumes/SWI.nii.gz	6265818
ucsf-pdgm/UCSF-PDGM-0493_nifti/volumes/T1.nii.gz	6332177
ucsf-pdgm/UCSF-PDGM-0493_nifti/volumes/T1c.nii.gz	6357947
ucsf-pdgm/UCSF-PDGM-0493_nifti/volumes/T2.nii.gz	6292143
ucsf-pdgm/UCSF-PDGM-0493_nifti/volumes/brain_mask.nii.gz	320419
ucsf-pdgm/UCSF-PDGM-0493_nifti/volumes/tumor_seg.nii.gz	239323
ucsf-pdgm/UCSF-PDGM-0494_nifti/preprocessing_metadata.json	2586
ucsf-pdgm/UCSF-PDGM-0494_nifti/volumes/ASL.nii.gz	5182523
ucsf-pdgm/UCSF-PDGM-0494_nifti/volumes/DWI.nii.gz	5209204
ucsf-pdgm/UCSF-PDGM-0494_nifti/volumes/FLAIR.nii.gz	5228189
ucsf-pdgm/UCSF-PDGM-0494_nifti/volumes/SWI.nii.gz	5226426
ucsf-pdgm/UCSF-PDGM-0494_nifti/volumes/T1.nii.gz	5210340
ucsf-pdgm/UCSF-PDGM-0494_nifti/volumes/T1c.nii.gz	5237274
ucsf-pdgm/UCSF-PDGM-0494_nifti/volumes/T2.nii.gz	5201754
ucsf-pdgm/UCSF-PDGM-0494_nifti/volumes/brain_mask.nii.gz	290425
ucsf-pdgm/UCSF-PDGM-0494_nifti/volumes/tumor_seg.nii.gz	194821
ucsf-pdgm/UCSF-PDGM-0495_nifti/preprocessing_metadata.json	2558
ucsf-pdgm/UCSF-PDGM-0495_nifti/volumes/ASL.nii.gz	6309518
ucsf-pdgm/UCSF-PDGM-0495_nifti/volumes/DWI.nii.gz	6328128
ucsf-pdgm/UCSF-PDGM-0495_nifti/volumes/FLAIR.nii.gz	6378014
ucsf-pdgm/UCSF-PDGM-0495_nifti/volumes/SWI.nii.gz	6312810
ucsf-pdgm/UCSF-PDGM-0495_nifti/volumes/T1.nii.gz	6309117
ucsf-pdgm/UCSF-PDGM-0495_nifti/volumes/T1c.nii.gz	6353241
ucsf-pdgm/UCSF-PDGM-0495_nifti/volumes/T2.nii.gz	6293094
ucsf-pdgm/UCSF-PDGM-0495_nifti/volumes/brain_mask.nii.gz	317725
ucsf-pdgm/UCSF-PDGM-0495_nifti/volumes/tumor_seg.nii.gz	175686
ucsf-pdgm/UCSF-PDGM-0496_nifti/preprocessing_metadata.json	2564
ucsf-pdgm/UCSF-PDGM-0496_nifti/volumes/ASL.nii.gz	5149623
ucsf-pdgm/UCSF-PDGM-0496_nifti/volumes/DWI.nii.gz	5177344
ucsf-pdgm/UCSF-PDGM-0496_nifti/volumes/FLAIR.nii.gz	5208590
ucsf-pdgm/UCSF-PDGM-0496_nifti/volumes/SWI.nii.gz	5136194
ucsf-pdgm/UCSF-PDGM-0496_nifti/volumes/T1.nii.gz	5182967
ucsf-pdgm/UCSF-PDGM-0496_nifti/volumes/T1c.nii.gz	5215888
ucsf-pdgm/UCSF-PDGM-0496_nifti/volumes/T2.nii.gz	5181359
ucsf-pdgm/UCSF-PDGM-0496_nifti/volumes/brain_mask.nii.gz	306627
ucsf-pdgm/UCSF-PDGM-0496_nifti/volumes/tumor_seg.nii.gz	217888
ucsf-pdgm/UCSF-PDGM-0497_nifti/preprocessing_metadata.json	2576
ucsf-pdgm/UCSF-PDGM-0497_nifti/volumes/ASL.nii.gz	6198056
ucsf-pdgm/UCSF-PDGM-0497_nifti/volumes/DWI.nii.gz	6249175
ucsf-pdgm/UCSF-PDGM-0497_nifti/volumes/FLAIR.nii.gz	6259547
ucsf-pdgm/UCSF-PDGM-0497_nifti/volumes/SWI.nii.gz	6239612
ucsf-pdgm/UCSF-PDGM-0497_nifti/volumes/T1.nii.gz	6236782
ucsf-pdgm/UCSF-PDGM-0497_nifti/volumes/T1c.nii.gz	6272103
ucsf-pdgm/UCSF-PDGM-0497_nifti/volumes/T2.nii.gz	6224168
ucsf-pdgm/UCSF-PDGM-0497_nifti/volumes/brain_mask.nii.gz	316434
ucsf-pdgm/UCSF-PDGM-0497_nifti/volumes/tumor_seg.nii.gz	208348
ucsf-pdgm/UCSF-PDGM-0498_nifti/preprocessing_metadata.json	2577
ucsf-pdgm/UCSF-PDGM-0498_nifti/volumes/ASL.nii.gz	5125890
ucsf-pdgm/UCSF-PDGM-0498_nifti/volumes/DWI.nii.gz	5159646
ucsf-pdgm/UCSF-PDGM-0498_nifti/volumes/FLAIR.nii.gz	5163841
ucsf-pdgm/UCSF-PDGM-0498_nifti/volumes/SWI.nii.gz	5090675
ucsf-pdgm/UCSF-PDGM-0498_nifti/volumes/T1.nii.gz	5145891
ucsf-pdgm/UCSF-PDGM-0498_nifti/volumes/T1c.nii.gz	5177405
ucsf-pdgm/UCSF-PDGM-0498_nifti/volumes/T2.nii.gz	5164479
ucsf-pdgm/UCSF-PDGM-0498_nifti/volumes/brain_mask.nii.gz	278031
ucsf-pdgm/UCSF-PDGM-0498_nifti/volumes/tumor_seg.nii.gz	208788
ucsf-pdgm/UCSF-PDGM-0499_nifti/preprocessing_metadata.json	2571
ucsf-pdgm/UCSF-PDGM-0499_nifti/volumes/ASL.nii.gz	6433708
ucsf-pdgm/UCSF-PDGM-0499_nifti/volumes/DWI.nii.gz	6477512
ucsf-pdgm/UCSF-PDGM-0499_nifti/volumes/FLAIR.nii.gz	6479002
ucsf-pdgm/UCSF-PDGM-0499_nifti/volumes/SWI.nii.gz	6485401
ucsf-pdgm/UCSF-PDGM-0499_nifti/volumes/T1.nii.gz	6469411
ucsf-pdgm/UCSF-PDGM-0499_nifti/volumes/T1c.nii.gz	6498413
ucsf-pdgm/UCSF-PDGM-0499_nifti/volumes/T2.nii.gz	6461229
ucsf-pdgm/UCSF-PDGM-0499_nifti/volumes/brain_mask.nii.gz	322047
ucsf-pdgm/UCSF-PDGM-0499_nifti/volumes/tumor_seg.nii.gz	205955
ucsf-pdgm/UCSF-PDGM-0500_nifti/preprocessing_metadata.json	2561
ucsf-pdgm/UCSF-PDGM-0500_nifti/volumes/ASL.nii.gz	5829435
ucsf-pdgm/UCSF-PDGM-0500_nifti/volumes/DWI.nii.gz	5900376
ucsf-pdgm/UCSF-PDGM-0500_nifti/volumes/FLAIR.nii.gz	5918132
ucsf-pdgm/UCSF-PDGM-0500_nifti/volumes/SWI.nii.gz	5911919
ucsf-pdgm/UCSF-PDGM-0500_nifti/volumes/T1.nii.gz	5865796
ucsf-pdgm/UCSF-PDGM-0500_nifti/volumes/T1c.nii.gz	5897083
ucsf-pdgm/UCSF-PDGM-0500_nifti/volumes/T2.nii.gz	5866069
ucsf-pdgm/UCSF-PDGM-0500_nifti/volumes/brain_mask.nii.gz	315677
ucsf-pdgm/UCSF-PDGM-0500_nifti/volumes/tumor_seg.nii.gz	169991
ucsf-pdgm/UCSF-PDGM-0501_nifti/preprocessing_metadata.json	2557
ucsf-pdgm/UCSF-PDGM-0501_nifti/volumes/ASL.nii.gz	6746544
ucsf-pdgm/UCSF-PDGM-0501_nifti/volumes/DWI.nii.gz	6327544
ucsf-pdgm/UCSF-PDGM-0501_nifti/volumes/FLAIR.nii.gz	6757875
ucsf-pdgm/UCSF-PDGM-0501_nifti/volumes/SWI.nii.gz	6738323
ucsf-pdgm/UCSF-PDGM-0501_nifti/volumes/T1.nii.gz	6758884
ucsf-pdgm/UCSF-PDGM-0501_nifti/volumes/T1c.nii.gz	6786625
ucsf-pdgm/UCSF-PDGM-0501_nifti/volumes/T2.nii.gz	6770784
ucsf-pdgm/UCSF-PDGM-0501_nifti/volumes/brain_mask.nii.gz	320207
ucsf-pdgm/UCSF-PDGM-0501_nifti/volumes/tumor_seg.nii.gz	222351
ucsf-pdgm/UCSF-PDGM-0502_nifti/preprocessing_metadata.json	2564
ucsf-pdgm/UCSF-PDGM-0502_nifti/volumes/ASL.nii.gz	5700326
ucsf-pdgm/UCSF-PDGM-0502_nifti/volumes/DWI.nii.gz	5700450
ucsf-pdgm/UCSF-PDGM-0502_nifti/volumes/FLAIR.nii.gz	5753259
ucsf-pdgm/UCSF-PDGM-0502_nifti/volumes/SWI.nii.gz	5676695
ucsf-pdgm/UCSF-PDGM-0502_nifti/volumes/T1.nii.gz	5723597
ucsf-pdgm/UCSF-PDGM-0502_nifti/volumes/T1c.nii.gz	5752995
ucsf-pdgm/UCSF-PDGM-0502_nifti/volumes/T2.nii.gz	5685788
ucsf-pdgm/UCSF-PDGM-0502_nifti/volumes/brain_mask.nii.gz	293929
ucsf-pdgm/UCSF-PDGM-0502_nifti/volumes/tumor_seg.nii.gz	181488
ucsf-pdgm/UCSF-PDGM-0503_nifti/preprocessing_metadata.json	2576
ucsf-pdgm/UCSF-PDGM-0503_nifti/volumes/ASL.nii.gz	5754449
ucsf-pdgm/UCSF-PDGM-0503_nifti/volumes/DWI.nii.gz	5740800
ucsf-pdgm/UCSF-PDGM-0503_nifti/volumes/FLAIR.nii.gz	5786765
ucsf-pdgm/UCSF-PDGM-0503_nifti/volumes/SWI.nii.gz	5727631
ucsf-pdgm/UCSF-PDGM-0503_nifti/volumes/T1.nii.gz	5771032
ucsf-pdgm/UCSF-PDGM-0503_nifti/volumes/T1c.nii.gz	5795330
ucsf-pdgm/UCSF-PDGM-0503_nifti/volumes/T2.nii.gz	5724605
ucsf-pdgm/UCSF-PDGM-0503_nifti/volumes/brain_mask.nii.gz	298737
ucsf-pdgm/UCSF-PDGM-0503_nifti/volumes/tumor_seg.nii.gz	207897
ucsf-pdgm/UCSF-PDGM-0504_nifti/preprocessing_metadata.json	2581
ucsf-pdgm/UCSF-PDGM-0504_nifti/volumes/ASL.nii.gz	5001417
ucsf-pdgm/UCSF-PDGM-0504_nifti/volumes/DWI.nii.gz	5376978
ucsf-pdgm/UCSF-PDGM-0504_nifti/volumes/FLAIR.nii.gz	5408279
ucsf-pdgm/UCSF-PDGM-0504_nifti/volumes/SWI.nii.gz	5409291
ucsf-pdgm/UCSF-PDGM-0504_nifti/volumes/T1.nii.gz	5379920
ucsf-pdgm/UCSF-PDGM-0504_nifti/volumes/T1c.nii.gz	5407678
ucsf-pdgm/UCSF-PDGM-0504_nifti/volumes/T2.nii.gz	5384917
ucsf-pdgm/UCSF-PDGM-0504_nifti/volumes/brain_mask.nii.gz	301799
ucsf-pdgm/UCSF-PDGM-0504_nifti/volumes/tumor_seg.nii.gz	196526
ucsf-pdgm/UCSF-PDGM-0505_nifti/preprocessing_metadata.json	2584
ucsf-pdgm/UCSF-PDGM-0505_nifti/volumes/ASL.nii.gz	6681122
ucsf-pdgm/UCSF-PDGM-0505_nifti/volumes/DWI.nii.gz	6745681
ucsf-pdgm/UCSF-PDGM-0505_nifti/volumes/FLAIR.nii.gz	6732209
ucsf-pdgm/UCSF-PDGM-0505_nifti/volumes/SWI.nii.gz	6756995
ucsf-pdgm/UCSF-PDGM-0505_nifti/volumes/T1.nii.gz	6698036
ucsf-pdgm/UCSF-PDGM-0505_nifti/volumes/T1c.nii.gz	6715679
ucsf-pdgm/UCSF-PDGM-0505_nifti/volumes/T2.nii.gz	6710929
ucsf-pdgm/UCSF-PDGM-0505_nifti/volumes/brain_mask.nii.gz	330960
ucsf-pdgm/UCSF-PDGM-0505_nifti/volumes/tumor_seg.nii.gz	182665
ucsf-pdgm/UCSF-PDGM-0506_nifti/preprocessing_metadata.json	2579
ucsf-pdgm/UCSF-PDGM-0506_nifti/volumes/ASL.nii.gz	6036263
ucsf-pdgm/UCSF-PDGM-0506_nifti/volumes/DWI.nii.gz	6054818
ucsf-pdgm/UCSF-PDGM-0506_nifti/volumes/FLAIR.nii.gz	6092676
ucsf-pdgm/UCSF-PDGM-0506_nifti/volumes/SWI.nii.gz	6105339
ucsf-pdgm/UCSF-PDGM-0506_nifti/volumes/T1.nii.gz	6054182
ucsf-pdgm/UCSF-PDGM-0506_nifti/volumes/T1c.nii.gz	6090366
ucsf-pdgm/UCSF-PDGM-0506_nifti/volumes/T2.nii.gz	6022414
ucsf-pdgm/UCSF-PDGM-0506_nifti/volumes/brain_mask.nii.gz	318192
ucsf-pdgm/UCSF-PDGM-0506_nifti/volumes/tumor_seg.nii.gz	203481
ucsf-pdgm/UCSF-PDGM-0507_nifti/preprocessing_metadata.json	2569
ucsf-pdgm/UCSF-PDGM-0507_nifti/volumes/ASL.nii.gz	5821975
ucsf-pdgm/UCSF-PDGM-0507_nifti/volumes/DWI.nii.gz	5866195
ucsf-pdgm/UCSF-PDGM-0507_nifti/volumes/FLAIR.nii.gz	5859843
ucsf-pdgm/UCSF-PDGM-0507_nifti/volumes/SWI.nii.gz	5786225
ucsf-pdgm/UCSF-PDGM-0507_nifti/volumes/T1.nii.gz	5826101
ucsf-pdgm/UCSF-PDGM-0507_nifti/volumes/T1c.nii.gz	5849971
ucsf-pdgm/UCSF-PDGM-0507_nifti/volumes/T2.nii.gz	5841461
ucsf-pdgm/UCSF-PDGM-0507_nifti/volumes/brain_mask.nii.gz	301438
ucsf-pdgm/UCSF-PDGM-0507_nifti/volumes/tumor_seg.nii.gz	172827
ucsf-pdgm/UCSF-PDGM-0508_nifti/preprocessing_metadata.json	2583
ucsf-pdgm/UCSF-PDGM-0508_nifti/volumes/ASL.nii.gz	5797262
ucsf-pdgm/UCSF-PDGM-0508_nifti/volumes/DWI.nii.gz	5807622
ucsf-pdgm/UCSF-PDGM-0508_nifti/volumes/FLAIR.nii.gz	5835308
ucsf-pdgm/UCSF-PDGM-0508_nifti/volumes/SWI.nii.gz	5757539
ucsf-pdgm/UCSF-PDGM-0508_nifti/volumes/T1.nii.gz	5816285
ucsf-pdgm/UCSF-PDGM-0508_nifti/volumes/T1c.nii.gz	5855304
ucsf-pdgm/UCSF-PDGM-0508_nifti/volumes/T2.nii.gz	5816678
ucsf-pdgm/UCSF-PDGM-0508_nifti/volumes/brain_mask.nii.gz	304088
ucsf-pdgm/UCSF-PDGM-0508_nifti/volumes/tumor_seg.nii.gz	223485
ucsf-pdgm/UCSF-PDGM-0509_nifti/preprocessing_metadata.json	2578
ucsf-pdgm/UCSF-PDGM-0509_nifti/volumes/ASL.nii.gz	5412080
ucsf-pdgm/UCSF-PDGM-0509_nifti/volumes/DWI.nii.gz	5408993
ucsf-pdgm/UCSF-PDGM-0509_nifti/volumes/FLAIR.nii.gz	5450685
ucsf-pdgm/UCSF-PDGM-0509_nifti/volumes/SWI.nii.gz	5413716
ucsf-pdgm/UCSF-PDGM-0509_nifti/volumes/T1.nii.gz	5411893
ucsf-pdgm/UCSF-PDGM-0509_nifti/volumes/T1c.nii.gz	5449704
ucsf-pdgm/UCSF-PDGM-0509_nifti/volumes/T2.nii.gz	5417585
ucsf-pdgm/UCSF-PDGM-0509_nifti/volumes/brain_mask.nii.gz	292986
ucsf-pdgm/UCSF-PDGM-0509_nifti/volumes/tumor_seg.nii.gz	174474
ucsf-pdgm/UCSF-PDGM-0510_nifti/preprocessing_metadata.json	2574
ucsf-pdgm/UCSF-PDGM-0510_nifti/volumes/ASL.nii.gz	6691861
ucsf-pdgm/UCSF-PDGM-0510_nifti/volumes/DWI.nii.gz	6759048
ucsf-pdgm/UCSF-PDGM-0510_nifti/volumes/FLAIR.nii.gz	6788379
ucsf-pdgm/UCSF-PDGM-0510_nifti/volumes/SWI.nii.gz	6655439
ucsf-pdgm/UCSF-PDGM-0510_nifti/volumes/T1.nii.gz	6746960
ucsf-pdgm/UCSF-PDGM-0510_nifti/volumes/T1c.nii.gz	6786895
ucsf-pdgm/UCSF-PDGM-0510_nifti/volumes/T2.nii.gz	6749563
ucsf-pdgm/UCSF-PDGM-0510_nifti/volumes/brain_mask.nii.gz	333595
ucsf-pdgm/UCSF-PDGM-0510_nifti/volumes/tumor_seg.nii.gz	237271
ucsf-pdgm/UCSF-PDGM-0511_nifti/preprocessing_metadata.json	2562
ucsf-pdgm/UCSF-PDGM-0511_nifti/volumes/ASL.nii.gz	6154419
ucsf-pdgm/UCSF-PDGM-0511_nifti/volumes/DWI.nii.gz	6265010
ucsf-pdgm/UCSF-PDGM-0511_nifti/volumes/FLAIR.nii.gz	6279853
ucsf-pdgm/UCSF-PDGM-0511_nifti/volumes/SWI.nii.gz	6189702
ucsf-pdgm/UCSF-PDGM-0511_nifti/volumes/T1.nii.gz	6251248
ucsf-pdgm/UCSF-PDGM-0511_nifti/volumes/T1c.nii.gz	6289402
ucsf-pdgm/UCSF-PDGM-0511_nifti/volumes/T2.nii.gz	6244369
ucsf-pdgm/UCSF-PDGM-0511_nifti/volumes/brain_mask.nii.gz	316830
ucsf-pdgm/UCSF-PDGM-0511_nifti/volumes/tumor_seg.nii.gz	231171
ucsf-pdgm/UCSF-PDGM-0512_nifti/preprocessing_metadata.json	2570
ucsf-pdgm/UCSF-PDGM-0512_nifti/volumes/ASL.nii.gz	5592857
ucsf-pdgm/UCSF-PDGM-0512_nifti/volumes/DWI.nii.gz	5835198
ucsf-pdgm/UCSF-PDGM-0512_nifti/volumes/FLAIR.nii.gz	5883529
ucsf-pdgm/UCSF-PDGM-0512_nifti/volumes/SWI.nii.gz	5829479
ucsf-pdgm/UCSF-PDGM-0512_nifti/volumes/T1.nii.gz	5837933
ucsf-pdgm/UCSF-PDGM-0512_nifti/volumes/T1c.nii.gz	5884429
ucsf-pdgm/UCSF-PDGM-0512_nifti/volumes/T2.nii.gz	5820166
ucsf-pdgm/UCSF-PDGM-0512_nifti/volumes/brain_mask.nii.gz	296101
ucsf-pdgm/UCSF-PDGM-0512_nifti/volumes/tumor_seg.nii.gz	222899
ucsf-pdgm/UCSF-PDGM-0513_nifti/preprocessing_metadata.json	2566
ucsf-pdgm/UCSF-PDGM-0513_nifti/volumes/ASL.nii.gz	5668641
ucsf-pdgm/UCSF-PDGM-0513_nifti/volumes/DWI.nii.gz	5721501
ucsf-pdgm/UCSF-PDGM-0513_nifti/volumes/FLAIR.nii.gz	5721972
ucsf-pdgm/UCSF-PDGM-0513_nifti/volumes/SWI.nii.gz	5666720
ucsf-pdgm/UCSF-PDGM-0513_nifti/volumes/T1.nii.gz	5706341
ucsf-pdgm/UCSF-PDGM-0513_nifti/volumes/T1c.nii.gz	5733445
ucsf-pdgm/UCSF-PDGM-0513_nifti/volumes/T2.nii.gz	5709568
ucsf-pdgm/UCSF-PDGM-0513_nifti/volumes/brain_mask.nii.gz	302366
ucsf-pdgm/UCSF-PDGM-0513_nifti/volumes/tumor_seg.nii.gz	243011
ucsf-pdgm/UCSF-PDGM-0514_nifti/preprocessing_metadata.json	2572
ucsf-pdgm/UCSF-PDGM-0514_nifti/volumes/ASL.nii.gz	6017312
ucsf-pdgm/UCSF-PDGM-0514_nifti/volumes/DWI.nii.gz	6258023
ucsf-pdgm/UCSF-PDGM-0514_nifti/volumes/FLAIR.nii.gz	6286118
ucsf-pdgm/UCSF-PDGM-0514_nifti/volumes/SWI.nii.gz	6201827
ucsf-pdgm/UCSF-PDGM-0514_nifti/volumes/T1.nii.gz	6245438
ucsf-pdgm/UCSF-PDGM-0514_nifti/volumes/T1c.nii.gz	6280357
ucsf-pdgm/UCSF-PDGM-0514_nifti/volumes/T2.nii.gz	6248317
ucsf-pdgm/UCSF-PDGM-0514_nifti/volumes/brain_mask.nii.gz	307285
ucsf-pdgm/UCSF-PDGM-0514_nifti/volumes/tumor_seg.nii.gz	233265
ucsf-pdgm/UCSF-PDGM-0515_nifti/preprocessing_metadata.json	2578
ucsf-pdgm/UCSF-PDGM-0515_nifti/volumes/ASL.nii.gz	5393942
ucsf-pdgm/UCSF-PDGM-0515_nifti/volumes/DWI.nii.gz	5403797
ucsf-pdgm/UCSF-PDGM-0515_nifti/volumes/FLAIR.nii.gz	5431022
ucsf-pdgm/UCSF-PDGM-0515_nifti/volumes/SWI.nii.gz	5423215
ucsf-pdgm/UCSF-PDGM-0515_nifti/volumes/T1.nii.gz	5405075
ucsf-pdgm/UCSF-PDGM-0515_nifti/volumes/T1c.nii.gz	5438066
ucsf-pdgm/UCSF-PDGM-0515_nifti/volumes/T2.nii.gz	5384849
ucsf-pdgm/UCSF-PDGM-0515_nifti/volumes/brain_mask.nii.gz	295515
ucsf-pdgm/UCSF-PDGM-0515_nifti/volumes/tumor_seg.nii.gz	219826
ucsf-pdgm/UCSF-PDGM-0516_nifti/preprocessing_metadata.json	2570
ucsf-pdgm/UCSF-PDGM-0516_nifti/volumes/ASL.nii.gz	5280417
ucsf-pdgm/UCSF-PDGM-0516_nifti/volumes/DWI.nii.gz	5323665
ucsf-pdgm/UCSF-PDGM-0516_nifti/volumes/FLAIR.nii.gz	5334155
ucsf-pdgm/UCSF-PDGM-0516_nifti/volumes/SWI.nii.gz	5241867
ucsf-pdgm/UCSF-PDGM-0516_nifti/volumes/T1.nii.gz	5314576
ucsf-pdgm/UCSF-PDGM-0516_nifti/volumes/T1c.nii.gz	5331423
ucsf-pdgm/UCSF-PDGM-0516_nifti/volumes/T2.nii.gz	5311853
ucsf-pdgm/UCSF-PDGM-0516_nifti/volumes/brain_mask.nii.gz	301110
ucsf-pdgm/UCSF-PDGM-0516_nifti/volumes/tumor_seg.nii.gz	186855
ucsf-pdgm/UCSF-PDGM-0517_nifti/preprocessing_metadata.json	2578
ucsf-pdgm/UCSF-PDGM-0517_nifti/volumes/ASL.nii.gz	5392768
ucsf-pdgm/UCSF-PDGM-0517_nifti/volumes/DWI.nii.gz	5366195
ucsf-pdgm/UCSF-PDGM-0517_nifti/volumes/FLAIR.nii.gz	5401342
ucsf-pdgm/UCSF-PDGM-0517_nifti/volumes/SWI.nii.gz	5418055
ucsf-pdgm/UCSF-PDGM-0517_nifti/volumes/T1.nii.gz	5392163
ucsf-pdgm/UCSF-PDGM-0517_nifti/volumes/T1c.nii.gz	5409825
ucsf-pdgm/UCSF-PDGM-0517_nifti/volumes/T2.nii.gz	5393950
ucsf-pdgm/UCSF-PDGM-0517_nifti/volumes/brain_mask.nii.gz	293677
ucsf-pdgm/UCSF-PDGM-0517_nifti/volumes/tumor_seg.nii.gz	195916
ucsf-pdgm/UCSF-PDGM-0518_nifti/preprocessing_metadata.json	2574
ucsf-pdgm/UCSF-PDGM-0518_nifti/volumes/ASL.nii.gz	5971483
ucsf-pdgm/UCSF-PDGM-0518_nifti/volumes/DWI.nii.gz	6297908
ucsf-pdgm/UCSF-PDGM-0518_nifti/volumes/FLAIR.nii.gz	6293431
ucsf-pdgm/UCSF-PDGM-0518_nifti/volumes/SWI.nii.gz	6229209
ucsf-pdgm/UCSF-PDGM-0518_nifti/volumes/T1.nii.gz	6262870
ucsf-pdgm/UCSF-PDGM-0518_nifti/volumes/T1c.nii.gz	6303359
ucsf-pdgm/UCSF-PDGM-0518_nifti/volumes/T2.nii.gz	6306204
ucsf-pdgm/UCSF-PDGM-0518_nifti/volumes/brain_mask.nii.gz	305485
ucsf-pdgm/UCSF-PDGM-0518_nifti/volumes/tumor_seg.nii.gz	260430
ucsf-pdgm/UCSF-PDGM-0519_nifti/preprocessing_metadata.json	2560
ucsf-pdgm/UCSF-PDGM-0519_nifti/volumes/ASL.nii.gz	5526008
ucsf-pdgm/UCSF-PDGM-0519_nifti/volumes/DWI.nii.gz	5535375
ucsf-pdgm/UCSF-PDGM-0519_nifti/volumes/FLAIR.nii.gz	5547786
ucsf-pdgm/UCSF-PDGM-0519_nifti/volumes/SWI.nii.gz	5529929
ucsf-pdgm/UCSF-PDGM-0519_nifti/volumes/T1.nii.gz	5527593
ucsf-pdgm/UCSF-PDGM-0519_nifti/volumes/T1c.nii.gz	5554162
ucsf-pdgm/UCSF-PDGM-0519_nifti/volumes/T2.nii.gz	5523549
ucsf-pdgm/UCSF-PDGM-0519_nifti/volumes/brain_mask.nii.gz	305724
ucsf-pdgm/UCSF-PDGM-0519_nifti/volumes/tumor_seg.nii.gz	175606
ucsf-pdgm/UCSF-PDGM-0520_nifti/preprocessing_metadata.json	2569
ucsf-pdgm/UCSF-PDGM-0520_nifti/volumes/ASL.nii.gz	6768010
ucsf-pdgm/UCSF-PDGM-0520_nifti/volumes/DWI.nii.gz	6832249
ucsf-pdgm/UCSF-PDGM-0520_nifti/volumes/FLAIR.nii.gz	6874034
ucsf-pdgm/UCSF-PDGM-0520_nifti/volumes/SWI.nii.gz	6775217
ucsf-pdgm/UCSF-PDGM-0520_nifti/volumes/T1.nii.gz	6843789
ucsf-pdgm/UCSF-PDGM-0520_nifti/volumes/T1c.nii.gz	6884464
ucsf-pdgm/UCSF-PDGM-0520_nifti/volumes/T2.nii.gz	6815352
ucsf-pdgm/UCSF-PDGM-0520_nifti/volumes/brain_mask.nii.gz	333889
ucsf-pdgm/UCSF-PDGM-0520_nifti/volumes/tumor_seg.nii.gz	242644
ucsf-pdgm/UCSF-PDGM-0521_nifti/preprocessing_metadata.json	2581
ucsf-pdgm/UCSF-PDGM-0521_nifti/volumes/ASL.nii.gz	5607081
ucsf-pdgm/UCSF-PDGM-0521_nifti/volumes/DWI.nii.gz	6054594
ucsf-pdgm/UCSF-PDGM-0521_nifti/volumes/FLAIR.nii.gz	6020269
ucsf-pdgm/UCSF-PDGM-0521_nifti/volumes/SWI.nii.gz	6038670
ucsf-pdgm/UCSF-PDGM-0521_nifti/volumes/T1.nii.gz	6009456
ucsf-pdgm/UCSF-PDGM-0521_nifti/volumes/T1c.nii.gz	6030730
ucsf-pdgm/UCSF-PDGM-0521_nifti/volumes/T2.nii.gz	6008751
ucsf-pdgm/UCSF-PDGM-0521_nifti/volumes/brain_mask.nii.gz	307372
ucsf-pdgm/UCSF-PDGM-0521_nifti/volumes/tumor_seg.nii.gz	169616
ucsf-pdgm/UCSF-PDGM-0522_nifti/preprocessing_metadata.json	2582
ucsf-pdgm/UCSF-PDGM-0522_nifti/volumes/ASL.nii.gz	6084395
ucsf-pdgm/UCSF-PDGM-0522_nifti/volumes/DWI.nii.gz	6227572
ucsf-pdgm/UCSF-PDGM-0522_nifti/volumes/FLAIR.nii.gz	6262107
ucsf-pdgm/UCSF-PDGM-0522_nifti/volumes/SWI.nii.gz	6181920
ucsf-pdgm/UCSF-PDGM-0522_nifti/volumes/T1.nii.gz	6215317
ucsf-pdgm/UCSF-PDGM-0522_nifti/volumes/T1c.nii.gz	6256795
ucsf-pdgm/UCSF-PDGM-0522_nifti/volumes/T2.nii.gz	6222012
ucsf-pdgm/UCSF-PDGM-0522_nifti/volumes/brain_mask.nii.gz	310081
ucsf-pdgm/UCSF-PDGM-0522_nifti/volumes/tumor_seg.nii.gz	221125
ucsf-pdgm/UCSF-PDGM-0523_nifti/preprocessing_metadata.json	2579
ucsf-pdgm/UCSF-PDGM-0523_nifti/volumes/ASL.nii.gz	5815858
ucsf-pdgm/UCSF-PDGM-0523_nifti/volumes/DWI.nii.gz	5824016
ucsf-pdgm/UCSF-PDGM-0523_nifti/volumes/FLAIR.nii.gz	5840698
ucsf-pdgm/UCSF-PDGM-0523_nifti/volumes/SWI.nii.gz	5729863
ucsf-pdgm/UCSF-PDGM-0523_nifti/volumes/T1.nii.gz	5822159
ucsf-pdgm/UCSF-PDGM-0523_nifti/volumes/T1c.nii.gz	5846007
ucsf-pdgm/UCSF-PDGM-0523_nifti/volumes/T2.nii.gz	5846589
ucsf-pdgm/UCSF-PDGM-0523_nifti/volumes/brain_mask.nii.gz	302981
ucsf-pdgm/UCSF-PDGM-0523_nifti/volumes/tumor_seg.nii.gz	224581
ucsf-pdgm/UCSF-PDGM-0524_nifti/preprocessing_metadata.json	2574
ucsf-pdgm/UCSF-PDGM-0524_nifti/volumes/ASL.nii.gz	5541239
ucsf-pdgm/UCSF-PDGM-0524_nifti/volumes/DWI.nii.gz	5576708
ucsf-pdgm/UCSF-PDGM-0524_nifti/volumes/FLAIR.nii.gz	5571285
ucsf-pdgm/UCSF-PDGM-0524_nifti/volumes/SWI.nii.gz	5586581
ucsf-pdgm/UCSF-PDGM-0524_nifti/volumes/T1.nii.gz	5556061
ucsf-pdgm/UCSF-PDGM-0524_nifti/volumes/T1c.nii.gz	5576061
ucsf-pdgm/UCSF-PDGM-0524_nifti/volumes/T2.nii.gz	5569510
ucsf-pdgm/UCSF-PDGM-0524_nifti/volumes/brain_mask.nii.gz	289573
ucsf-pdgm/UCSF-PDGM-0524_nifti/volumes/tumor_seg.nii.gz	180097
ucsf-pdgm/UCSF-PDGM-0525_nifti/preprocessing_metadata.json	2556
ucsf-pdgm/UCSF-PDGM-0525_nifti/volumes/ASL.nii.gz	5946193
ucsf-pdgm/UCSF-PDGM-0525_nifti/volumes/DWI.nii.gz	5974229
ucsf-pdgm/UCSF-PDGM-0525_nifti/volumes/FLAIR.nii.gz	5990424
ucsf-pdgm/UCSF-PDGM-0525_nifti/volumes/SWI.nii.gz	5929968
ucsf-pdgm/UCSF-PDGM-0525_nifti/volumes/T1.nii.gz	5962832
ucsf-pdgm/UCSF-PDGM-0525_nifti/volumes/T1c.nii.gz	5999507
ucsf-pdgm/UCSF-PDGM-0525_nifti/volumes/T2.nii.gz	5944408
ucsf-pdgm/UCSF-PDGM-0525_nifti/volumes/brain_mask.nii.gz	303774
ucsf-pdgm/UCSF-PDGM-0525_nifti/volumes/tumor_seg.nii.gz	197991
ucsf-pdgm/UCSF-PDGM-0526_nifti/preprocessing_metadata.json	2581
ucsf-pdgm/UCSF-PDGM-0526_nifti/volumes/ASL.nii.gz	6086497
ucsf-pdgm/UCSF-PDGM-0526_nifti/volumes/DWI.nii.gz	6087546
ucsf-pdgm/UCSF-PDGM-0526_nifti/volumes/FLAIR.nii.gz	6134908
ucsf-pdgm/UCSF-PDGM-0526_nifti/volumes/SWI.nii.gz	6049632
ucsf-pdgm/UCSF-PDGM-0526_nifti/volumes/T1.nii.gz	6108059
ucsf-pdgm/UCSF-PDGM-0526_nifti/volumes/T1c.nii.gz	6139178
ucsf-pdgm/UCSF-PDGM-0526_nifti/volumes/T2.nii.gz	6091028
ucsf-pdgm/UCSF-PDGM-0526_nifti/volumes/brain_mask.nii.gz	314846
ucsf-pdgm/UCSF-PDGM-0526_nifti/volumes/tumor_seg.nii.gz	216277
ucsf-pdgm/UCSF-PDGM-0527_nifti/preprocessing_metadata.json	2572
ucsf-pdgm/UCSF-PDGM-0527_nifti/volumes/ASL.nii.gz	6091987
ucsf-pdgm/UCSF-PDGM-0527_nifti/volumes/DWI.nii.gz	6146739
ucsf-pdgm/UCSF-PDGM-0527_nifti/volumes/FLAIR.nii.gz	6158245
ucsf-pdgm/UCSF-PDGM-0527_nifti/volumes/SWI.nii.gz	6027897
ucsf-pdgm/UCSF-PDGM-0527_nifti/volumes/T1.nii.gz	6125007
ucsf-pdgm/UCSF-PDGM-0527_nifti/volumes/T1c.nii.gz	6156479
ucsf-pdgm/UCSF-PDGM-0527_nifti/volumes/T2.nii.gz	6159716
ucsf-pdgm/UCSF-PDGM-0527_nifti/volumes/brain_mask.nii.gz	320528
ucsf-pdgm/UCSF-PDGM-0527_nifti/volumes/tumor_seg.nii.gz	220153
ucsf-pdgm/UCSF-PDGM-0528_nifti/preprocessing_metadata.json	2569
ucsf-pdgm/UCSF-PDGM-0528_nifti/volumes/ASL.nii.gz	6162280
ucsf-pdgm/UCSF-PDGM-0528_nifti/volumes/DWI.nii.gz	6193853
ucsf-pdgm/UCSF-PDGM-0528_nifti/volumes/FLAIR.nii.gz	6213519
ucsf-pdgm/UCSF-PDGM-0528_nifti/volumes/SWI.nii.gz	6186539
ucsf-pdgm/UCSF-PDGM-0528_nifti/volumes/T1.nii.gz	6169944
ucsf-pdgm/UCSF-PDGM-0528_nifti/volumes/T1c.nii.gz	6210673
ucsf-pdgm/UCSF-PDGM-0528_nifti/volumes/T2.nii.gz	6176829
ucsf-pdgm/UCSF-PDGM-0528_nifti/volumes/brain_mask.nii.gz	317590
ucsf-pdgm/UCSF-PDGM-0528_nifti/volumes/tumor_seg.nii.gz	207258
ucsf-pdgm/UCSF-PDGM-0529_nifti/preprocessing_metadata.json	2581
ucsf-pdgm/UCSF-PDGM-0529_nifti/volumes/ASL.nii.gz	6300585
ucsf-pdgm/UCSF-PDGM-0529_nifti/volumes/DWI.nii.gz	6323316
ucsf-pdgm/UCSF-PDGM-0529_nifti/volumes/FLAIR.nii.gz	6317853
ucsf-pdgm/UCSF-PDGM-0529_nifti/volumes/SWI.nii.gz	6252010
ucsf-pdgm/UCSF-PDGM-0529_nifti/volumes/T1.nii.gz	6303440
ucsf-pdgm/UCSF-PDGM-0529_nifti/volumes/T1c.nii.gz	6335730
ucsf-pdgm/UCSF-PDGM-0529_nifti/volumes/T2.nii.gz	6321530
ucsf-pdgm/UCSF-PDGM-0529_nifti/volumes/brain_mask.nii.gz	309632
ucsf-pdgm/UCSF-PDGM-0529_nifti/volumes/tumor_seg.nii.gz	221442
ucsf-pdgm/UCSF-PDGM-0530_nifti/preprocessing_metadata.json	2563
ucsf-pdgm/UCSF-PDGM-0530_nifti/volumes/ASL.nii.gz	6268132
ucsf-pdgm/UCSF-PDGM-0530_nifti/volumes/DWI.nii.gz	6507776
ucsf-pdgm/UCSF-PDGM-0530_nifti/volumes/FLAIR.nii.gz	6494359
ucsf-pdgm/UCSF-PDGM-0530_nifti/volumes/SWI.nii.gz	6425222
ucsf-pdgm/UCSF-PDGM-0530_nifti/volumes/T1.nii.gz	6482154
ucsf-pdgm/UCSF-PDGM-0530_nifti/volumes/T1c.nii.gz	6499326
ucsf-pdgm/UCSF-PDGM-0530_nifti/volumes/T2.nii.gz	6485562
ucsf-pdgm/UCSF-PDGM-0530_nifti/volumes/brain_mask.nii.gz	320264
ucsf-pdgm/UCSF-PDGM-0530_nifti/volumes/tumor_seg.nii.gz	228843
ucsf-pdgm/UCSF-PDGM-0531_nifti/preprocessing_metadata.json	2573
ucsf-pdgm/UCSF-PDGM-0531_nifti/volumes/ASL.nii.gz	5544334
ucsf-pdgm/UCSF-PDGM-0531_nifti/volumes/DWI.nii.gz	5559710
ucsf-pdgm/UCSF-PDGM-0531_nifti/volumes/FLAIR.nii.gz	5558674
ucsf-pdgm/UCSF-PDGM-0531_nifti/volumes/SWI.nii.gz	5568257
ucsf-pdgm/UCSF-PDGM-0531_nifti/volumes/T1.nii.gz	5550651
ucsf-pdgm/UCSF-PDGM-0531_nifti/volumes/T1c.nii.gz	5587654
ucsf-pdgm/UCSF-PDGM-0531_nifti/volumes/T2.nii.gz	5533671
ucsf-pdgm/UCSF-PDGM-0531_nifti/volumes/brain_mask.nii.gz	306847
ucsf-pdgm/UCSF-PDGM-0531_nifti/volumes/tumor_seg.nii.gz	224184
ucsf-pdgm/UCSF-PDGM-0532_nifti/preprocessing_metadata.json	2576
ucsf-pdgm/UCSF-PDGM-0532_nifti/volumes/ASL.nii.gz	6213252
ucsf-pdgm/UCSF-PDGM-0532_nifti/volumes/DWI.nii.gz	6212784
ucsf-pdgm/UCSF-PDGM-0532_nifti/volumes/FLAIR.nii.gz	6234037
ucsf-pdgm/UCSF-PDGM-0532_nifti/volumes/SWI.nii.gz	6212610
ucsf-pdgm/UCSF-PDGM-0532_nifti/volumes/T1.nii.gz	6217258
ucsf-pdgm/UCSF-PDGM-0532_nifti/volumes/T1c.nii.gz	6255162
ucsf-pdgm/UCSF-PDGM-0532_nifti/volumes/T2.nii.gz	6202195
ucsf-pdgm/UCSF-PDGM-0532_nifti/volumes/brain_mask.nii.gz	316694
ucsf-pdgm/UCSF-PDGM-0532_nifti/volumes/tumor_seg.nii.gz	183577
ucsf-pdgm/UCSF-PDGM-0533_nifti/preprocessing_metadata.json	2581
ucsf-pdgm/UCSF-PDGM-0533_nifti/volumes/ASL.nii.gz	6274636
ucsf-pdgm/UCSF-PDGM-0533_nifti/volumes/DWI.nii.gz	6223639
ucsf-pdgm/UCSF-PDGM-0533_nifti/volumes/FLAIR.nii.gz	6306773
ucsf-pdgm/UCSF-PDGM-0533_nifti/volumes/SWI.nii.gz	6324940
ucsf-pdgm/UCSF-PDGM-0533_nifti/volumes/T1.nii.gz	6299409
ucsf-pdgm/UCSF-PDGM-0533_nifti/volumes/T1c.nii.gz	6332048
ucsf-pdgm/UCSF-PDGM-0533_nifti/volumes/T2.nii.gz	6276161
ucsf-pdgm/UCSF-PDGM-0533_nifti/volumes/brain_mask.nii.gz	312398
ucsf-pdgm/UCSF-PDGM-0533_nifti/volumes/tumor_seg.nii.gz	236753
ucsf-pdgm/UCSF-PDGM-0534_nifti/preprocessing_metadata.json	2575
ucsf-pdgm/UCSF-PDGM-0534_nifti/volumes/ASL.nii.gz	5980683
ucsf-pdgm/UCSF-PDGM-0534_nifti/volumes/DWI.nii.gz	5996132
ucsf-pdgm/UCSF-PDGM-0534_nifti/volumes/FLAIR.nii.gz	6036543
ucsf-pdgm/UCSF-PDGM-0534_nifti/volumes/SWI.nii.gz	5931304
ucsf-pdgm/UCSF-PDGM-0534_nifti/volumes/T1.nii.gz	6002586
ucsf-pdgm/UCSF-PDGM-0534_nifti/volumes/T1c.nii.gz	6037392
ucsf-pdgm/UCSF-PDGM-0534_nifti/volumes/T2.nii.gz	5986219
ucsf-pdgm/UCSF-PDGM-0534_nifti/volumes/brain_mask.nii.gz	310280
ucsf-pdgm/UCSF-PDGM-0534_nifti/volumes/tumor_seg.nii.gz	188111
ucsf-pdgm/UCSF-PDGM-0535_nifti/preprocessing_metadata.json	2558
ucsf-pdgm/UCSF-PDGM-0535_nifti/volumes/ASL.nii.gz	5418434
ucsf-pdgm/UCSF-PDGM-0535_nifti/volumes/DWI.nii.gz	5466338
ucsf-pdgm/UCSF-PDGM-0535_nifti/volumes/FLAIR.nii.gz	5475076
ucsf-pdgm/UCSF-PDGM-0535_nifti/volumes/SWI.nii.gz	5394514
ucsf-pdgm/UCSF-PDGM-0535_nifti/volumes/T1.nii.gz	5462208
ucsf-pdgm/UCSF-PDGM-0535_nifti/volumes/T1c.nii.gz	5475847
ucsf-pdgm/UCSF-PDGM-0535_nifti/volumes/T2.nii.gz	5494853
ucsf-pdgm/UCSF-PDGM-0535_nifti/volumes/brain_mask.nii.gz	287087
ucsf-pdgm/UCSF-PDGM-0535_nifti/volumes/tumor_seg.nii.gz	169824
ucsf-pdgm/UCSF-PDGM-0536_nifti/preprocessing_metadata.json	2579
ucsf-pdgm/UCSF-PDGM-0536_nifti/volumes/ASL.nii.gz	6021366
ucsf-pdgm/UCSF-PDGM-0536_nifti/volumes/DWI.nii.gz	6039264
ucsf-pdgm/UCSF-PDGM-0536_nifti/volumes/FLAIR.nii.gz	6076237
ucsf-pdgm/UCSF-PDGM-0536_nifti/volumes/SWI.nii.gz	5939823
ucsf-pdgm/UCSF-PDGM-0536_nifti/volumes/T1.nii.gz	6033411
ucsf-pdgm/UCSF-PDGM-0536_nifti/volumes/T1c.nii.gz	6077681
ucsf-pdgm/UCSF-PDGM-0536_nifti/volumes/T2.nii.gz	6066852
ucsf-pdgm/UCSF-PDGM-0536_nifti/volumes/brain_mask.nii.gz	320152
ucsf-pdgm/UCSF-PDGM-0536_nifti/volumes/tumor_seg.nii.gz	197384
ucsf-pdgm/UCSF-PDGM-0537_nifti/preprocessing_metadata.json	2568
ucsf-pdgm/UCSF-PDGM-0537_nifti/volumes/ASL.nii.gz	7020910
ucsf-pdgm/UCSF-PDGM-0537_nifti/volumes/DWI.nii.gz	7017771
ucsf-pdgm/UCSF-PDGM-0537_nifti/volumes/FLAIR.nii.gz	7060995
ucsf-pdgm/UCSF-PDGM-0537_nifti/volumes/SWI.nii.gz	7042450
ucsf-pdgm/UCSF-PDGM-0537_nifti/volumes/T1.nii.gz	7037071
ucsf-pdgm/UCSF-PDGM-0537_nifti/volumes/T1c.nii.gz	7064527
ucsf-pdgm/UCSF-PDGM-0537_nifti/volumes/T2.nii.gz	7034886
ucsf-pdgm/UCSF-PDGM-0537_nifti/volumes/brain_mask.nii.gz	352604
ucsf-pdgm/UCSF-PDGM-0537_nifti/volumes/tumor_seg.nii.gz	186193
ucsf-pdgm/UCSF-PDGM-0538_nifti/preprocessing_metadata.json	2576
ucsf-pdgm/UCSF-PDGM-0538_nifti/volumes/ASL.nii.gz	5256634
ucsf-pdgm/UCSF-PDGM-0538_nifti/volumes/DWI.nii.gz	5259313
ucsf-pdgm/UCSF-PDGM-0538_nifti/volumes/FLAIR.nii.gz	5264320
ucsf-pdgm/UCSF-PDGM-0538_nifti/volumes/SWI.nii.gz	5238013
ucsf-pdgm/UCSF-PDGM-0538_nifti/volumes/T1.nii.gz	5261947
ucsf-pdgm/UCSF-PDGM-0538_nifti/volumes/T1c.nii.gz	5286788
ucsf-pdgm/UCSF-PDGM-0538_nifti/volumes/T2.nii.gz	5291528
ucsf-pdgm/UCSF-PDGM-0538_nifti/volumes/brain_mask.nii.gz	298090
ucsf-pdgm/UCSF-PDGM-0538_nifti/volumes/tumor_seg.nii.gz	186929
ucsf-pdgm/UCSF-PDGM-0539_nifti/preprocessing_metadata.json	2578
ucsf-pdgm/UCSF-PDGM-0539_nifti/volumes/ASL.nii.gz	6169475
ucsf-pdgm/UCSF-PDGM-0539_nifti/volumes/DWI.nii.gz	6154546
ucsf-pdgm/UCSF-PDGM-0539_nifti/volumes/FLAIR.nii.gz	6192599
ucsf-pdgm/UCSF-PDGM-0539_nifti/volumes/SWI.nii.gz	6184734
ucsf-pdgm/UCSF-PDGM-0539_nifti/volumes/T1.nii.gz	6161002
ucsf-pdgm/UCSF-PDGM-0539_nifti/volumes/T1c.nii.gz	6198917
ucsf-pdgm/UCSF-PDGM-0539_nifti/volumes/T2.nii.gz	6141475
ucsf-pdgm/UCSF-PDGM-0539_nifti/volumes/brain_mask.nii.gz	317242
ucsf-pdgm/UCSF-PDGM-0539_nifti/volumes/tumor_seg.nii.gz	173629
ucsf-pdgm/UCSF-PDGM-0540_nifti/preprocessing_metadata.json	2565
ucsf-pdgm/UCSF-PDGM-0540_nifti/volumes/ASL.nii.gz	5431626
ucsf-pdgm/UCSF-PDGM-0540_nifti/volumes/DWI.nii.gz	5443482
ucsf-pdgm/UCSF-PDGM-0540_nifti/volumes/FLAIR.nii.gz	5454282
ucsf-pdgm/UCSF-PDGM-0540_nifti/volumes/SWI.nii.gz	5437025
ucsf-pdgm/UCSF-PDGM-0540_nifti/volumes/T1.nii.gz	5439601
ucsf-pdgm/UCSF-PDGM-0540_nifti/volumes/T1c.nii.gz	5460062
ucsf-pdgm/UCSF-PDGM-0540_nifti/volumes/T2.nii.gz	5426533
ucsf-pdgm/UCSF-PDGM-0540_nifti/volumes/brain_mask.nii.gz	299052
ucsf-pdgm/UCSF-PDGM-0540_nifti/volumes/tumor_seg.nii.gz	171060
ucsf-pdgm/UCSF-PDGM-0541_nifti/preprocessing_metadata.json	2573
ucsf-pdgm/UCSF-PDGM-0541_nifti/volumes/ASL.nii.gz	5098106
ucsf-pdgm/UCSF-PDGM-0541_nifti/volumes/DWI.nii.gz	5309669
ucsf-pdgm/UCSF-PDGM-0541_nifti/volumes/FLAIR.nii.gz	5329604
ucsf-pdgm/UCSF-PDGM-0541_nifti/volumes/SWI.nii.gz	5258928
ucsf-pdgm/UCSF-PDGM-0541_nifti/volumes/T1.nii.gz	5320342
ucsf-pdgm/UCSF-PDGM-0541_nifti/volumes/T1c.nii.gz	5349191
ucsf-pdgm/UCSF-PDGM-0541_nifti/volumes/T2.nii.gz	5312305
ucsf-pdgm/UCSF-PDGM-0541_nifti/volumes/brain_mask.nii.gz	294878
ucsf-pdgm/UCSF-PDGM-0541_nifti/volumes/tumor_seg.nii.gz	234385
upenn-gbm/UPENN-GBM-00001_11/preprocessing_metadata.json	1725
upenn-gbm/UPENN-GBM-00001_11/volumes/FLAIR.nii.gz	5508026
upenn-gbm/UPENN-GBM-00001_11/volumes/T1.nii.gz	5461522
upenn-gbm/UPENN-GBM-00001_11/volumes/T1c.nii.gz	5505709
upenn-gbm/UPENN-GBM-00001_11/volumes/T2.nii.gz	5471776
upenn-gbm/UPENN-GBM-00001_11/volumes/brain_mask.nii.gz	300454
upenn-gbm/UPENN-GBM-00001_11/volumes/tumor_seg.nii.gz	173357
upenn-gbm/UPENN-GBM-00002_11/preprocessing_metadata.json	1713
upenn-gbm/UPENN-GBM-00002_11/volumes/FLAIR.nii.gz	5601212
upenn-gbm/UPENN-GBM-00002_11/volumes/T1.nii.gz	5590083
upenn-gbm/UPENN-GBM-00002_11/volumes/T1c.nii.gz	5610737
upenn-gbm/UPENN-GBM-00002_11/volumes/T2.nii.gz	5579660
upenn-gbm/UPENN-GBM-00002_11/volumes/brain_mask.nii.gz	298763
upenn-gbm/UPENN-GBM-00002_11/volumes/tumor_seg.nii.gz	244049
upenn-gbm/UPENN-GBM-00003_11/preprocessing_metadata.json	1738
upenn-gbm/UPENN-GBM-00003_11/volumes/FLAIR.nii.gz	6378058
upenn-gbm/UPENN-GBM-00003_11/volumes/T1.nii.gz	6333733
upenn-gbm/UPENN-GBM-00003_11/volumes/T1c.nii.gz	6364837
upenn-gbm/UPENN-GBM-00003_11/volumes/T2.nii.gz	6340009
upenn-gbm/UPENN-GBM-00003_11/volumes/brain_mask.nii.gz	314958
upenn-gbm/UPENN-GBM-00003_11/volumes/tumor_seg.nii.gz	199206
upenn-gbm/UPENN-GBM-00004_11/preprocessing_metadata.json	1735
upenn-gbm/UPENN-GBM-00004_11/volumes/FLAIR.nii.gz	5804541
upenn-gbm/UPENN-GBM-00004_11/volumes/T1.nii.gz	5767971
upenn-gbm/UPENN-GBM-00004_11/volumes/T1c.nii.gz	5802576
upenn-gbm/UPENN-GBM-00004_11/volumes/T2.nii.gz	5766629
upenn-gbm/UPENN-GBM-00004_11/volumes/brain_mask.nii.gz	305967
upenn-gbm/UPENN-GBM-00004_11/volumes/tumor_seg.nii.gz	201714
upenn-gbm/UPENN-GBM-00005_11/preprocessing_metadata.json	1725
upenn-gbm/UPENN-GBM-00005_11/volumes/FLAIR.nii.gz	5962066
upenn-gbm/UPENN-GBM-00005_11/volumes/T1.nii.gz	5923617
upenn-gbm/UPENN-GBM-00005_11/volumes/T1c.nii.gz	5964277
upenn-gbm/UPENN-GBM-00005_11/volumes/T2.nii.gz	5925672
upenn-gbm/UPENN-GBM-00005_11/volumes/brain_mask.nii.gz	309772
upenn-gbm/UPENN-GBM-00005_11/volumes/tumor_seg.nii.gz	207922
upenn-gbm/UPENN-GBM-00006_11/preprocessing_metadata.json	1727
upenn-gbm/UPENN-GBM-00006_11/volumes/FLAIR.nii.gz	6357626
upenn-gbm/UPENN-GBM-00006_11/volumes/T1.nii.gz	6307059
upenn-gbm/UPENN-GBM-00006_11/volumes/T1c.nii.gz	6353026
upenn-gbm/UPENN-GBM-00006_11/volumes/T2.nii.gz	6341131
upenn-gbm/UPENN-GBM-00006_11/volumes/brain_mask.nii.gz	309953
upenn-gbm/UPENN-GBM-00006_11/volumes/tumor_seg.nii.gz	196975
upenn-gbm/UPENN-GBM-00007_11/preprocessing_metadata.json	1739
upenn-gbm/UPENN-GBM-00007_11/volumes/FLAIR.nii.gz	6356419
upenn-gbm/UPENN-GBM-00007_11/volumes/T1.nii.gz	6333717
upenn-gbm/UPENN-GBM-00007_11/volumes/T1c.nii.gz	6372389
upenn-gbm/UPENN-GBM-00007_11/volumes/T2.nii.gz	6336863
upenn-gbm/UPENN-GBM-00007_11/volumes/brain_mask.nii.gz	313273
upenn-gbm/UPENN-GBM-00007_11/volumes/tumor_seg.nii.gz	210460
upenn-gbm/UPENN-GBM-00008_11/preprocessing_metadata.json	1725
upenn-gbm/UPENN-GBM-00008_11/volumes/FLAIR.nii.gz	5098444
upenn-gbm/UPENN-GBM-00008_11/volumes/T1.nii.gz	5075241
upenn-gbm/UPENN-GBM-00008_11/volumes/T1c.nii.gz	5110534
upenn-gbm/UPENN-GBM-00008_11/volumes/T2.nii.gz	5086218
upenn-gbm/UPENN-GBM-00008_11/volumes/brain_mask.nii.gz	280734
upenn-gbm/UPENN-GBM-00008_11/volumes/tumor_seg.nii.gz	175776
upenn-gbm/UPENN-GBM-00009_11/preprocessing_metadata.json	1728
upenn-gbm/UPENN-GBM-00009_11/volumes/FLAIR.nii.gz	6542088
upenn-gbm/UPENN-GBM-00009_11/volumes/T1.nii.gz	6497328
upenn-gbm/UPENN-GBM-00009_11/volumes/T1c.nii.gz	6541502
upenn-gbm/UPENN-GBM-00009_11/volumes/T2.nii.gz	6488999
upenn-gbm/UPENN-GBM-00009_11/volumes/brain_mask.nii.gz	320322
upenn-gbm/UPENN-GBM-00009_11/volumes/tumor_seg.nii.gz	232475
upenn-gbm/UPENN-GBM-00010_11/preprocessing_metadata.json	1739
upenn-gbm/UPENN-GBM-00010_11/volumes/FLAIR.nii.gz	6597284
upenn-gbm/UPENN-GBM-00010_11/volumes/T1.nii.gz	6546981
upenn-gbm/UPENN-GBM-00010_11/volumes/T1c.nii.gz	6601417
upenn-gbm/UPENN-GBM-00010_11/volumes/T2.nii.gz	6570145
upenn-gbm/UPENN-GBM-00010_11/volumes/brain_mask.nii.gz	315153
upenn-gbm/UPENN-GBM-00010_11/volumes/tumor_seg.nii.gz	188106
upenn-gbm/UPENN-GBM-00011_11/preprocessing_metadata.json	1727
upenn-gbm/UPENN-GBM-00011_11/volumes/FLAIR.nii.gz	6229376
upenn-gbm/UPENN-GBM-00011_11/volumes/T1.nii.gz	6208360
upenn-gbm/UPENN-GBM-00011_11/volumes/T1c.nii.gz	6243306
upenn-gbm/UPENN-GBM-00011_11/volumes/T2.nii.gz	6216031
upenn-gbm/UPENN-GBM-00011_11/volumes/brain_mask.nii.gz	307852
upenn-gbm/UPENN-GBM-00011_11/volumes/tumor_seg.nii.gz	209064
upenn-gbm/UPENN-GBM-00012_11/preprocessing_metadata.json	1735
upenn-gbm/UPENN-GBM-00012_11/volumes/FLAIR.nii.gz	6858317
upenn-gbm/UPENN-GBM-00012_11/volumes/T1.nii.gz	6819741
upenn-gbm/UPENN-GBM-00012_11/volumes/T1c.nii.gz	6857413
upenn-gbm/UPENN-GBM-00012_11/volumes/T2.nii.gz	6828127
upenn-gbm/UPENN-GBM-00012_11/volumes/brain_mask.nii.gz	321494
upenn-gbm/UPENN-GBM-00012_11/volumes/tumor_seg.nii.gz	220973
upenn-gbm/UPENN-GBM-00013_11/preprocessing_metadata.json	1713
upenn-gbm/UPENN-GBM-00013_11/volumes/FLAIR.nii.gz	5718653
upenn-gbm/UPENN-GBM-00013_11/volumes/T1.nii.gz	5672929
upenn-gbm/UPENN-GBM-00013_11/volumes/T1c.nii.gz	5714363
upenn-gbm/UPENN-GBM-00013_11/volumes/T2.nii.gz	5676847
upenn-gbm/UPENN-GBM-00013_11/volumes/brain_mask.nii.gz	301367
upenn-gbm/UPENN-GBM-00013_11/volumes/tumor_seg.nii.gz	180055
upenn-gbm/UPENN-GBM-00014_11/preprocessing_metadata.json	1702
upenn-gbm/UPENN-GBM-00014_11/volumes/FLAIR.nii.gz	6011241
upenn-gbm/UPENN-GBM-00014_11/volumes/T1.nii.gz	5981902
upenn-gbm/UPENN-GBM-00014_11/volumes/T1c.nii.gz	6008814
upenn-gbm/UPENN-GBM-00014_11/volumes/T2.nii.gz	5976806
upenn-gbm/UPENN-GBM-00014_11/volumes/brain_mask.nii.gz	306869
upenn-gbm/UPENN-GBM-00014_11/volumes/tumor_seg.nii.gz	234167
upenn-gbm/UPENN-GBM-00015_11/preprocessing_metadata.json	1736
upenn-gbm/UPENN-GBM-00015_11/volumes/FLAIR.nii.gz	6006382
upenn-gbm/UPENN-GBM-00015_11/volumes/T1.nii.gz	5960596
upenn-gbm/UPENN-GBM-00015_11/volumes/T1c.nii.gz	6003834
upenn-gbm/UPENN-GBM-00015_11/volumes/T2.nii.gz	5962718
upenn-gbm/UPENN-GBM-00015_11/volumes/brain_mask.nii.gz	303834
upenn-gbm/UPENN-GBM-00015_11/volumes/tumor_seg.nii.gz	218460
upenn-gbm/UPENN-GBM-00016_11/preprocessing_metadata.json	1704
upenn-gbm/UPENN-GBM-00016_11/volumes/FLAIR.nii.gz	5519935
upenn-gbm/UPENN-GBM-00016_11/volumes/T1.nii.gz	5474975
upenn-gbm/UPENN-GBM-00016_11/volumes/T1c.nii.gz	5514980
upenn-gbm/UPENN-GBM-00016_11/volumes/T2.nii.gz	5487118
upenn-gbm/UPENN-GBM-00016_11/volumes/brain_mask.nii.gz	291370
upenn-gbm/UPENN-GBM-00016_11/volumes/tumor_seg.nii.gz	181238
upenn-gbm/UPENN-GBM-00017_11/preprocessing_metadata.json	1723
upenn-gbm/UPENN-GBM-00017_11/volumes/FLAIR.nii.gz	6133742
upenn-gbm/UPENN-GBM-00017_11/volumes/T1.nii.gz	6118691
upenn-gbm/UPENN-GBM-00017_11/volumes/T1c.nii.gz	6168045
upenn-gbm/UPENN-GBM-00017_11/volumes/T2.nii.gz	6146788
upenn-gbm/UPENN-GBM-00017_11/volumes/brain_mask.nii.gz	316237
upenn-gbm/UPENN-GBM-00017_11/volumes/tumor_seg.nii.gz	182038
upenn-gbm/UPENN-GBM-00018_11/preprocessing_metadata.json	1724
upenn-gbm/UPENN-GBM-00018_11/volumes/FLAIR.nii.gz	5519850
upenn-gbm/UPENN-GBM-00018_11/volumes/T1.nii.gz	5509447
upenn-gbm/UPENN-GBM-00018_11/volumes/T1c.nii.gz	5535740
upenn-gbm/UPENN-GBM-00018_11/volumes/T2.nii.gz	5508899
upenn-gbm/UPENN-GBM-00018_11/volumes/brain_mask.nii.gz	307266
upenn-gbm/UPENN-GBM-00018_11/volumes/tumor_seg.nii.gz	267057
upenn-gbm/UPENN-GBM-00019_11/preprocessing_metadata.json	1722
upenn-gbm/UPENN-GBM-00019_11/volumes/FLAIR.nii.gz	5434218
upenn-gbm/UPENN-GBM-00019_11/volumes/T1.nii.gz	5396142
upenn-gbm/UPENN-GBM-00019_11/volumes/T1c.nii.gz	5432356
upenn-gbm/UPENN-GBM-00019_11/volumes/T2.nii.gz	5411493
upenn-gbm/UPENN-GBM-00019_11/volumes/brain_mask.nii.gz	294740
upenn-gbm/UPENN-GBM-00019_11/volumes/tumor_seg.nii.gz	186260
upenn-gbm/UPENN-GBM-00020_11/preprocessing_metadata.json	1725
upenn-gbm/UPENN-GBM-00020_11/volumes/FLAIR.nii.gz	7146391
upenn-gbm/UPENN-GBM-00020_11/volumes/T1.nii.gz	7097152
upenn-gbm/UPENN-GBM-00020_11/volumes/T1c.nii.gz	7135864
upenn-gbm/UPENN-GBM-00020_11/volumes/T2.nii.gz	7088725
upenn-gbm/UPENN-GBM-00020_11/volumes/brain_mask.nii.gz	330614
upenn-gbm/UPENN-GBM-00020_11/volumes/tumor_seg.nii.gz	180840
upenn-gbm/UPENN-GBM-00021_11/preprocessing_metadata.json	1724
upenn-gbm/UPENN-GBM-00021_11/volumes/FLAIR.nii.gz	5272689
upenn-gbm/UPENN-GBM-00021_11/volumes/T1.nii.gz	5238524
upenn-gbm/UPENN-GBM-00021_11/volumes/T1c.nii.gz	5273896
upenn-gbm/UPENN-GBM-00021_11/volumes/T2.nii.gz	5252931
upenn-gbm/UPENN-GBM-00021_11/volumes/brain_mask.nii.gz	292922
upenn-gbm/UPENN-GBM-00021_11/volumes/tumor_seg.nii.gz	192731
upenn-gbm/UPENN-GBM-00022_11/preprocessing_metadata.json	1741
upenn-gbm/UPENN-GBM-00022_11/volumes/FLAIR.nii.gz	5845198
upenn-gbm/UPENN-GBM-00022_11/volumes/T1.nii.gz	5844601
upenn-gbm/UPENN-GBM-00022_11/volumes/T1c.nii.gz	5871656
upenn-gbm/UPENN-GBM-00022_11/volumes/T2.nii.gz	5820338
upenn-gbm/UPENN-GBM-00022_11/volumes/brain_mask.nii.gz	303994
upenn-gbm/UPENN-GBM-00022_11/volumes/tumor_seg.nii.gz	244239
upenn-gbm/UPENN-GBM-00023_11/preprocessing_metadata.json	1739
upenn-gbm/UPENN-GBM-00023_11/volumes/FLAIR.nii.gz	6831096
upenn-gbm/UPENN-GBM-00023_11/volumes/T1.nii.gz	6803498
upenn-gbm/UPENN-GBM-00023_11/volumes/T1c.nii.gz	6839911
upenn-gbm/UPENN-GBM-00023_11/volumes/T2.nii.gz	6813387
upenn-gbm/UPENN-GBM-00023_11/volumes/brain_mask.nii.gz	326418
upenn-gbm/UPENN-GBM-00023_11/volumes/tumor_seg.nii.gz	221392
upenn-gbm/UPENN-GBM-00024_11/preprocessing_metadata.json	1722
upenn-gbm/UPENN-GBM-00024_11/volumes/FLAIR.nii.gz	6573509
upenn-gbm/UPENN-GBM-00024_11/volumes/T1.nii.gz	6525941
upenn-gbm/UPENN-GBM-00024_11/volumes/T1c.nii.gz	6565187
upenn-gbm/UPENN-GBM-00024_11/volumes/T2.nii.gz	6519443
upenn-gbm/UPENN-GBM-00024_11/volumes/brain_mask.nii.gz	316055
upenn-gbm/UPENN-GBM-00024_11/volumes/tumor_seg.nii.gz	192369
upenn-gbm/UPENN-GBM-00025_11/preprocessing_metadata.json	1742
upenn-gbm/UPENN-GBM-00025_11/volumes/FLAIR.nii.gz	4982703
upenn-gbm/UPENN-GBM-00025_11/volumes/T1.nii.gz	4950052
upenn-gbm/UPENN-GBM-00025_11/volumes/T1c.nii.gz	4983739
upenn-gbm/UPENN-GBM-00025_11/volumes/T2.nii.gz	4941452
upenn-gbm/UPENN-GBM-00025_11/volumes/brain_mask.nii.gz	287232
upenn-gbm/UPENN-GBM-00025_11/volumes/tumor_seg.nii.gz	181410
upenn-gbm/UPENN-GBM-00026_11/preprocessing_metadata.json	1711
upenn-gbm/UPENN-GBM-00026_11/volumes/FLAIR.nii.gz	5856858
upenn-gbm/UPENN-GBM-00026_11/volumes/T1.nii.gz	5779296
upenn-gbm/UPENN-GBM-00026_11/volumes/T1c.nii.gz	5857795
upenn-gbm/UPENN-GBM-00026_11/volumes/T2.nii.gz	5834667
upenn-gbm/UPENN-GBM-00026_11/volumes/brain_mask.nii.gz	302228
upenn-gbm/UPENN-GBM-00026_11/volumes/tumor_seg.nii.gz	189042
upenn-gbm/UPENN-GBM-00027_11/preprocessing_metadata.json	1739
upenn-gbm/UPENN-GBM-00027_11/volumes/FLAIR.nii.gz	6049504
upenn-gbm/UPENN-GBM-00027_11/volumes/T1.nii.gz	6002451
upenn-gbm/UPENN-GBM-00027_11/volumes/T1c.nii.gz	6049013
upenn-gbm/UPENN-GBM-00027_11/volumes/T2.nii.gz	5995573
upenn-gbm/UPENN-GBM-00027_11/volumes/brain_mask.nii.gz	300773
upenn-gbm/UPENN-GBM-00027_11/volumes/tumor_seg.nii.gz	189646
upenn-gbm/UPENN-GBM-00028_11/preprocessing_metadata.json	1721
upenn-gbm/UPENN-GBM-00028_11/volumes/FLAIR.nii.gz	5394338
upenn-gbm/UPENN-GBM-00028_11/volumes/T1.nii.gz	5375363
upenn-gbm/UPENN-GBM-00028_11/volumes/T1c.nii.gz	5401272
upenn-gbm/UPENN-GBM-00028_11/volumes/T2.nii.gz	5372485
upenn-gbm/UPENN-GBM-00028_11/volumes/brain_mask.nii.gz	301552
upenn-gbm/UPENN-GBM-00028_11/volumes/tumor_seg.nii.gz	220801
upenn-gbm/UPENN-GBM-00029_11/preprocessing_metadata.json	1726
upenn-gbm/UPENN-GBM-00029_11/volumes/FLAIR.nii.gz	6105926
upenn-gbm/UPENN-GBM-00029_11/volumes/T1.nii.gz	6110629
upenn-gbm/UPENN-GBM-00029_11/volumes/T1c.nii.gz	6135565
upenn-gbm/UPENN-GBM-00029_11/volumes/T2.nii.gz	6121265
upenn-gbm/UPENN-GBM-00029_11/volumes/brain_mask.nii.gz	312534
upenn-gbm/UPENN-GBM-00029_11/volumes/tumor_seg.nii.gz	235709
upenn-gbm/UPENN-GBM-00030_11/preprocessing_metadata.json	1724
upenn-gbm/UPENN-GBM-00030_11/volumes/FLAIR.nii.gz	6273643
upenn-gbm/UPENN-GBM-00030_11/volumes/T1.nii.gz	6218144
upenn-gbm/UPENN-GBM-00030_11/volumes/T1c.nii.gz	6262748
upenn-gbm/UPENN-GBM-00030_11/volumes/T2.nii.gz	6217135
upenn-gbm/UPENN-GBM-00030_11/volumes/brain_mask.nii.gz	315147
upenn-gbm/UPENN-GBM-00030_11/volumes/tumor_seg.nii.gz	185435
upenn-gbm/UPENN-GBM-00031_11/preprocessing_metadata.json	1729
upenn-gbm/UPENN-GBM-00031_11/volumes/FLAIR.nii.gz	6520245
upenn-gbm/UPENN-GBM-00031_11/volumes/T1.nii.gz	6470287
upenn-gbm/UPENN-GBM-00031_11/volumes/T1c.nii.gz	6519344
upenn-gbm/UPENN-GBM-00031_11/volumes/T2.nii.gz	6479191
upenn-gbm/UPENN-GBM-00031_11/volumes/brain_mask.nii.gz	312501
upenn-gbm/UPENN-GBM-00031_11/volumes/tumor_seg.nii.gz	188335
upenn-gbm/UPENN-GBM-00032_11/preprocessing_metadata.json	1720
upenn-gbm/UPENN-GBM-00032_11/volumes/FLAIR.nii.gz	6252939
upenn-gbm/UPENN-GBM-00032_11/volumes/T1.nii.gz	6234539
upenn-gbm/UPENN-GBM-00032_11/volumes/T1c.nii.gz	6268276
upenn-gbm/UPENN-GBM-00032_11/volumes/T2.nii.gz	6223668
upenn-gbm/UPENN-GBM-00032_11/volumes/brain_mask.nii.gz	304195
upenn-gbm/UPENN-GBM-00032_11/volumes/tumor_seg.nii.gz	228257
upenn-gbm/UPENN-GBM-00033_11/preprocessing_metadata.json	1706
upenn-gbm/UPENN-GBM-00033_11/volumes/FLAIR.nii.gz	6006084
upenn-gbm/UPENN-GBM-00033_11/volumes/T1.nii.gz	5954108
upenn-gbm/UPENN-GBM-00033_11/volumes/T1c.nii.gz	5991082
upenn-gbm/UPENN-GBM-00033_11/volumes/T2.nii.gz	5962219
upenn-gbm/UPENN-GBM-00033_11/volumes/brain_mask.nii.gz	302543
upenn-gbm/UPENN-GBM-00033_11/volumes/tumor_seg.nii.gz	193274
upenn-gbm/UPENN-GBM-00034_11/preprocessing_metadata.json	1723
upenn-gbm/UPENN-GBM-00034_11/volumes/FLAIR.nii.gz	5198482
upenn-gbm/UPENN-GBM-00034_11/volumes/T1.nii.gz	5168171
upenn-gbm/UPENN-GBM-00034_11/volumes/T1c.nii.gz	5199241
upenn-gbm/UPENN-GBM-00034_11/volumes/T2.nii.gz	5178474
upenn-gbm/UPENN-GBM-00034_11/volumes/brain_mask.nii.gz	281623
upenn-gbm/UPENN-GBM-00034_11/volumes/tumor_seg.nii.gz	178110
upenn-gbm/UPENN-GBM-00035_11/preprocessing_metadata.json	1719
upenn-gbm/UPENN-GBM-00035_11/volumes/FLAIR.nii.gz	6354334
upenn-gbm/UPENN-GBM-00035_11/volumes/T1.nii.gz	6321737
upenn-gbm/UPENN-GBM-00035_11/volumes/T1c.nii.gz	6346649
upenn-gbm/UPENN-GBM-00035_11/volumes/T2.nii.gz	6317234
upenn-gbm/UPENN-GBM-00035_11/volumes/brain_mask.nii.gz	317027
upenn-gbm/UPENN-GBM-00035_11/volumes/tumor_seg.nii.gz	215588
upenn-gbm/UPENN-GBM-00036_11/preprocessing_metadata.json	1743
upenn-gbm/UPENN-GBM-00036_11/volumes/FLAIR.nii.gz	6313888
upenn-gbm/UPENN-GBM-00036_11/volumes/T1.nii.gz	6305924
upenn-gbm/UPENN-GBM-00036_11/volumes/T1c.nii.gz	6333347
upenn-gbm/UPENN-GBM-00036_11/volumes/T2.nii.gz	6283205
upenn-gbm/UPENN-GBM-00036_11/volumes/brain_mask.nii.gz	312087
upenn-gbm/UPENN-GBM-00036_11/volumes/tumor_seg.nii.gz	227568
upenn-gbm/UPENN-GBM-00037_11/preprocessing_metadata.json	1723
upenn-gbm/UPENN-GBM-00037_11/volumes/FLAIR.nii.gz	6556431
upenn-gbm/UPENN-GBM-00037_11/volumes/T1.nii.gz	6520542
upenn-gbm/UPENN-GBM-00037_11/volumes/T1c.nii.gz	6567178
upenn-gbm/UPENN-GBM-00037_11/volumes/T2.nii.gz	6524143
upenn-gbm/UPENN-GBM-00037_11/volumes/brain_mask.nii.gz	318207
upenn-gbm/UPENN-GBM-00037_11/volumes/tumor_seg.nii.gz	195739
upenn-gbm/UPENN-GBM-00038_11/preprocessing_metadata.json	1729
upenn-gbm/UPENN-GBM-00038_11/volumes/FLAIR.nii.gz	6111585
upenn-gbm/UPENN-GBM-00038_11/volumes/T1.nii.gz	6106017
upenn-gbm/UPENN-GBM-00038_11/volumes/T1c.nii.gz	6141355
upenn-gbm/UPENN-GBM-00038_11/volumes/T2.nii.gz	6084819
upenn-gbm/UPENN-GBM-00038_11/volumes/brain_mask.nii.gz	309810
upenn-gbm/UPENN-GBM-00038_11/volumes/tumor_seg.nii.gz	238287
upenn-gbm/UPENN-GBM-00039_11/preprocessing_metadata.json	1732
upenn-gbm/UPENN-GBM-00039_11/volumes/FLAIR.nii.gz	5421233
upenn-gbm/UPENN-GBM-00039_11/volumes/T1.nii.gz	5393293
upenn-gbm/UPENN-GBM-00039_11/volumes/T1c.nii.gz	5421254
upenn-gbm/UPENN-GBM-00039_11/volumes/T2.nii.gz	5382578
upenn-gbm/UPENN-GBM-00039_11/volumes/brain_mask.nii.gz	302241
upenn-gbm/UPENN-GBM-00039_11/volumes/tumor_seg.nii.gz	198927
upenn-gbm/UPENN-GBM-00040_11/preprocessing_metadata.json	1725
upenn-gbm/UPENN-GBM-00040_11/volumes/FLAIR.nii.gz	6932857
upenn-gbm/UPENN-GBM-00040_11/volumes/T1.nii.gz	6895621
upenn-gbm/UPENN-GBM-00040_11/volumes/T1c.nii.gz	6948353
upenn-gbm/UPENN-GBM-00040_11/volumes/T2.nii.gz	6900508
upenn-gbm/UPENN-GBM-00040_11/volumes/brain_mask.nii.gz	322760
upenn-gbm/UPENN-GBM-00040_11/volumes/tumor_seg.nii.gz	215553
upenn-gbm/UPENN-GBM-00041_11/preprocessing_metadata.json	1729
upenn-gbm/UPENN-GBM-00041_11/volumes/FLAIR.nii.gz	5430357
upenn-gbm/UPENN-GBM-00041_11/volumes/T1.nii.gz	5397480
upenn-gbm/UPENN-GBM-00041_11/volumes/T1c.nii.gz	5435946
upenn-gbm/UPENN-GBM-00041_11/volumes/T2.nii.gz	5402839
upenn-gbm/UPENN-GBM-00041_11/volumes/brain_mask.nii.gz	286238
upenn-gbm/UPENN-GBM-00041_11/volumes/tumor_seg.nii.gz	215730
upenn-gbm/UPENN-GBM-00042_11/preprocessing_metadata.json	1741
upenn-gbm/UPENN-GBM-00042_11/volumes/FLAIR.nii.gz	6724949
upenn-gbm/UPENN-GBM-00042_11/volumes/T1.nii.gz	6682928
upenn-gbm/UPENN-GBM-00042_11/volumes/T1c.nii.gz	6738988
upenn-gbm/UPENN-GBM-00042_11/volumes/T2.nii.gz	6680531
upenn-gbm/UPENN-GBM-00042_11/volumes/brain_mask.nii.gz	321882
upenn-gbm/UPENN-GBM-00042_11/volumes/tumor_seg.nii.gz	217364
upenn-gbm/UPENN-GBM-00043_11/preprocessing_metadata.json	1712
upenn-gbm/UPENN-GBM-00043_11/volumes/FLAIR.nii.gz	6525769
upenn-gbm/UPENN-GBM-00043_11/volumes/T1.nii.gz	6479049
upenn-gbm/UPENN-GBM-00043_11/volumes/T1c.nii.gz	6520111
upenn-gbm/UPENN-GBM-00043_11/volumes/T2.nii.gz	6471176
upenn-gbm/UPENN-GBM-00043_11/volumes/brain_mask.nii.gz	314015
upenn-gbm/UPENN-GBM-00043_11/volumes/tumor_seg.nii.gz	214634
upenn-gbm/UPENN-GBM-00044_11/preprocessing_metadata.json	1741
upenn-gbm/UPENN-GBM-00044_11/volumes/FLAIR.nii.gz	5738475
upenn-gbm/UPENN-GBM-00044_11/volumes/T1.nii.gz	5723738
upenn-gbm/UPENN-GBM-00044_11/volumes/T1c.nii.gz	5751822
upenn-gbm/UPENN-GBM-00044_11/volumes/T2.nii.gz	5700847
upenn-gbm/UPENN-GBM-00044_11/volumes/brain_mask.nii.gz	304040
upenn-gbm/UPENN-GBM-00044_11/volumes/tumor_seg.nii.gz	246410
upenn-gbm/UPENN-GBM-00045_11/preprocessing_metadata.json	1737
upenn-gbm/UPENN-GBM-00045_11/volumes/FLAIR.nii.gz	5702522
upenn-gbm/UPENN-GBM-00045_11/volumes/T1.nii.gz	5676466
upenn-gbm/UPENN-GBM-00045_11/volumes/T1c.nii.gz	5715611
upenn-gbm/UPENN-GBM-00045_11/volumes/T2.nii.gz	5675499
upenn-gbm/UPENN-GBM-00045_11/volumes/brain_mask.nii.gz	302143
upenn-gbm/UPENN-GBM-00045_11/volumes/tumor_seg.nii.gz	203470
upenn-gbm/UPENN-GBM-00046_11/preprocessing_metadata.json	1726
upenn-gbm/UPENN-GBM-00046_11/volumes/FLAIR.nii.gz	6880427
upenn-gbm/UPENN-GBM-00046_11/volumes/T1.nii.gz	6824129
upenn-gbm/UPENN-GBM-00046_11/volumes/T1c.nii.gz	6871792
upenn-gbm/UPENN-GBM-00046_11/volumes/T2.nii.gz	6837500
upenn-gbm/UPENN-GBM-00046_11/volumes/brain_mask.nii.gz	316670
upenn-gbm/UPENN-GBM-00046_11/volumes/tumor_seg.nii.gz	228769
upenn-gbm/UPENN-GBM-00047_11/preprocessing_metadata.json	1741
upenn-gbm/UPENN-GBM-00047_11/volumes/FLAIR.nii.gz	5502670
upenn-gbm/UPENN-GBM-00047_11/volumes/T1.nii.gz	5463769
upenn-gbm/UPENN-GBM-00047_11/volumes/T1c.nii.gz	5498189
upenn-gbm/UPENN-GBM-00047_11/volumes/T2.nii.gz	5465338
upenn-gbm/UPENN-GBM-00047_11/volumes/brain_mask.nii.gz	291513
upenn-gbm/UPENN-GBM-00047_11/volumes/tumor_seg.nii.gz	167997
upenn-gbm/UPENN-GBM-00048_11/preprocessing_metadata.json	1742
upenn-gbm/UPENN-GBM-00048_11/volumes/FLAIR.nii.gz	6130563
upenn-gbm/UPENN-GBM-00048_11/volumes/T1.nii.gz	6115622
upenn-gbm/UPENN-GBM-00048_11/volumes/T1c.nii.gz	6153042
upenn-gbm/UPENN-GBM-00048_11/volumes/T2.nii.gz	6104612
upenn-gbm/UPENN-GBM-00048_11/volumes/brain_mask.nii.gz	313083
upenn-gbm/UPENN-GBM-00048_11/volumes/tumor_seg.nii.gz	225466
upenn-gbm/UPENN-GBM-00049_11/preprocessing_metadata.json	1736
upenn-gbm/UPENN-GBM-00049_11/volumes/FLAIR.nii.gz	6855129
upenn-gbm/UPENN-GBM-00049_11/volumes/T1.nii.gz	6810706
upenn-gbm/UPENN-GBM-00049_11/volumes/T1c.nii.gz	6854913
upenn-gbm/UPENN-GBM-00049_11/volumes/T2.nii.gz	6805725
upenn-gbm/UPENN-GBM-00049_11/volumes/brain_mask.nii.gz	316252
upenn-gbm/UPENN-GBM-00049_11/volumes/tumor_seg.nii.gz	187869
upenn-gbm/UPENN-GBM-00050_11/preprocessing_metadata.json	1736
upenn-gbm/UPENN-GBM-00050_11/volumes/FLAIR.nii.gz	6639342
upenn-gbm/UPENN-GBM-00050_11/volumes/T1.nii.gz	6588543
upenn-gbm/UPENN-GBM-00050_11/volumes/T1c.nii.gz	6630393
upenn-gbm/UPENN-GBM-00050_11/volumes/T2.nii.gz	6594775
upenn-gbm/UPENN-GBM-00050_11/volumes/brain_mask.nii.gz	325072
upenn-gbm/UPENN-GBM-00050_11/volumes/tumor_seg.nii.gz	172338
upenn-gbm/UPENN-GBM-00051_11/preprocessing_metadata.json	1739
upenn-gbm/UPENN-GBM-00051_11/volumes/FLAIR.nii.gz	5951200
upenn-gbm/UPENN-GBM-00051_11/volumes/T1.nii.gz	5918330
upenn-gbm/UPENN-GBM-00051_11/volumes/T1c.nii.gz	5960493
upenn-gbm/UPENN-GBM-00051_11/volumes/T2.nii.gz	5917964
upenn-gbm/UPENN-GBM-00051_11/volumes/brain_mask.nii.gz	311543
upenn-gbm/UPENN-GBM-00051_11/volumes/tumor_seg.nii.gz	184054
upenn-gbm/UPENN-GBM-00052_11/preprocessing_metadata.json	1737
upenn-gbm/UPENN-GBM-00052_11/volumes/FLAIR.nii.gz	6451893
upenn-gbm/UPENN-GBM-00052_11/volumes/T1.nii.gz	6403977
upenn-gbm/UPENN-GBM-00052_11/volumes/T1c.nii.gz	6455448
upenn-gbm/UPENN-GBM-00052_11/volumes/T2.nii.gz	6394415
upenn-gbm/UPENN-GBM-00052_11/volumes/brain_mask.nii.gz	313348
upenn-gbm/UPENN-GBM-00052_11/volumes/tumor_seg.nii.gz	218536
upenn-gbm/UPENN-GBM-00053_11/preprocessing_metadata.json	1719
upenn-gbm/UPENN-GBM-00053_11/volumes/FLAIR.nii.gz	5887050
upenn-gbm/UPENN-GBM-00053_11/volumes/T1.nii.gz	5865942
upenn-gbm/UPENN-GBM-00053_11/volumes/T1c.nii.gz	5895276
upenn-gbm/UPENN-GBM-00053_11/volumes/T2.nii.gz	5833732
upenn-gbm/UPENN-GBM-00053_11/volumes/brain_mask.nii.gz	309210
upenn-gbm/UPENN-GBM-00053_11/volumes/tumor_seg.nii.gz	245099
upenn-gbm/UPENN-GBM-00054_11/preprocessing_metadata.json	1728
upenn-gbm/UPENN-GBM-00054_11/volumes/FLAIR.nii.gz	6017855
upenn-gbm/UPENN-GBM-00054_11/volumes/T1.nii.gz	6018155
upenn-gbm/UPENN-GBM-00054_11/volumes/T1c.nii.gz	6041606
upenn-gbm/UPENN-GBM-00054_11/volumes/T2.nii.gz	6000600
upenn-gbm/UPENN-GBM-00054_11/volumes/brain_mask.nii.gz	310986
upenn-gbm/UPENN-GBM-00054_11/volumes/tumor_seg.nii.gz	233805
upenn-gbm/UPENN-GBM-00055_11/preprocessing_metadata.json	1740
upenn-gbm/UPENN-GBM-00055_11/volumes/FLAIR.nii.gz	6116790
upenn-gbm/UPENN-GBM-00055_11/volumes/T1.nii.gz	6070997
upenn-gbm/UPENN-GBM-00055_11/volumes/T1c.nii.gz	6120303
upenn-gbm/UPENN-GBM-00055_11/volumes/T2.nii.gz	6071464
upenn-gbm/UPENN-GBM-00055_11/volumes/brain_mask.nii.gz	307917
upenn-gbm/UPENN-GBM-00055_11/volumes/tumor_seg.nii.gz	192791
upenn-gbm/UPENN-GBM-00056_11/preprocessing_metadata.json	1739
upenn-gbm/UPENN-GBM-00056_11/volumes/FLAIR.nii.gz	5171376
upenn-gbm/UPENN-GBM-00056_11/volumes/T1.nii.gz	5148803
upenn-gbm/UPENN-GBM-00056_11/volumes/T1c.nii.gz	5178602
upenn-gbm/UPENN-GBM-00056_11/volumes/T2.nii.gz	5090781
upenn-gbm/UPENN-GBM-00056_11/volumes/brain_mask.nii.gz	296296
upenn-gbm/UPENN-GBM-00056_11/volumes/tumor_seg.nii.gz	205751
upenn-gbm/UPENN-GBM-00057_11/preprocessing_metadata.json	1740
upenn-gbm/UPENN-GBM-00057_11/volumes/FLAIR.nii.gz	6431680
upenn-gbm/UPENN-GBM-00057_11/volumes/T1.nii.gz	6362579
upenn-gbm/UPENN-GBM-00057_11/volumes/T1c.nii.gz	6420101
upenn-gbm/UPENN-GBM-00057_11/volumes/T2.nii.gz	6361936
upenn-gbm/UPENN-GBM-00057_11/volumes/brain_mask.nii.gz	314179
upenn-gbm/UPENN-GBM-00057_11/volumes/tumor_seg.nii.gz	221374
upenn-gbm/UPENN-GBM-00058_11/preprocessing_metadata.json	1741
upenn-gbm/UPENN-GBM-00058_11/volumes/FLAIR.nii.gz	5979445
upenn-gbm/UPENN-GBM-00058_11/volumes/T1.nii.gz	5945111
upenn-gbm/UPENN-GBM-00058_11/volumes/T1c.nii.gz	5981056
upenn-gbm/UPENN-GBM-00058_11/volumes/T2.nii.gz	5945736
upenn-gbm/UPENN-GBM-00058_11/volumes/brain_mask.nii.gz	310959
upenn-gbm/UPENN-GBM-00058_11/volumes/tumor_seg.nii.gz	216763
upenn-gbm/UPENN-GBM-00059_11/preprocessing_metadata.json	1714
upenn-gbm/UPENN-GBM-00059_11/volumes/FLAIR.nii.gz	6095458
upenn-gbm/UPENN-GBM-00059_11/volumes/T1.nii.gz	6049335
upenn-gbm/UPENN-GBM-00059_11/volumes/T1c.nii.gz	6093109
upenn-gbm/UPENN-GBM-00059_11/volumes/T2.nii.gz	6069801
upenn-gbm/UPENN-GBM-00059_11/volumes/brain_mask.nii.gz	307514
upenn-gbm/UPENN-GBM-00059_11/volumes/tumor_seg.nii.gz	229871
upenn-gbm/UPENN-GBM-00060_11/preprocessing_metadata.json	1731
upenn-gbm/UPENN-GBM-00060_11/volumes/FLAIR.nii.gz	6276957
upenn-gbm/UPENN-GBM-00060_11/volumes/T1.nii.gz	6240496
upenn-gbm/UPENN-GBM-00060_11/volumes/T1c.nii.gz	6279064
upenn-gbm/UPENN-GBM-00060_11/volumes/T2.nii.gz	6240730
upenn-gbm/UPENN-GBM-00060_11/volumes/brain_mask.nii.gz	315862
upenn-gbm/UPENN-GBM-00060_11/volumes/tumor_seg.nii.gz	211473
upenn-gbm/UPENN-GBM-00061_11/preprocessing_metadata.json	1735
upenn-gbm/UPENN-GBM-00061_11/volumes/FLAIR.nii.gz	5664645
upenn-gbm/UPENN-GBM-00061_11/volumes/T1.nii.gz	5624617
upenn-gbm/UPENN-GBM-00061_11/volumes/T1c.nii.gz	5653744
upenn-gbm/UPENN-GBM-00061_11/volumes/T2.nii.gz	5617578
upenn-gbm/UPENN-GBM-00061_11/volumes/brain_mask.nii.gz	299384
upenn-gbm/UPENN-GBM-00061_11/volumes/tumor_seg.nii.gz	173951
upenn-gbm/UPENN-GBM-00062_11/preprocessing_metadata.json	1723
upenn-gbm/UPENN-GBM-00062_11/volumes/FLAIR.nii.gz	6352145
upenn-gbm/UPENN-GBM-00062_11/volumes/T1.nii.gz	6292514
upenn-gbm/UPENN-GBM-00062_11/volumes/T1c.nii.gz	6331780
upenn-gbm/UPENN-GBM-00062_11/volumes/T2.nii.gz	6301578
upenn-gbm/UPENN-GBM-00062_11/volumes/brain_mask.nii.gz	313608
upenn-gbm/UPENN-GBM-00062_11/volumes/tumor_seg.nii.gz	195214
upenn-gbm/UPENN-GBM-00063_11/preprocessing_metadata.json	1742
upenn-gbm/UPENN-GBM-00063_11/volumes/FLAIR.nii.gz	5112752
upenn-gbm/UPENN-GBM-00063_11/volumes/T1.nii.gz	5104143
upenn-gbm/UPENN-GBM-00063_11/volumes/T1c.nii.gz	5141508
upenn-gbm/UPENN-GBM-00063_11/volumes/T2.nii.gz	5090888
upenn-gbm/UPENN-GBM-00063_11/volumes/brain_mask.nii.gz	289709
upenn-gbm/UPENN-GBM-00063_11/volumes/tumor_seg.nii.gz	231534
upenn-gbm/UPENN-GBM-00064_11/preprocessing_metadata.json	1720
upenn-gbm/UPENN-GBM-00064_11/volumes/FLAIR.nii.gz	4975928
upenn-gbm/UPENN-GBM-00064_11/volumes/T1.nii.gz	4925556
upenn-gbm/UPENN-GBM-00064_11/volumes/T1c.nii.gz	4959982
upenn-gbm/UPENN-GBM-00064_11/volumes/T2.nii.gz	4939896
upenn-gbm/UPENN-GBM-00064_11/volumes/brain_mask.nii.gz	281415
upenn-gbm/UPENN-GBM-00064_11/volumes/tumor_seg.nii.gz	201743
upenn-gbm/UPENN-GBM-00065_11/preprocessing_metadata.json	1739
upenn-gbm/UPENN-GBM-00065_11/volumes/FLAIR.nii.gz	5814003
upenn-gbm/UPENN-GBM-00065_11/volumes/T1.nii.gz	5801642
upenn-gbm/UPENN-GBM-00065_11/volumes/T1c.nii.gz	5828155
upenn-gbm/UPENN-GBM-00065_11/volumes/T2.nii.gz	5770377
upenn-gbm/UPENN-GBM-00065_11/volumes/brain_mask.nii.gz	298570
upenn-gbm/UPENN-GBM-00065_11/volumes/tumor_seg.nii.gz	248900
upenn-gbm/UPENN-GBM-00066_11/preprocessing_metadata.json	1726
upenn-gbm/UPENN-GBM-00066_11/volumes/FLAIR.nii.gz	5196525
upenn-gbm/UPENN-GBM-00066_11/volumes/T1.nii.gz	5155532
upenn-gbm/UPENN-GBM-00066_11/volumes/T1c.nii.gz	5189262
upenn-gbm/UPENN-GBM-00066_11/volumes/T2.nii.gz	5161918
upenn-gbm/UPENN-GBM-00066_11/volumes/brain_mask.nii.gz	289333
upenn-gbm/UPENN-GBM-00066_11/volumes/tumor_seg.nii.gz	189440
upenn-gbm/UPENN-GBM-00067_11/preprocessing_metadata.json	1741
upenn-gbm/UPENN-GBM-00067_11/volumes/FLAIR.nii.gz	5365855
upenn-gbm/UPENN-GBM-00067_11/volumes/T1.nii.gz	5325415
upenn-gbm/UPENN-GBM-00067_11/volumes/T1c.nii.gz	5363433
upenn-gbm/UPENN-GBM-00067_11/volumes/T2.nii.gz	5309197
upenn-gbm/UPENN-GBM-00067_11/volumes/brain_mask.nii.gz	299636
upenn-gbm/UPENN-GBM-00067_11/volumes/tumor_seg.nii.gz	200888
upenn-gbm/UPENN-GBM-00068_11/preprocessing_metadata.json	1736
upenn-gbm/UPENN-GBM-00068_11/volumes/FLAIR.nii.gz	6375218
upenn-gbm/UPENN-GBM-00068_11/volumes/T1.nii.gz	6335446
upenn-gbm/UPENN-GBM-00068_11/volumes/T1c.nii.gz	6363580
upenn-gbm/UPENN-GBM-00068_11/volumes/T2.nii.gz	6303230
upenn-gbm/UPENN-GBM-00068_11/volumes/brain_mask.nii.gz	313641
upenn-gbm/UPENN-GBM-00068_11/volumes/tumor_seg.nii.gz	239423
upenn-gbm/UPENN-GBM-00069_11/preprocessing_metadata.json	1712
upenn-gbm/UPENN-GBM-00069_11/volumes/FLAIR.nii.gz	6391757
upenn-gbm/UPENN-GBM-00069_11/volumes/T1.nii.gz	6382139
upenn-gbm/UPENN-GBM-00069_11/volumes/T1c.nii.gz	6436114
upenn-gbm/UPENN-GBM-00069_11/volumes/T2.nii.gz	6391714
upenn-gbm/UPENN-GBM-00069_11/volumes/brain_mask.nii.gz	321376
upenn-gbm/UPENN-GBM-00069_11/volumes/tumor_seg.nii.gz	220977
upenn-gbm/UPENN-GBM-00070_11/preprocessing_metadata.json	1741
upenn-gbm/UPENN-GBM-00070_11/volumes/FLAIR.nii.gz	4679248
upenn-gbm/UPENN-GBM-00070_11/volumes/T1.nii.gz	4635143
upenn-gbm/UPENN-GBM-00070_11/volumes/T1c.nii.gz	4686909
upenn-gbm/UPENN-GBM-00070_11/volumes/T2.nii.gz	4647241
upenn-gbm/UPENN-GBM-00070_11/volumes/brain_mask.nii.gz	279306
upenn-gbm/UPENN-GBM-00070_11/volumes/tumor_seg.nii.gz	169370
upenn-gbm/UPENN-GBM-00071_11/preprocessing_metadata.json	1735
upenn-gbm/UPENN-GBM-00071_11/volumes/FLAIR.nii.gz	5179807
upenn-gbm/UPENN-GBM-00071_11/volumes/T1.nii.gz	5171367
upenn-gbm/UPENN-GBM-00071_11/volumes/T1c.nii.gz	5194170
upenn-gbm/UPENN-GBM-00071_11/volumes/T2.nii.gz	5175897
upenn-gbm/UPENN-GBM-00071_11/volumes/brain_mask.nii.gz	288758
upenn-gbm/UPENN-GBM-00071_11/volumes/tumor_seg.nii.gz	221726
upenn-gbm/UPENN-GBM-00072_11/preprocessing_metadata.json	1738
upenn-gbm/UPENN-GBM-00072_11/volumes/FLAIR.nii.gz	6099685
upenn-gbm/UPENN-GBM-00072_11/volumes/T1.nii.gz	6052755
upenn-gbm/UPENN-GBM-00072_11/volumes/T1c.nii.gz	6090164
upenn-gbm/UPENN-GBM-00072_11/volumes/T2.nii.gz	6032101
upenn-gbm/UPENN-GBM-00072_11/volumes/brain_mask.nii.gz	315937
upenn-gbm/UPENN-GBM-00072_11/volumes/tumor_seg.nii.gz	215820
upenn-gbm/UPENN-GBM-00073_11/preprocessing_metadata.json	1709
upenn-gbm/UPENN-GBM-00073_11/volumes/FLAIR.nii.gz	5268308
upenn-gbm/UPENN-GBM-00073_11/volumes/T1.nii.gz	5233356
upenn-gbm/UPENN-GBM-00073_11/volumes/T1c.nii.gz	5267367
upenn-gbm/UPENN-GBM-00073_11/volumes/T2.nii.gz	5238810
upenn-gbm/UPENN-GBM-00073_11/volumes/brain_mask.nii.gz	295187
upenn-gbm/UPENN-GBM-00073_11/volumes/tumor_seg.nii.gz	191973
upenn-gbm/UPENN-GBM-00074_11/preprocessing_metadata.json	1736
upenn-gbm/UPENN-GBM-00074_11/volumes/FLAIR.nii.gz	6239101
upenn-gbm/UPENN-GBM-00074_11/volumes/T1.nii.gz	6192988
upenn-gbm/UPENN-GBM-00074_11/volumes/T1c.nii.gz	6244082
upenn-gbm/UPENN-GBM-00074_11/volumes/T2.nii.gz	6210463
upenn-gbm/UPENN-GBM-00074_11/volumes/brain_mask.nii.gz	313714
upenn-gbm/UPENN-GBM-00074_11/volumes/tumor_seg.nii.gz	196096
upenn-gbm/UPENN-GBM-00075_11/preprocessing_metadata.json	1708
upenn-gbm/UPENN-GBM-00075_11/volumes/FLAIR.nii.gz	5534507
upenn-gbm/UPENN-GBM-00075_11/volumes/T1.nii.gz	5494101
upenn-gbm/UPENN-GBM-00075_11/volumes/T1c.nii.gz	5538263
upenn-gbm/UPENN-GBM-00075_11/volumes/T2.nii.gz	5499883
upenn-gbm/UPENN-GBM-00075_11/volumes/brain_mask.nii.gz	300478
upenn-gbm/UPENN-GBM-00075_11/volumes/tumor_seg.nii.gz	180694
upenn-gbm/UPENN-GBM-00076_11/preprocessing_metadata.json	1710
upenn-gbm/UPENN-GBM-00076_11/volumes/FLAIR.nii.gz	6124365
upenn-gbm/UPENN-GBM-00076_11/volumes/T1.nii.gz	6093478
upenn-gbm/UPENN-GBM-00076_11/volumes/T1c.nii.gz	6130985
upenn-gbm/UPENN-GBM-00076_11/volumes/T2.nii.gz	6087057
upenn-gbm/UPENN-GBM-00076_11/volumes/brain_mask.nii.gz	312165
upenn-gbm/UPENN-GBM-00076_11/volumes/tumor_seg.nii.gz	250457
upenn-gbm/UPENN-GBM-00077_11/preprocessing_metadata.json	1727
upenn-gbm/UPENN-GBM-00077_11/volumes/FLAIR.nii.gz	5757685
upenn-gbm/UPENN-GBM-00077_11/volumes/T1.nii.gz	5766811
upenn-gbm/UPENN-GBM-00077_11/volumes/T1c.nii.gz	5796412
upenn-gbm/UPENN-GBM-00077_11/volumes/T2.nii.gz	5743858
upenn-gbm/UPENN-GBM-00077_11/volumes/brain_mask.nii.gz	307879
upenn-gbm/UPENN-GBM-00077_11/volumes/tumor_seg.nii.gz	249127
upenn-gbm/UPENN-GBM-00078_11/preprocessing_metadata.json	1734
upenn-gbm/UPENN-GBM-00078_11/volumes/FLAIR.nii.gz	6125799
upenn-gbm/UPENN-GBM-00078_11/volumes/T1.nii.gz	6055125
upenn-gbm/UPENN-GBM-00078_11/volumes/T1c.nii.gz	6109376
upenn-gbm/UPENN-GBM-00078_11/volumes/T2.nii.gz	6043808
upenn-gbm/UPENN-GBM-00078_11/volumes/brain_mask.nii.gz	304475
upenn-gbm/UPENN-GBM-00078_11/volumes/tumor_seg.nii.gz	200492
upenn-gbm/UPENN-GBM-00079_11/preprocessing_metadata.json	1741
upenn-gbm/UPENN-GBM-00079_11/volumes/FLAIR.nii.gz	5431555
upenn-gbm/UPENN-GBM-00079_11/volumes/T1.nii.gz	5401785
upenn-gbm/UPENN-GBM-00079_11/volumes/T1c.nii.gz	5442760
upenn-gbm/UPENN-GBM-00079_11/volumes/T2.nii.gz	5400507
upenn-gbm/UPENN-GBM-00079_11/volumes/brain_mask.nii.gz	294462
upenn-gbm/UPENN-GBM-00079_11/volumes/tumor_seg.nii.gz	236996
upenn-gbm/UPENN-GBM-00080_11/preprocessing_metadata.json	1723
upenn-gbm/UPENN-GBM-00080_11/volumes/FLAIR.nii.gz	4964311
upenn-gbm/UPENN-GBM-00080_11/volumes/T1.nii.gz	4933970
upenn-gbm/UPENN-GBM-00080_11/volumes/T1c.nii.gz	4965475
upenn-gbm/UPENN-GBM-00080_11/volumes/T2.nii.gz	4941470
upenn-gbm/UPENN-GBM-00080_11/volumes/brain_mask.nii.gz	272380
upenn-gbm/UPENN-GBM-00080_11/volumes/tumor_seg.nii.gz	184069
upenn-gbm/UPENN-GBM-00081_11/preprocessing_metadata.json	1739
upenn-gbm/UPENN-GBM-00081_11/volumes/FLAIR.nii.gz	6578934
upenn-gbm/UPENN-GBM-00081_11/volumes/T1.nii.gz	6510848
upenn-gbm/UPENN-GBM-00081_11/volumes/T1c.nii.gz	6567946
upenn-gbm/UPENN-GBM-00081_11/volumes/T2.nii.gz	6534870
upenn-gbm/UPENN-GBM-00081_11/volumes/brain_mask.nii.gz	321813
upenn-gbm/UPENN-GBM-00081_11/volumes/tumor_seg.nii.gz	208881
upenn-gbm/UPENN-GBM-00082_11/preprocessing_metadata.json	1729
upenn-gbm/UPENN-GBM-00082_11/volumes/FLAIR.nii.gz	6229521
upenn-gbm/UPENN-GBM-00082_11/volumes/T1.nii.gz	6198614
upenn-gbm/UPENN-GBM-00082_11/volumes/T1c.nii.gz	6237512
upenn-gbm/UPENN-GBM-00082_11/volumes/T2.nii.gz	6203179
upenn-gbm/UPENN-GBM-00082_11/volumes/brain_mask.nii.gz	318474
upenn-gbm/UPENN-GBM-00082_11/volumes/tumor_seg.nii.gz	204535
upenn-gbm/UPENN-GBM-00083_11/preprocessing_metadata.json	1724
upenn-gbm/UPENN-GBM-00083_11/volumes/FLAIR.nii.gz	5043122
upenn-gbm/UPENN-GBM-00083_11/volumes/T1.nii.gz	5006277
upenn-gbm/UPENN-GBM-00083_11/volumes/T1c.nii.gz	5054357
upenn-gbm/UPENN-GBM-00083_11/volumes/T2.nii.gz	4995761
upenn-gbm/UPENN-GBM-00083_11/volumes/brain_mask.nii.gz	281288
upenn-gbm/UPENN-GBM-00083_11/volumes/tumor_seg.nii.gz	185088
upenn-gbm/UPENN-GBM-00084_11/preprocessing_metadata.json	1728
upenn-gbm/UPENN-GBM-00084_11/volumes/FLAIR.nii.gz	6257329
upenn-gbm/UPENN-GBM-00084_11/volumes/T1.nii.gz	6262196
upenn-gbm/UPENN-GBM-00084_11/volumes/T1c.nii.gz	6292575
upenn-gbm/UPENN-GBM-00084_11/volumes/T2.nii.gz	6246757
upenn-gbm/UPENN-GBM-00084_11/volumes/brain_mask.nii.gz	309709
upenn-gbm/UPENN-GBM-00084_11/volumes/tumor_seg.nii.gz	244189
upenn-gbm/UPENN-GBM-00085_11/preprocessing_metadata.json	1737
upenn-gbm/UPENN-GBM-00085_11/volumes/FLAIR.nii.gz	5783789
upenn-gbm/UPENN-GBM-00085_11/volumes/T1.nii.gz	5751459
upenn-gbm/UPENN-GBM-00085_11/volumes/T1c.nii.gz	5782033
upenn-gbm/UPENN-GBM-00085_11/volumes/T2.nii.gz	5765059
upenn-gbm/UPENN-GBM-00085_11/volumes/brain_mask.nii.gz	305087
upenn-gbm/UPENN-GBM-00085_11/volumes/tumor_seg.nii.gz	190149
upenn-gbm/UPENN-GBM-00086_11/preprocessing_metadata.json	1725
upenn-gbm/UPENN-GBM-00086_11/volumes/FLAIR.nii.gz	5661467
upenn-gbm/UPENN-GBM-00086_11/volumes/T1.nii.gz	5624802
upenn-gbm/UPENN-GBM-00086_11/volumes/T1c.nii.gz	5666332
upenn-gbm/UPENN-GBM-00086_11/volumes/T2.nii.gz	5620831
upenn-gbm/UPENN-GBM-00086_11/volumes/brain_mask.nii.gz	292794
upenn-gbm/UPENN-GBM-00086_11/volumes/tumor_seg.nii.gz	218502
upenn-gbm/UPENN-GBM-00087_11/preprocessing_metadata.json	1734
upenn-gbm/UPENN-GBM-00087_11/volumes/FLAIR.nii.gz	5651443
upenn-gbm/UPENN-GBM-00087_11/volumes/T1.nii.gz	5603250
upenn-gbm/UPENN-GBM-00087_11/volumes/T1c.nii.gz	5644200
upenn-gbm/UPENN-GBM-00087_11/volumes/T2.nii.gz	5599254
upenn-gbm/UPENN-GBM-00087_11/volumes/brain_mask.nii.gz	306814
upenn-gbm/UPENN-GBM-00087_11/volumes/tumor_seg.nii.gz	187278
upenn-gbm/UPENN-GBM-00088_11/preprocessing_metadata.json	1721
upenn-gbm/UPENN-GBM-00088_11/volumes/FLAIR.nii.gz	6026836
upenn-gbm/UPENN-GBM-00088_11/volumes/T1.nii.gz	5998219
upenn-gbm/UPENN-GBM-00088_11/volumes/T1c.nii.gz	6038225
upenn-gbm/UPENN-GBM-00088_11/volumes/T2.nii.gz	6002241
upenn-gbm/UPENN-GBM-00088_11/volumes/brain_mask.nii.gz	312123
upenn-gbm/UPENN-GBM-00088_11/volumes/tumor_seg.nii.gz	218168
upenn-gbm/UPENN-GBM-00089_11/preprocessing_metadata.json	1722
upenn-gbm/UPENN-GBM-00089_11/volumes/FLAIR.nii.gz	6335089
upenn-gbm/UPENN-GBM-00089_11/volumes/T1.nii.gz	6282900
upenn-gbm/UPENN-GBM-00089_11/volumes/T1c.nii.gz	6325179
upenn-gbm/UPENN-GBM-00089_11/volumes/T2.nii.gz	6260584
upenn-gbm/UPENN-GBM-00089_11/volumes/brain_mask.nii.gz	312739
upenn-gbm/UPENN-GBM-00089_11/volumes/tumor_seg.nii.gz	243084
upenn-gbm/UPENN-GBM-00090_11/preprocessing_metadata.json	1738
upenn-gbm/UPENN-GBM-00090_11/volumes/FLAIR.nii.gz	5748440
upenn-gbm/UPENN-GBM-00090_11/volumes/T1.nii.gz	5719502
upenn-gbm/UPENN-GBM-00090_11/volumes/T1c.nii.gz	5737231
upenn-gbm/UPENN-GBM-00090_11/volumes/T2.nii.gz	5694708
upenn-gbm/UPENN-GBM-00090_11/volumes/brain_mask.nii.gz	302961
upenn-gbm/UPENN-GBM-00090_11/volumes/tumor_seg.nii.gz	183550
upenn-gbm/UPENN-GBM-00091_11/preprocessing_metadata.json	1711
upenn-gbm/UPENN-GBM-00091_11/volumes/FLAIR.nii.gz	6087803
upenn-gbm/UPENN-GBM-00091_11/volumes/T1.nii.gz	6026118
upenn-gbm/UPENN-GBM-00091_11/volumes/T1c.nii.gz	6084050
upenn-gbm/UPENN-GBM-00091_11/volumes/T2.nii.gz	6032415
upenn-gbm/UPENN-GBM-00091_11/volumes/brain_mask.nii.gz	307409
upenn-gbm/UPENN-GBM-00091_11/volumes/tumor_seg.nii.gz	205484
upenn-gbm/UPENN-GBM-00092_11/preprocessing_metadata.json	1740
upenn-gbm/UPENN-GBM-00092_11/volumes/FLAIR.nii.gz	5038678
upenn-gbm/UPENN-GBM-00092_11/volumes/T1.nii.gz	5002740
upenn-gbm/UPENN-GBM-00092_11/volumes/T1c.nii.gz	5043426
upenn-gbm/UPENN-GBM-00092_11/volumes/T2.nii.gz	4986474
upenn-gbm/UPENN-GBM-00092_11/volumes/brain_mask.nii.gz	285677
upenn-gbm/UPENN-GBM-00092_11/volumes/tumor_seg.nii.gz	183183
upenn-gbm/UPENN-GBM-00093_11/preprocessing_metadata.json	1723
upenn-gbm/UPENN-GBM-00093_11/volumes/FLAIR.nii.gz	6082565
upenn-gbm/UPENN-GBM-00093_11/volumes/T1.nii.gz	6056708
upenn-gbm/UPENN-GBM-00093_11/volumes/T1c.nii.gz	6097833
upenn-gbm/UPENN-GBM-00093_11/volumes/T2.nii.gz	6074753
upenn-gbm/UPENN-GBM-00093_11/volumes/brain_mask.nii.gz	304694
upenn-gbm/UPENN-GBM-00093_11/volumes/tumor_seg.nii.gz	216574
upenn-gbm/UPENN-GBM-00094_11/preprocessing_metadata.json	1736
upenn-gbm/UPENN-GBM-00094_11/volumes/FLAIR.nii.gz	5711312
upenn-gbm/UPENN-GBM-00094_11/volumes/T1.nii.gz	5666693
upenn-gbm/UPENN-GBM-00094_11/volumes/T1c.nii.gz	5694374
upenn-gbm/UPENN-GBM-00094_11/volumes/T2.nii.gz	5631833
upenn-gbm/UPENN-GBM-00094_11/volumes/brain_mask.nii.gz	295670
upenn-gbm/UPENN-GBM-00094_11/volumes/tumor_seg.nii.gz	207730
upenn-gbm/UPENN-GBM-00095_11/preprocessing_metadata.json	1741
upenn-gbm/UPENN-GBM-00095_11/volumes/FLAIR.nii.gz	6340687
upenn-gbm/UPENN-GBM-00095_11/volumes/T1.nii.gz	6283009
upenn-gbm/UPENN-GBM-00095_11/volumes/T1c.nii.gz	6333996
upenn-gbm/UPENN-GBM-00095_11/volumes/T2.nii.gz	6284877
upenn-gbm/UPENN-GBM-00095_11/volumes/brain_mask.nii.gz	313726
upenn-gbm/UPENN-GBM-00095_11/volumes/tumor_seg.nii.gz	217130
upenn-gbm/UPENN-GBM-00096_11/preprocessing_metadata.json	1723
upenn-gbm/UPENN-GBM-00096_11/volumes/FLAIR.nii.gz	4884978
upenn-gbm/UPENN-GBM-00096_11/volumes/T1.nii.gz	4834786
upenn-gbm/UPENN-GBM-00096_11/volumes/T1c.nii.gz	4870906
upenn-gbm/UPENN-GBM-00096_11/volumes/T2.nii.gz	4856546
upenn-gbm/UPENN-GBM-00096_11/volumes/brain_mask.nii.gz	274832
upenn-gbm/UPENN-GBM-00096_11/volumes/tumor_seg.nii.gz	193474
upenn-gbm/UPENN-GBM-00097_11/preprocessing_metadata.json	1736
upenn-gbm/UPENN-GBM-00097_11/volumes/FLAIR.nii.gz	6031681
upenn-gbm/UPENN-GBM-00097_11/volumes/T1.nii.gz	5977701
upenn-gbm/UPENN-GBM-00097_11/volumes/T1c.nii.gz	6022564
upenn-gbm/UPENN-GBM-00097_11/volumes/T2.nii.gz	5976879
upenn-gbm/UPENN-GBM-00097_11/volumes/brain_mask.nii.gz	305309
upenn-gbm/UPENN-GBM-00097_11/volumes/tumor_seg.nii.gz	183268
upenn-gbm/UPENN-GBM-00098_11/preprocessing_metadata.json	1728
upenn-gbm/UPENN-GBM-00098_11/volumes/FLAIR.nii.gz	5081511
upenn-gbm/UPENN-GBM-00098_11/volumes/T1.nii.gz	5022866
upenn-gbm/UPENN-GBM-00098_11/volumes/T1c.nii.gz	5067347
upenn-gbm/UPENN-GBM-00098_11/volumes/T2.nii.gz	5039234
upenn-gbm/UPENN-GBM-00098_11/volumes/brain_mask.nii.gz	278716
upenn-gbm/UPENN-GBM-00098_11/volumes/tumor_seg.nii.gz	180782
upenn-gbm/UPENN-GBM-00099_11/preprocessing_metadata.json	1734
upenn-gbm/UPENN-GBM-00099_11/volumes/FLAIR.nii.gz	6320126
upenn-gbm/UPENN-GBM-00099_11/volumes/T1.nii.gz	6298090
upenn-gbm/UPENN-GBM-00099_11/volumes/T1c.nii.gz	6345934
upenn-gbm/UPENN-GBM-00099_11/volumes/T2.nii.gz	6285105
upenn-gbm/UPENN-GBM-00099_11/volumes/brain_mask.nii.gz	312808
upenn-gbm/UPENN-GBM-00099_11/volumes/tumor_seg.nii.gz	215921
upenn-gbm/UPENN-GBM-00100_11/preprocessing_metadata.json	1726
upenn-gbm/UPENN-GBM-00100_11/volumes/FLAIR.nii.gz	6736475
upenn-gbm/UPENN-GBM-00100_11/volumes/T1.nii.gz	6703597
upenn-gbm/UPENN-GBM-00100_11/volumes/T1c.nii.gz	6757576
upenn-gbm/UPENN-GBM-00100_11/volumes/T2.nii.gz	6728819
upenn-gbm/UPENN-GBM-00100_11/volumes/brain_mask.nii.gz	324307
upenn-gbm/UPENN-GBM-00100_11/volumes/tumor_seg.nii.gz	245283
upenn-gbm/UPENN-GBM-00101_11/preprocessing_metadata.json	1722
upenn-gbm/UPENN-GBM-00101_11/volumes/FLAIR.nii.gz	5669428
upenn-gbm/UPENN-GBM-00101_11/volumes/T1.nii.gz	5623419
upenn-gbm/UPENN-GBM-00101_11/volumes/T1c.nii.gz	5653540
upenn-gbm/UPENN-GBM-00101_11/volumes/T2.nii.gz	5621328
upenn-gbm/UPENN-GBM-00101_11/volumes/brain_mask.nii.gz	301018
upenn-gbm/UPENN-GBM-00101_11/volumes/tumor_seg.nii.gz	209408
upenn-gbm/UPENN-GBM-00102_11/preprocessing_metadata.json	1722
upenn-gbm/UPENN-GBM-00102_11/volumes/FLAIR.nii.gz	6299683
upenn-gbm/UPENN-GBM-00102_11/volumes/T1.nii.gz	6237909
upenn-gbm/UPENN-GBM-00102_11/volumes/T1c.nii.gz	6283279
upenn-gbm/UPENN-GBM-00102_11/volumes/T2.nii.gz	6243274
upenn-gbm/UPENN-GBM-00102_11/volumes/brain_mask.nii.gz	316279
upenn-gbm/UPENN-GBM-00102_11/volumes/tumor_seg.nii.gz	181760
upenn-gbm/UPENN-GBM-00103_11/preprocessing_metadata.json	1738
upenn-gbm/UPENN-GBM-00103_11/volumes/FLAIR.nii.gz	4778100
upenn-gbm/UPENN-GBM-00103_11/volumes/T1.nii.gz	4752382
upenn-gbm/UPENN-GBM-00103_11/volumes/T1c.nii.gz	4781422
upenn-gbm/UPENN-GBM-00103_11/volumes/T2.nii.gz	4743996
upenn-gbm/UPENN-GBM-00103_11/volumes/brain_mask.nii.gz	276259
upenn-gbm/UPENN-GBM-00103_11/volumes/tumor_seg.nii.gz	197509
upenn-gbm/UPENN-GBM-00104_11/preprocessing_metadata.json	1738
upenn-gbm/UPENN-GBM-00104_11/volumes/FLAIR.nii.gz	5740956
upenn-gbm/UPENN-GBM-00104_11/volumes/T1.nii.gz	5682318
upenn-gbm/UPENN-GBM-00104_11/volumes/T1c.nii.gz	5732431
upenn-gbm/UPENN-GBM-00104_11/volumes/T2.nii.gz	5684402
upenn-gbm/UPENN-GBM-00104_11/volumes/brain_mask.nii.gz	304660
upenn-gbm/UPENN-GBM-00104_11/volumes/tumor_seg.nii.gz	246528
upenn-gbm/UPENN-GBM-00105_11/preprocessing_metadata.json	1724
upenn-gbm/UPENN-GBM-00105_11/volumes/FLAIR.nii.gz	4883697
upenn-gbm/UPENN-GBM-00105_11/volumes/T1.nii.gz	4845858
upenn-gbm/UPENN-GBM-00105_11/volumes/T1c.nii.gz	4880367
upenn-gbm/UPENN-GBM-00105_11/volumes/T2.nii.gz	4835142
upenn-gbm/UPENN-GBM-00105_11/volumes/brain_mask.nii.gz	287020
upenn-gbm/UPENN-GBM-00105_11/volumes/tumor_seg.nii.gz	191088
upenn-gbm/UPENN-GBM-00106_11/preprocessing_metadata.json	1725
upenn-gbm/UPENN-GBM-00106_11/volumes/FLAIR.nii.gz	4605247
upenn-gbm/UPENN-GBM-00106_11/volumes/T1.nii.gz	4583263
upenn-gbm/UPENN-GBM-00106_11/volumes/T1c.nii.gz	4579200
upenn-gbm/UPENN-GBM-00106_11/volumes/T2.nii.gz	4564055
upenn-gbm/UPENN-GBM-00106_11/volumes/brain_mask.nii.gz	282658
upenn-gbm/UPENN-GBM-00106_11/volumes/tumor_seg.nii.gz	169586
upenn-gbm/UPENN-GBM-00107_11/preprocessing_metadata.json	1724
upenn-gbm/UPENN-GBM-00107_11/volumes/FLAIR.nii.gz	6067702
upenn-gbm/UPENN-GBM-00107_11/volumes/T1.nii.gz	6034734
upenn-gbm/UPENN-GBM-00107_11/volumes/T1c.nii.gz	6066327
upenn-gbm/UPENN-GBM-00107_11/volumes/T2.nii.gz	6035637
upenn-gbm/UPENN-GBM-00107_11/volumes/brain_mask.nii.gz	314820
upenn-gbm/UPENN-GBM-00107_11/volumes/tumor_seg.nii.gz	223812
upenn-gbm/UPENN-GBM-00108_11/preprocessing_metadata.json	1710
upenn-gbm/UPENN-GBM-00108_11/volumes/FLAIR.nii.gz	6298561
upenn-gbm/UPENN-GBM-00108_11/volumes/T1.nii.gz	6252697
upenn-gbm/UPENN-GBM-00108_11/volumes/T1c.nii.gz	6283951
upenn-gbm/UPENN-GBM-00108_11/volumes/T2.nii.gz	6239769
upenn-gbm/UPENN-GBM-00108_11/volumes/brain_mask.nii.gz	320799
upenn-gbm/UPENN-GBM-00108_11/volumes/tumor_seg.nii.gz	226538
upenn-gbm/UPENN-GBM-00109_11/preprocessing_metadata.json	1723
upenn-gbm/UPENN-GBM-00109_11/volumes/FLAIR.nii.gz	6442977
upenn-gbm/UPENN-GBM-00109_11/volumes/T1.nii.gz	6423553
upenn-gbm/UPENN-GBM-00109_11/volumes/T1c.nii.gz	6465336
upenn-gbm/UPENN-GBM-00109_11/volumes/T2.nii.gz	6419846
upenn-gbm/UPENN-GBM-00109_11/volumes/brain_mask.nii.gz	318522
upenn-gbm/UPENN-GBM-00109_11/volumes/tumor_seg.nii.gz	226696
upenn-gbm/UPENN-GBM-00110_11/preprocessing_metadata.json	1727
upenn-gbm/UPENN-GBM-00110_11/volumes/FLAIR.nii.gz	6028659
upenn-gbm/UPENN-GBM-00110_11/volumes/T1.nii.gz	5993316
upenn-gbm/UPENN-GBM-00110_11/volumes/T1c.nii.gz	6029866
upenn-gbm/UPENN-GBM-00110_11/volumes/T2.nii.gz	5966793
upenn-gbm/UPENN-GBM-00110_11/volumes/brain_mask.nii.gz	312236
upenn-gbm/UPENN-GBM-00110_11/volumes/tumor_seg.nii.gz	235729
upenn-gbm/UPENN-GBM-00111_11/preprocessing_metadata.json	1738
upenn-gbm/UPENN-GBM-00111_11/volumes/FLAIR.nii.gz	5277344
upenn-gbm/UPENN-GBM-00111_11/volumes/T1.nii.gz	5261390
upenn-gbm/UPENN-GBM-00111_11/volumes/T1c.nii.gz	5287369
upenn-gbm/UPENN-GBM-00111_11/volumes/T2.nii.gz	5243771
upenn-gbm/UPENN-GBM-00111_11/volumes/brain_mask.nii.gz	295312
upenn-gbm/UPENN-GBM-00111_11/volumes/tumor_seg.nii.gz	241928
upenn-gbm/UPENN-GBM-00112_11/preprocessing_metadata.json	1718
upenn-gbm/UPENN-GBM-00112_11/volumes/FLAIR.nii.gz	5304332
upenn-gbm/UPENN-GBM-00112_11/volumes/T1.nii.gz	5263252
upenn-gbm/UPENN-GBM-00112_11/volumes/T1c.nii.gz	5286106
upenn-gbm/UPENN-GBM-00112_11/volumes/T2.nii.gz	5269316
upenn-gbm/UPENN-GBM-00112_11/volumes/brain_mask.nii.gz	304716
upenn-gbm/UPENN-GBM-00112_11/volumes/tumor_seg.nii.gz	188574
upenn-gbm/UPENN-GBM-00113_11/preprocessing_metadata.json	1728
upenn-gbm/UPENN-GBM-00113_11/volumes/FLAIR.nii.gz	5019965
upenn-gbm/UPENN-GBM-00113_11/volumes/T1.nii.gz	5007074
upenn-gbm/UPENN-GBM-00113_11/volumes/T1c.nii.gz	5036649
upenn-gbm/UPENN-GBM-00113_11/volumes/T2.nii.gz	4992553
upenn-gbm/UPENN-GBM-00113_11/volumes/brain_mask.nii.gz	295151
upenn-gbm/UPENN-GBM-00113_11/volumes/tumor_seg.nii.gz	217090
upenn-gbm/UPENN-GBM-00114_11/preprocessing_metadata.json	1724
upenn-gbm/UPENN-GBM-00114_11/volumes/FLAIR.nii.gz	5130119
upenn-gbm/UPENN-GBM-00114_11/volumes/T1.nii.gz	5105619
upenn-gbm/UPENN-GBM-00114_11/volumes/T1c.nii.gz	5122224
upenn-gbm/UPENN-GBM-00114_11/volumes/T2.nii.gz	5106867
upenn-gbm/UPENN-GBM-00114_11/volumes/brain_mask.nii.gz	299601
upenn-gbm/UPENN-GBM-00114_11/volumes/tumor_seg.nii.gz	214536
upenn-gbm/UPENN-GBM-00115_11/preprocessing_metadata.json	1712
upenn-gbm/UPENN-GBM-00115_11/volumes/FLAIR.nii.gz	5294999
upenn-gbm/UPENN-GBM-00115_11/volumes/T1.nii.gz	5236009
upenn-gbm/UPENN-GBM-00115_11/volumes/T1c.nii.gz	5282965
upenn-gbm/UPENN-GBM-00115_11/volumes/T2.nii.gz	5232805
upenn-gbm/UPENN-GBM-00115_11/volumes/brain_mask.nii.gz	291341
upenn-gbm/UPENN-GBM-00115_11/volumes/tumor_seg.nii.gz	167552
upenn-gbm/UPENN-GBM-00116_11/preprocessing_metadata.json	1739
upenn-gbm/UPENN-GBM-00116_11/volumes/FLAIR.nii.gz	6333017
upenn-gbm/UPENN-GBM-00116_11/volumes/T1.nii.gz	6291177
upenn-gbm/UPENN-GBM-00116_11/volumes/T1c.nii.gz	6339786
upenn-gbm/UPENN-GBM-00116_11/volumes/T2.nii.gz	6276251
upenn-gbm/UPENN-GBM-00116_11/volumes/brain_mask.nii.gz	322272
upenn-gbm/UPENN-GBM-00116_11/volumes/tumor_seg.nii.gz	197053
upenn-gbm/UPENN-GBM-00117_11/preprocessing_metadata.json	1725
upenn-gbm/UPENN-GBM-00117_11/volumes/FLAIR.nii.gz	5460694
upenn-gbm/UPENN-GBM-00117_11/volumes/T1.nii.gz	5407991
upenn-gbm/UPENN-GBM-00117_11/volumes/T1c.nii.gz	5455748
upenn-gbm/UPENN-GBM-00117_11/volumes/T2.nii.gz	5405015
upenn-gbm/UPENN-GBM-00117_11/volumes/brain_mask.nii.gz	286094
upenn-gbm/UPENN-GBM-00117_11/volumes/tumor_seg.nii.gz	222421
upenn-gbm/UPENN-GBM-00118_11/preprocessing_metadata.json	1728
upenn-gbm/UPENN-GBM-00118_11/volumes/FLAIR.nii.gz	5326965
upenn-gbm/UPENN-GBM-00118_11/volumes/T1.nii.gz	5271893
upenn-gbm/UPENN-GBM-00118_11/volumes/T1c.nii.gz	5323514
upenn-gbm/UPENN-GBM-00118_11/volumes/T2.nii.gz	5275643
upenn-gbm/UPENN-GBM-00118_11/volumes/brain_mask.nii.gz	286783
upenn-gbm/UPENN-GBM-00118_11/volumes/tumor_seg.nii.gz	218028
upenn-gbm/UPENN-GBM-00119_11/preprocessing_metadata.json	1725
upenn-gbm/UPENN-GBM-00119_11/volumes/FLAIR.nii.gz	4833399
upenn-gbm/UPENN-GBM-00119_11/volumes/T1.nii.gz	4801249
upenn-gbm/UPENN-GBM-00119_11/volumes/T1c.nii.gz	4830802
upenn-gbm/UPENN-GBM-00119_11/volumes/T2.nii.gz	4787287
upenn-gbm/UPENN-GBM-00119_11/volumes/brain_mask.nii.gz	282036
upenn-gbm/UPENN-GBM-00119_11/volumes/tumor_seg.nii.gz	180016
upenn-gbm/UPENN-GBM-00120_11/preprocessing_metadata.json	1727
upenn-gbm/UPENN-GBM-00120_11/volumes/FLAIR.nii.gz	4934516
upenn-gbm/UPENN-GBM-00120_11/volumes/T1.nii.gz	4926010
upenn-gbm/UPENN-GBM-00120_11/volumes/T1c.nii.gz	4946430
upenn-gbm/UPENN-GBM-00120_11/volumes/T2.nii.gz	4909952
upenn-gbm/UPENN-GBM-00120_11/volumes/brain_mask.nii.gz	282048
upenn-gbm/UPENN-GBM-00120_11/volumes/tumor_seg.nii.gz	218238
upenn-gbm/UPENN-GBM-00121_11/preprocessing_metadata.json	1729
upenn-gbm/UPENN-GBM-00121_11/volumes/FLAIR.nii.gz	6770021
upenn-gbm/UPENN-GBM-00121_11/volumes/T1.nii.gz	6739164
upenn-gbm/UPENN-GBM-00121_11/volumes/T1c.nii.gz	6785424
upenn-gbm/UPENN-GBM-00121_11/volumes/T2.nii.gz	6701167
upenn-gbm/UPENN-GBM-00121_11/volumes/brain_mask.nii.gz	318887
upenn-gbm/UPENN-GBM-00121_11/volumes/tumor_seg.nii.gz	234064
upenn-gbm/UPENN-GBM-00122_11/preprocessing_metadata.json	1703
upenn-gbm/UPENN-GBM-00122_11/volumes/FLAIR.nii.gz	6152642
upenn-gbm/UPENN-GBM-00122_11/volumes/T1.nii.gz	6110310
upenn-gbm/UPENN-GBM-00122_11/volumes/T1c.nii.gz	6153792
upenn-gbm/UPENN-GBM-00122_11/volumes/T2.nii.gz	6097094
upenn-gbm/UPENN-GBM-00122_11/volumes/brain_mask.nii.gz	307142
upenn-gbm/UPENN-GBM-00122_11/volumes/tumor_seg.nii.gz	213023
upenn-gbm/UPENN-GBM-00123_11/preprocessing_metadata.json	1733
upenn-gbm/UPENN-GBM-00123_11/volumes/FLAIR.nii.gz	5970269
upenn-gbm/UPENN-GBM-00123_11/volumes/T1.nii.gz	5946022
upenn-gbm/UPENN-GBM-00123_11/volumes/T1c.nii.gz	5981212
upenn-gbm/UPENN-GBM-00123_11/volumes/T2.nii.gz	5952738
upenn-gbm/UPENN-GBM-00123_11/volumes/brain_mask.nii.gz	304887
upenn-gbm/UPENN-GBM-00123_11/volumes/tumor_seg.nii.gz	196519
upenn-gbm/UPENN-GBM-00124_11/preprocessing_metadata.json	1729
upenn-gbm/UPENN-GBM-00124_11/volumes/FLAIR.nii.gz	5541112
upenn-gbm/UPENN-GBM-00124_11/volumes/T1.nii.gz	5504277
upenn-gbm/UPENN-GBM-00124_11/volumes/T1c.nii.gz	5547729
upenn-gbm/UPENN-GBM-00124_11/volumes/T2.nii.gz	5490492
upenn-gbm/UPENN-GBM-00124_11/volumes/brain_mask.nii.gz	293278
upenn-gbm/UPENN-GBM-00124_11/volumes/tumor_seg.nii.gz	199577
upenn-gbm/UPENN-GBM-00125_11/preprocessing_metadata.json	1727
upenn-gbm/UPENN-GBM-00125_11/volumes/FLAIR.nii.gz	5637068
upenn-gbm/UPENN-GBM-00125_11/volumes/T1.nii.gz	5606204
upenn-gbm/UPENN-GBM-00125_11/volumes/T1c.nii.gz	5643798
upenn-gbm/UPENN-GBM-00125_11/volumes/T2.nii.gz	5620416
upenn-gbm/UPENN-GBM-00125_11/volumes/brain_mask.nii.gz	299795
upenn-gbm/UPENN-GBM-00125_11/volumes/tumor_seg.nii.gz	213399
upenn-gbm/UPENN-GBM-00126_11/preprocessing_metadata.json	1738
upenn-gbm/UPENN-GBM-00126_11/volumes/FLAIR.nii.gz	5882675
upenn-gbm/UPENN-GBM-00126_11/volumes/T1.nii.gz	5827506
upenn-gbm/UPENN-GBM-00126_11/volumes/T1c.nii.gz	5882485
upenn-gbm/UPENN-GBM-00126_11/volumes/T2.nii.gz	5841950
upenn-gbm/UPENN-GBM-00126_11/volumes/brain_mask.nii.gz	304279
upenn-gbm/UPENN-GBM-00126_11/volumes/tumor_seg.nii.gz	209775
upenn-gbm/UPENN-GBM-00127_11/preprocessing_metadata.json	1741
upenn-gbm/UPENN-GBM-00127_11/volumes/FLAIR.nii.gz	5913928
upenn-gbm/UPENN-GBM-00127_11/volumes/T1.nii.gz	5852174
upenn-gbm/UPENN-GBM-00127_11/volumes/T1c.nii.gz	5909392
upenn-gbm/UPENN-GBM-00127_11/volumes/T2.nii.gz	5853660
upenn-gbm/UPENN-GBM-00127_11/volumes/brain_mask.nii.gz	305493
upenn-gbm/UPENN-GBM-00127_11/volumes/tumor_seg.nii.gz	196063
upenn-gbm/UPENN-GBM-00128_11/preprocessing_metadata.json	1722
upenn-gbm/UPENN-GBM-00128_11/volumes/FLAIR.nii.gz	5257881
upenn-gbm/UPENN-GBM-00128_11/volumes/T1.nii.gz	5211099
upenn-gbm/UPENN-GBM-00128_11/volumes/T1c.nii.gz	5249746
upenn-gbm/UPENN-GBM-00128_11/volumes/T2.nii.gz	5197145
upenn-gbm/UPENN-GBM-00128_11/volumes/brain_mask.nii.gz	278996
upenn-gbm/UPENN-GBM-00128_11/volumes/tumor_seg.nii.gz	198429
upenn-gbm/UPENN-GBM-00129_11/preprocessing_metadata.json	1739
upenn-gbm/UPENN-GBM-00129_11/volumes/FLAIR.nii.gz	6137565
upenn-gbm/UPENN-GBM-00129_11/volumes/T1.nii.gz	6098489
upenn-gbm/UPENN-GBM-00129_11/volumes/T1c.nii.gz	6119827
upenn-gbm/UPENN-GBM-00129_11/volumes/T2.nii.gz	6073447
upenn-gbm/UPENN-GBM-00129_11/volumes/brain_mask.nii.gz	304137
upenn-gbm/UPENN-GBM-00129_11/volumes/tumor_seg.nii.gz	226838
upenn-gbm/UPENN-GBM-00130_11/preprocessing_metadata.json	1738
upenn-gbm/UPENN-GBM-00130_11/volumes/FLAIR.nii.gz	5893794
upenn-gbm/UPENN-GBM-00130_11/volumes/T1.nii.gz	5851267
upenn-gbm/UPENN-GBM-00130_11/volumes/T1c.nii.gz	5875317
upenn-gbm/UPENN-GBM-00130_11/volumes/T2.nii.gz	5782037
upenn-gbm/UPENN-GBM-00130_11/volumes/brain_mask.nii.gz	302103
upenn-gbm/UPENN-GBM-00130_11/volumes/tumor_seg.nii.gz	212036
upenn-gbm/UPENN-GBM-00131_11/preprocessing_metadata.json	1724
upenn-gbm/UPENN-GBM-00131_11/volumes/FLAIR.nii.gz	6324666
upenn-gbm/UPENN-GBM-00131_11/volumes/T1.nii.gz	6272789
upenn-gbm/UPENN-GBM-00131_11/volumes/T1c.nii.gz	6318394
upenn-gbm/UPENN-GBM-00131_11/volumes/T2.nii.gz	6270443
upenn-gbm/UPENN-GBM-00131_11/volumes/brain_mask.nii.gz	314879
upenn-gbm/UPENN-GBM-00131_11/volumes/tumor_seg.nii.gz	189470
upenn-gbm/UPENN-GBM-00132_11/preprocessing_metadata.json	1738
upenn-gbm/UPENN-GBM-00132_11/volumes/FLAIR.nii.gz	6304943
upenn-gbm/UPENN-GBM-00132_11/volumes/T1.nii.gz	6257779
upenn-gbm/UPENN-GBM-00132_11/volumes/T1c.nii.gz	6305666
upenn-gbm/UPENN-GBM-00132_11/volumes/T2.nii.gz	6260226
upenn-gbm/UPENN-GBM-00132_11/volumes/brain_mask.nii.gz	314654
upenn-gbm/UPENN-GBM-00132_11/volumes/tumor_seg.nii.gz	193754
upenn-gbm/UPENN-GBM-00133_11/preprocessing_metadata.json	1719
upenn-gbm/UPENN-GBM-00133_11/volumes/FLAIR.nii.gz	5999974
upenn-gbm/UPENN-GBM-00133_11/volumes/T1.nii.gz	5926799
upenn-gbm/UPENN-GBM-00133_11/volumes/T1c.nii.gz	5981350
upenn-gbm/UPENN-GBM-00133_11/volumes/T2.nii.gz	5940424
upenn-gbm/UPENN-GBM-00133_11/volumes/brain_mask.nii.gz	305958
upenn-gbm/UPENN-GBM-00133_11/volumes/tumor_seg.nii.gz	172860
upenn-gbm/UPENN-GBM-00134_11/preprocessing_metadata.json	1727
upenn-gbm/UPENN-GBM-00134_11/volumes/FLAIR.nii.gz	6191863
upenn-gbm/UPENN-GBM-00134_11/volumes/T1.nii.gz	6147454
upenn-gbm/UPENN-GBM-00134_11/volumes/T1c.nii.gz	6195128
upenn-gbm/UPENN-GBM-00134_11/volumes/T2.nii.gz	6148954
upenn-gbm/UPENN-GBM-00134_11/volumes/brain_mask.nii.gz	307775
upenn-gbm/UPENN-GBM-00134_11/volumes/tumor_seg.nii.gz	187847
upenn-gbm/UPENN-GBM-00135_11/preprocessing_metadata.json	1718
upenn-gbm/UPENN-GBM-00135_11/volumes/FLAIR.nii.gz	6088973
upenn-gbm/UPENN-GBM-00135_11/volumes/T1.nii.gz	6047963
upenn-gbm/UPENN-GBM-00135_11/volumes/T1c.nii.gz	6090431
upenn-gbm/UPENN-GBM-00135_11/volumes/T2.nii.gz	6059892
upenn-gbm/UPENN-GBM-00135_11/volumes/brain_mask.nii.gz	311519
upenn-gbm/UPENN-GBM-00135_11/volumes/tumor_seg.nii.gz	182103
upenn-gbm/UPENN-GBM-00136_11/preprocessing_metadata.json	1706
upenn-gbm/UPENN-GBM-00136_11/volumes/FLAIR.nii.gz	5357047
upenn-gbm/UPENN-GBM-00136_11/volumes/T1.nii.gz	5311184
upenn-gbm/UPENN-GBM-00136_11/volumes/T1c.nii.gz	5356342
upenn-gbm/UPENN-GBM-00136_11/volumes/T2.nii.gz	5300346
upenn-gbm/UPENN-GBM-00136_11/volumes/brain_mask.nii.gz	287125
upenn-gbm/UPENN-GBM-00136_11/volumes/tumor_seg.nii.gz	217496
upenn-gbm/UPENN-GBM-00137_11/preprocessing_metadata.json	1723
upenn-gbm/UPENN-GBM-00137_11/volumes/FLAIR.nii.gz	5859838
upenn-gbm/UPENN-GBM-00137_11/volumes/T1.nii.gz	5824478
upenn-gbm/UPENN-GBM-00137_11/volumes/T1c.nii.gz	5866932
upenn-gbm/UPENN-GBM-00137_11/volumes/T2.nii.gz	5809978
upenn-gbm/UPENN-GBM-00137_11/volumes/brain_mask.nii.gz	313282
upenn-gbm/UPENN-GBM-00137_11/volumes/tumor_seg.nii.gz	193262
upenn-gbm/UPENN-GBM-00138_11/preprocessing_metadata.json	1722
upenn-gbm/UPENN-GBM-00138_11/volumes/FLAIR.nii.gz	5765438
upenn-gbm/UPENN-GBM-00138_11/volumes/T1.nii.gz	5730930
upenn-gbm/UPENN-GBM-00138_11/volumes/T1c.nii.gz	5773192
upenn-gbm/UPENN-GBM-00138_11/volumes/T2.nii.gz	5738295
upenn-gbm/UPENN-GBM-00138_11/volumes/brain_mask.nii.gz	301381
upenn-gbm/UPENN-GBM-00138_11/volumes/tumor_seg.nii.gz	207699
upenn-gbm/UPENN-GBM-00139_11/preprocessing_metadata.json	1731
upenn-gbm/UPENN-GBM-00139_11/volumes/FLAIR.nii.gz	6245611
upenn-gbm/UPENN-GBM-00139_11/volumes/T1.nii.gz	6211012
upenn-gbm/UPENN-GBM-00139_11/volumes/T1c.nii.gz	6260831
upenn-gbm/UPENN-GBM-00139_11/volumes/T2.nii.gz	6187329
upenn-gbm/UPENN-GBM-00139_11/volumes/brain_mask.nii.gz	317779
upenn-gbm/UPENN-GBM-00139_11/volumes/tumor_seg.nii.gz	246705
upenn-gbm/UPENN-GBM-00140_11/preprocessing_metadata.json	1728
upenn-gbm/UPENN-GBM-00140_11/volumes/FLAIR.nii.gz	5841469
upenn-gbm/UPENN-GBM-00140_11/volumes/T1.nii.gz	5800555
upenn-gbm/UPENN-GBM-00140_11/volumes/T1c.nii.gz	5845600
upenn-gbm/UPENN-GBM-00140_11/volumes/T2.nii.gz	5801348
upenn-gbm/UPENN-GBM-00140_11/volumes/brain_mask.nii.gz	311315
upenn-gbm/UPENN-GBM-00140_11/volumes/tumor_seg.nii.gz	188828
upenn-gbm/UPENN-GBM-00141_11/preprocessing_metadata.json	1724
upenn-gbm/UPENN-GBM-00141_11/volumes/FLAIR.nii.gz	6058792
upenn-gbm/UPENN-GBM-00141_11/volumes/T1.nii.gz	6004078
upenn-gbm/UPENN-GBM-00141_11/volumes/T1c.nii.gz	6045051
upenn-gbm/UPENN-GBM-00141_11/volumes/T2.nii.gz	5988377
upenn-gbm/UPENN-GBM-00141_11/volumes/brain_mask.nii.gz	304344
upenn-gbm/UPENN-GBM-00141_11/volumes/tumor_seg.nii.gz	197375
upenn-gbm/UPENN-GBM-00142_11/preprocessing_metadata.json	1743
upenn-gbm/UPENN-GBM-00142_11/volumes/FLAIR.nii.gz	6022578
upenn-gbm/UPENN-GBM-00142_11/volumes/T1.nii.gz	5963776
upenn-gbm/UPENN-GBM-00142_11/volumes/T1c.nii.gz	6008934
upenn-gbm/UPENN-GBM-00142_11/volumes/T2.nii.gz	5951472
upenn-gbm/UPENN-GBM-00142_11/volumes/brain_mask.nii.gz	306016
upenn-gbm/UPENN-GBM-00142_11/volumes/tumor_seg.nii.gz	227307
upenn-gbm/UPENN-GBM-00143_11/preprocessing_metadata.json	1709
upenn-gbm/UPENN-GBM-00143_11/volumes/FLAIR.nii.gz	6039485
upenn-gbm/UPENN-GBM-00143_11/volumes/T1.nii.gz	6003222
upenn-gbm/UPENN-GBM-00143_11/volumes/T1c.nii.gz	6049987
upenn-gbm/UPENN-GBM-00143_11/volumes/T2.nii.gz	5991693
upenn-gbm/UPENN-GBM-00143_11/volumes/brain_mask.nii.gz	312645
upenn-gbm/UPENN-GBM-00143_11/volumes/tumor_seg.nii.gz	215591
upenn-gbm/UPENN-GBM-00144_11/preprocessing_metadata.json	1728
upenn-gbm/UPENN-GBM-00144_11/volumes/FLAIR.nii.gz	5259968
upenn-gbm/UPENN-GBM-00144_11/volumes/T1.nii.gz	5245776
upenn-gbm/UPENN-GBM-00144_11/volumes/T1c.nii.gz	5278064
upenn-gbm/UPENN-GBM-00144_11/volumes/T2.nii.gz	5216980
upenn-gbm/UPENN-GBM-00144_11/volumes/brain_mask.nii.gz	289279
upenn-gbm/UPENN-GBM-00144_11/volumes/tumor_seg.nii.gz	219850
upenn-gbm/UPENN-GBM-00145_11/preprocessing_metadata.json	1736
upenn-gbm/UPENN-GBM-00145_11/volumes/FLAIR.nii.gz	5376003
upenn-gbm/UPENN-GBM-00145_11/volumes/T1.nii.gz	5322383
upenn-gbm/UPENN-GBM-00145_11/volumes/T1c.nii.gz	5361254
upenn-gbm/UPENN-GBM-00145_11/volumes/T2.nii.gz	5315662
upenn-gbm/UPENN-GBM-00145_11/volumes/brain_mask.nii.gz	285357
upenn-gbm/UPENN-GBM-00145_11/volumes/tumor_seg.nii.gz	206706
upenn-gbm/UPENN-GBM-00146_11/preprocessing_metadata.json	1725
upenn-gbm/UPENN-GBM-00146_11/volumes/FLAIR.nii.gz	5587144
upenn-gbm/UPENN-GBM-00146_11/volumes/T1.nii.gz	5522922
upenn-gbm/UPENN-GBM-00146_11/volumes/T1c.nii.gz	5545305
upenn-gbm/UPENN-GBM-00146_11/volumes/T2.nii.gz	5542447
upenn-gbm/UPENN-GBM-00146_11/volumes/brain_mask.nii.gz	303707
upenn-gbm/UPENN-GBM-00146_11/volumes/tumor_seg.nii.gz	173318
upenn-gbm/UPENN-GBM-00147_11/preprocessing_metadata.json	1723
upenn-gbm/UPENN-GBM-00147_11/volumes/FLAIR.nii.gz	5442206
upenn-gbm/UPENN-GBM-00147_11/volumes/T1.nii.gz	5378913
upenn-gbm/UPENN-GBM-00147_11/volumes/T1c.nii.gz	5425515
upenn-gbm/UPENN-GBM-00147_11/volumes/T2.nii.gz	5359836
upenn-gbm/UPENN-GBM-00147_11/volumes/brain_mask.nii.gz	286470
upenn-gbm/UPENN-GBM-00147_11/volumes/tumor_seg.nii.gz	186255
upenn-gbm/UPENN-GBM-00148_11/preprocessing_metadata.json	1725
upenn-gbm/UPENN-GBM-00148_11/volumes/FLAIR.nii.gz	7035432
upenn-gbm/UPENN-GBM-00148_11/volumes/T1.nii.gz	6985470
upenn-gbm/UPENN-GBM-00148_11/volumes/T1c.nii.gz	7044190
upenn-gbm/UPENN-GBM-00148_11/volumes/T2.nii.gz	6989614
upenn-gbm/UPENN-GBM-00148_11/volumes/brain_mask.nii.gz	325486
upenn-gbm/UPENN-GBM-00148_11/volumes/tumor_seg.nii.gz	219876
upenn-gbm/UPENN-GBM-00149_11/preprocessing_metadata.json	1724
upenn-gbm/UPENN-GBM-00149_11/volumes/FLAIR.nii.gz	5377076
upenn-gbm/UPENN-GBM-00149_11/volumes/T1.nii.gz	5329566
upenn-gbm/UPENN-GBM-00149_11/volumes/T1c.nii.gz	5374610
upenn-gbm/UPENN-GBM-00149_11/volumes/T2.nii.gz	5327989
upenn-gbm/UPENN-GBM-00149_11/volumes/brain_mask.nii.gz	291986
upenn-gbm/UPENN-GBM-00149_11/volumes/tumor_seg.nii.gz	208417
upenn-gbm/UPENN-GBM-00150_11/preprocessing_metadata.json	1735
upenn-gbm/UPENN-GBM-00150_11/volumes/FLAIR.nii.gz	5169720
upenn-gbm/UPENN-GBM-00150_11/volumes/T1.nii.gz	5131620
upenn-gbm/UPENN-GBM-00150_11/volumes/T1c.nii.gz	5168153
upenn-gbm/UPENN-GBM-00150_11/volumes/T2.nii.gz	5135499
upenn-gbm/UPENN-GBM-00150_11/volumes/brain_mask.nii.gz	292477
upenn-gbm/UPENN-GBM-00150_11/volumes/tumor_seg.nii.gz	174505
upenn-gbm/UPENN-GBM-00151_11/preprocessing_metadata.json	1729
upenn-gbm/UPENN-GBM-00151_11/volumes/FLAIR.nii.gz	6679029
upenn-gbm/UPENN-GBM-00151_11/volumes/T1.nii.gz	6631263
upenn-gbm/UPENN-GBM-00151_11/volumes/T1c.nii.gz	6661239
upenn-gbm/UPENN-GBM-00151_11/volumes/T2.nii.gz	6594952
upenn-gbm/UPENN-GBM-00151_11/volumes/brain_mask.nii.gz	323123
upenn-gbm/UPENN-GBM-00151_11/volumes/tumor_seg.nii.gz	210481
upenn-gbm/UPENN-GBM-00152_11/preprocessing_metadata.json	1728
upenn-gbm/UPENN-GBM-00152_11/volumes/FLAIR.nii.gz	5274737
upenn-gbm/UPENN-GBM-00152_11/volumes/T1.nii.gz	5232836
upenn-gbm/UPENN-GBM-00152_11/volumes/T1c.nii.gz	5266227
upenn-gbm/UPENN-GBM-00152_11/volumes/T2.nii.gz	5214622
upenn-gbm/UPENN-GBM-00152_11/volumes/brain_mask.nii.gz	291408
upenn-gbm/UPENN-GBM-00152_11/volumes/tumor_seg.nii.gz	229081
upenn-gbm/UPENN-GBM-00153_11/preprocessing_metadata.json	1725
upenn-gbm/UPENN-GBM-00153_11/volumes/FLAIR.nii.gz	6116374
upenn-gbm/UPENN-GBM-00153_11/volumes/T1.nii.gz	6117480
upenn-gbm/UPENN-GBM-00153_11/volumes/T1c.nii.gz	6169444
upenn-gbm/UPENN-GBM-00153_11/volumes/T2.nii.gz	6133120
upenn-gbm/UPENN-GBM-00153_11/volumes/brain_mask.nii.gz	310870
upenn-gbm/UPENN-GBM-00153_11/volumes/tumor_seg.nii.gz	183078
upenn-gbm/UPENN-GBM-00154_11/preprocessing_metadata.json	1711
upenn-gbm/UPENN-GBM-00154_11/volumes/FLAIR.nii.gz	4608303
upenn-gbm/UPENN-GBM-00154_11/volumes/T1.nii.gz	4610402
upenn-gbm/UPENN-GBM-00154_11/volumes/T1c.nii.gz	4649360
upenn-gbm/UPENN-GBM-00154_11/volumes/T2.nii.gz	4607941
upenn-gbm/UPENN-GBM-00154_11/volumes/brain_mask.nii.gz	279021
upenn-gbm/UPENN-GBM-00154_11/volumes/tumor_seg.nii.gz	202096
upenn-gbm/UPENN-GBM-00155_11/preprocessing_metadata.json	1741
upenn-gbm/UPENN-GBM-00155_11/volumes/FLAIR.nii.gz	5445095
upenn-gbm/UPENN-GBM-00155_11/volumes/T1.nii.gz	5409561
upenn-gbm/UPENN-GBM-00155_11/volumes/T1c.nii.gz	5449037
upenn-gbm/UPENN-GBM-00155_11/volumes/T2.nii.gz	5419903
upenn-gbm/UPENN-GBM-00155_11/volumes/brain_mask.nii.gz	297544
upenn-gbm/UPENN-GBM-00155_11/volumes/tumor_seg.nii.gz	227391
upenn-gbm/UPENN-GBM-00156_11/preprocessing_metadata.json	1712
upenn-gbm/UPENN-GBM-00156_11/volumes/FLAIR.nii.gz	4532883
upenn-gbm/UPENN-GBM-00156_11/volumes/T1.nii.gz	4500193
upenn-gbm/UPENN-GBM-00156_11/volumes/T1c.nii.gz	4524909
upenn-gbm/UPENN-GBM-00156_11/volumes/T2.nii.gz	4509226
upenn-gbm/UPENN-GBM-00156_11/volumes/brain_mask.nii.gz	271655
upenn-gbm/UPENN-GBM-00156_11/volumes/tumor_seg.nii.gz	189070
upenn-gbm/UPENN-GBM-00157_11/preprocessing_metadata.json	1739
upenn-gbm/UPENN-GBM-00157_11/volumes/FLAIR.nii.gz	5068891
upenn-gbm/UPENN-GBM-00157_11/volumes/T1.nii.gz	5030440
upenn-gbm/UPENN-GBM-00157_11/volumes/T1c.nii.gz	5064987
upenn-gbm/UPENN-GBM-00157_11/volumes/T2.nii.gz	5041636
upenn-gbm/UPENN-GBM-00157_11/volumes/brain_mask.nii.gz	287541
upenn-gbm/UPENN-GBM-00157_11/volumes/tumor_seg.nii.gz	222755
upenn-gbm/UPENN-GBM-00158_11/preprocessing_metadata.json	1723
upenn-gbm/UPENN-GBM-00158_11/volumes/FLAIR.nii.gz	5884969
upenn-gbm/UPENN-GBM-00158_11/volumes/T1.nii.gz	5845109
upenn-gbm/UPENN-GBM-00158_11/volumes/T1c.nii.gz	5860424
upenn-gbm/UPENN-GBM-00158_11/volumes/T2.nii.gz	5829661
upenn-gbm/UPENN-GBM-00158_11/volumes/brain_mask.nii.gz	303518
upenn-gbm/UPENN-GBM-00158_11/volumes/tumor_seg.nii.gz	216693
upenn-gbm/UPENN-GBM-00159_11/preprocessing_metadata.json	1722
upenn-gbm/UPENN-GBM-00159_11/volumes/FLAIR.nii.gz	5715893
upenn-gbm/UPENN-GBM-00159_11/volumes/T1.nii.gz	5686821
upenn-gbm/UPENN-GBM-00159_11/volumes/T1c.nii.gz	5714847
upenn-gbm/UPENN-GBM-00159_11/volumes/T2.nii.gz	5677909
upenn-gbm/UPENN-GBM-00159_11/volumes/brain_mask.nii.gz	306490
upenn-gbm/UPENN-GBM-00159_11/volumes/tumor_seg.nii.gz	210630
upenn-gbm/UPENN-GBM-00160_11/preprocessing_metadata.json	1735
upenn-gbm/UPENN-GBM-00160_11/volumes/FLAIR.nii.gz	5388178
upenn-gbm/UPENN-GBM-00160_11/volumes/T1.nii.gz	5343399
upenn-gbm/UPENN-GBM-00160_11/volumes/T1c.nii.gz	5379537
upenn-gbm/UPENN-GBM-00160_11/volumes/T2.nii.gz	5348083
upenn-gbm/UPENN-GBM-00160_11/volumes/brain_mask.nii.gz	300069
upenn-gbm/UPENN-GBM-00160_11/volumes/tumor_seg.nii.gz	188094
upenn-gbm/UPENN-GBM-00161_11/preprocessing_metadata.json	1735
upenn-gbm/UPENN-GBM-00161_11/volumes/FLAIR.nii.gz	5459116
upenn-gbm/UPENN-GBM-00161_11/volumes/T1.nii.gz	5402410
upenn-gbm/UPENN-GBM-00161_11/volumes/T1c.nii.gz	5408852
upenn-gbm/UPENN-GBM-00161_11/volumes/T2.nii.gz	5422030
upenn-gbm/UPENN-GBM-00161_11/volumes/brain_mask.nii.gz	298842
upenn-gbm/UPENN-GBM-00161_11/volumes/tumor_seg.nii.gz	161313
upenn-gbm/UPENN-GBM-00162_11/preprocessing_metadata.json	1740
upenn-gbm/UPENN-GBM-00162_11/volumes/FLAIR.nii.gz	5417801
upenn-gbm/UPENN-GBM-00162_11/volumes/T1.nii.gz	5364414
upenn-gbm/UPENN-GBM-00162_11/volumes/T1c.nii.gz	5405917
upenn-gbm/UPENN-GBM-00162_11/volumes/T2.nii.gz	5372728
upenn-gbm/UPENN-GBM-00162_11/volumes/brain_mask.nii.gz	291551
upenn-gbm/UPENN-GBM-00162_11/volumes/tumor_seg.nii.gz	197567
upenn-gbm/UPENN-GBM-00163_11/preprocessing_metadata.json	1737
upenn-gbm/UPENN-GBM-00163_11/volumes/FLAIR.nii.gz	5617964
upenn-gbm/UPENN-GBM-00163_11/volumes/T1.nii.gz	5578475
upenn-gbm/UPENN-GBM-00163_11/volumes/T1c.nii.gz	5618658
upenn-gbm/UPENN-GBM-00163_11/volumes/T2.nii.gz	5569627
upenn-gbm/UPENN-GBM-00163_11/volumes/brain_mask.nii.gz	297680
upenn-gbm/UPENN-GBM-00163_11/volumes/tumor_seg.nii.gz	206098
upenn-gbm/UPENN-GBM-00164_11/preprocessing_metadata.json	1740
upenn-gbm/UPENN-GBM-00164_11/volumes/FLAIR.nii.gz	5251924
upenn-gbm/UPENN-GBM-00164_11/volumes/T1.nii.gz	5233618
upenn-gbm/UPENN-GBM-00164_11/volumes/T1c.nii.gz	5264214
upenn-gbm/UPENN-GBM-00164_11/volumes/T2.nii.gz	5228718
upenn-gbm/UPENN-GBM-00164_11/volumes/brain_mask.nii.gz	293784
upenn-gbm/UPENN-GBM-00164_11/volumes/tumor_seg.nii.gz	218766
upenn-gbm/UPENN-GBM-00165_11/preprocessing_metadata.json	1735
upenn-gbm/UPENN-GBM-00165_11/volumes/FLAIR.nii.gz	6278948
upenn-gbm/UPENN-GBM-00165_11/volumes/T1.nii.gz	6234454
upenn-gbm/UPENN-GBM-00165_11/volumes/T1c.nii.gz	6274351
upenn-gbm/UPENN-GBM-00165_11/volumes/T2.nii.gz	6241695
upenn-gbm/UPENN-GBM-00165_11/volumes/brain_mask.nii.gz	312331
upenn-gbm/UPENN-GBM-00165_11/volumes/tumor_seg.nii.gz	202541
upenn-gbm/UPENN-GBM-00166_11/preprocessing_metadata.json	1726
upenn-gbm/UPENN-GBM-00166_11/volumes/FLAIR.nii.gz	5654355
upenn-gbm/UPENN-GBM-00166_11/volumes/T1.nii.gz	5615109
upenn-gbm/UPENN-GBM-00166_11/volumes/T1c.nii.gz	5646096
upenn-gbm/UPENN-GBM-00166_11/volumes/T2.nii.gz	5617297
upenn-gbm/UPENN-GBM-00166_11/volumes/brain_mask.nii.gz	304800
upenn-gbm/UPENN-GBM-00166_11/volumes/tumor_seg.nii.gz	179980
upenn-gbm/UPENN-GBM-00167_11/preprocessing_metadata.json	1739
upenn-gbm/UPENN-GBM-00167_11/volumes/FLAIR.nii.gz	5511477
upenn-gbm/UPENN-GBM-00167_11/volumes/T1.nii.gz	5473643
upenn-gbm/UPENN-GBM-00167_11/volumes/T1c.nii.gz	5505471
upenn-gbm/UPENN-GBM-00167_11/volumes/T2.nii.gz	5466696
upenn-gbm/UPENN-GBM-00167_11/volumes/brain_mask.nii.gz	298041
upenn-gbm/UPENN-GBM-00167_11/volumes/tumor_seg.nii.gz	214849
upenn-gbm/UPENN-GBM-00168_11/preprocessing_metadata.json	1733
upenn-gbm/UPENN-GBM-00168_11/volumes/FLAIR.nii.gz	5499614
upenn-gbm/UPENN-GBM-00168_11/volumes/T1.nii.gz	5443742
upenn-gbm/UPENN-GBM-00168_11/volumes/T1c.nii.gz	5487848
upenn-gbm/UPENN-GBM-00168_11/volumes/T2.nii.gz	5446257
upenn-gbm/UPENN-GBM-00168_11/volumes/brain_mask.nii.gz	293357
upenn-gbm/UPENN-GBM-00168_11/volumes/tumor_seg.nii.gz	181570
upenn-gbm/UPENN-GBM-00169_11/preprocessing_metadata.json	1738
upenn-gbm/UPENN-GBM-00169_11/volumes/FLAIR.nii.gz	5115034
upenn-gbm/UPENN-GBM-00169_11/volumes/T1.nii.gz	5062541
upenn-gbm/UPENN-GBM-00169_11/volumes/T1c.nii.gz	5106020
upenn-gbm/UPENN-GBM-00169_11/volumes/T2.nii.gz	5061863
upenn-gbm/UPENN-GBM-00169_11/volumes/brain_mask.nii.gz	285296
upenn-gbm/UPENN-GBM-00169_11/volumes/tumor_seg.nii.gz	184040
upenn-gbm/UPENN-GBM-00170_11/preprocessing_metadata.json	1736
upenn-gbm/UPENN-GBM-00170_11/volumes/FLAIR.nii.gz	5984877
upenn-gbm/UPENN-GBM-00170_11/volumes/T1.nii.gz	5949212
upenn-gbm/UPENN-GBM-00170_11/volumes/T1c.nii.gz	5981938
upenn-gbm/UPENN-GBM-00170_11/volumes/T2.nii.gz	5945192
upenn-gbm/UPENN-GBM-00170_11/volumes/brain_mask.nii.gz	305422
upenn-gbm/UPENN-GBM-00170_11/volumes/tumor_seg.nii.gz	233528
upenn-gbm/UPENN-GBM-00171_11/preprocessing_metadata.json	1741
upenn-gbm/UPENN-GBM-00171_11/volumes/FLAIR.nii.gz	6101610
upenn-gbm/UPENN-GBM-00171_11/volumes/T1.nii.gz	6047081
upenn-gbm/UPENN-GBM-00171_11/volumes/T1c.nii.gz	6088124
upenn-gbm/UPENN-GBM-00171_11/volumes/T2.nii.gz	6042177
upenn-gbm/UPENN-GBM-00171_11/volumes/brain_mask.nii.gz	314019
upenn-gbm/UPENN-GBM-00171_11/volumes/tumor_seg.nii.gz	235986
upenn-gbm/UPENN-GBM-00172_11/preprocessing_metadata.json	1714
upenn-gbm/UPENN-GBM-00172_11/volumes/FLAIR.nii.gz	5540680
upenn-gbm/UPENN-GBM-00172_11/volumes/T1.nii.gz	5500064
upenn-gbm/UPENN-GBM-00172_11/volumes/T1c.nii.gz	5532838
upenn-gbm/UPENN-GBM-00172_11/volumes/T2.nii.gz	5495779
upenn-gbm/UPENN-GBM-00172_11/volumes/brain_mask.nii.gz	294974
upenn-gbm/UPENN-GBM-00172_11/volumes/tumor_seg.nii.gz	207019
upenn-gbm/UPENN-GBM-00173_11/preprocessing_metadata.json	1727
upenn-gbm/UPENN-GBM-00173_11/volumes/FLAIR.nii.gz	5675687
upenn-gbm/UPENN-GBM-00173_11/volumes/T1.nii.gz	5674142
upenn-gbm/UPENN-GBM-00173_11/volumes/T1c.nii.gz	5719410
upenn-gbm/UPENN-GBM-00173_11/volumes/T2.nii.gz	5688166
upenn-gbm/UPENN-GBM-00173_11/volumes/brain_mask.nii.gz	302424
upenn-gbm/UPENN-GBM-00173_11/volumes/tumor_seg.nii.gz	213061
upenn-gbm/UPENN-GBM-00174_11/preprocessing_metadata.json	1723
upenn-gbm/UPENN-GBM-00174_11/volumes/FLAIR.nii.gz	5628101
upenn-gbm/UPENN-GBM-00174_11/volumes/T1.nii.gz	5598965
upenn-gbm/UPENN-GBM-00174_11/volumes/T1c.nii.gz	5641047
upenn-gbm/UPENN-GBM-00174_11/volumes/T2.nii.gz	5591896
upenn-gbm/UPENN-GBM-00174_11/volumes/brain_mask.nii.gz	300613
upenn-gbm/UPENN-GBM-00174_11/volumes/tumor_seg.nii.gz	176312
upenn-gbm/UPENN-GBM-00175_11/preprocessing_metadata.json	1739
upenn-gbm/UPENN-GBM-00175_11/volumes/FLAIR.nii.gz	6455528
upenn-gbm/UPENN-GBM-00175_11/volumes/T1.nii.gz	6391549
upenn-gbm/UPENN-GBM-00175_11/volumes/T1c.nii.gz	6447719
upenn-gbm/UPENN-GBM-00175_11/volumes/T2.nii.gz	6401447
upenn-gbm/UPENN-GBM-00175_11/volumes/brain_mask.nii.gz	315387
upenn-gbm/UPENN-GBM-00175_11/volumes/tumor_seg.nii.gz	187111
upenn-gbm/UPENN-GBM-00176_11/preprocessing_metadata.json	1727
upenn-gbm/UPENN-GBM-00176_11/volumes/FLAIR.nii.gz	5088194
upenn-gbm/UPENN-GBM-00176_11/volumes/T1.nii.gz	5031904
upenn-gbm/UPENN-GBM-00176_11/volumes/T1c.nii.gz	5077107
upenn-gbm/UPENN-GBM-00176_11/volumes/T2.nii.gz	5040415
upenn-gbm/UPENN-GBM-00176_11/volumes/brain_mask.nii.gz	283605
upenn-gbm/UPENN-GBM-00176_11/volumes/tumor_seg.nii.gz	197956
upenn-gbm/UPENN-GBM-00177_11/preprocessing_metadata.json	1740
upenn-gbm/UPENN-GBM-00177_11/volumes/FLAIR.nii.gz	5228960
upenn-gbm/UPENN-GBM-00177_11/volumes/T1.nii.gz	5214020
upenn-gbm/UPENN-GBM-00177_11/volumes/T1c.nii.gz	5248806
upenn-gbm/UPENN-GBM-00177_11/volumes/T2.nii.gz	5204057
upenn-gbm/UPENN-GBM-00177_11/volumes/brain_mask.nii.gz	293085
upenn-gbm/UPENN-GBM-00177_11/volumes/tumor_seg.nii.gz	221090
upenn-gbm/UPENN-GBM-00178_11/preprocessing_metadata.json	1729
upenn-gbm/UPENN-GBM-00178_11/volumes/FLAIR.nii.gz	5680195
upenn-gbm/UPENN-GBM-00178_11/volumes/T1.nii.gz	5627106
upenn-gbm/UPENN-GBM-00178_11/volumes/T1c.nii.gz	5680153
upenn-gbm/UPENN-GBM-00178_11/volumes/T2.nii.gz	5626013
upenn-gbm/UPENN-GBM-00178_11/volumes/brain_mask.nii.gz	296163
upenn-gbm/UPENN-GBM-00178_11/volumes/tumor_seg.nii.gz	183827
upenn-gbm/UPENN-GBM-00179_11/preprocessing_metadata.json	1741
upenn-gbm/UPENN-GBM-00179_11/volumes/FLAIR.nii.gz	6209847
upenn-gbm/UPENN-GBM-00179_11/volumes/T1.nii.gz	6168400
upenn-gbm/UPENN-GBM-00179_11/volumes/T1c.nii.gz	6220878
upenn-gbm/UPENN-GBM-00179_11/volumes/T2.nii.gz	6185564
upenn-gbm/UPENN-GBM-00179_11/volumes/brain_mask.nii.gz	307304
upenn-gbm/UPENN-GBM-00179_11/volumes/tumor_seg.nii.gz	197351
upenn-gbm/UPENN-GBM-00180_11/preprocessing_metadata.json	1726
upenn-gbm/UPENN-GBM-00180_11/volumes/FLAIR.nii.gz	6099159
upenn-gbm/UPENN-GBM-00180_11/volumes/T1.nii.gz	6079525
upenn-gbm/UPENN-GBM-00180_11/volumes/T1c.nii.gz	6121655
upenn-gbm/UPENN-GBM-00180_11/volumes/T2.nii.gz	6091039
upenn-gbm/UPENN-GBM-00180_11/volumes/brain_mask.nii.gz	314148
upenn-gbm/UPENN-GBM-00180_11/volumes/tumor_seg.nii.gz	251913
upenn-gbm/UPENN-GBM-00181_11/preprocessing_metadata.json	1741
upenn-gbm/UPENN-GBM-00181_11/volumes/FLAIR.nii.gz	7155801
upenn-gbm/UPENN-GBM-00181_11/volumes/T1.nii.gz	7121047
upenn-gbm/UPENN-GBM-00181_11/volumes/T1c.nii.gz	7163986
upenn-gbm/UPENN-GBM-00181_11/volumes/T2.nii.gz	7125208
upenn-gbm/UPENN-GBM-00181_11/volumes/brain_mask.nii.gz	324200
upenn-gbm/UPENN-GBM-00181_11/volumes/tumor_seg.nii.gz	229305
upenn-gbm/UPENN-GBM-00182_11/preprocessing_metadata.json	1737
upenn-gbm/UPENN-GBM-00182_11/volumes/FLAIR.nii.gz	5641555
upenn-gbm/UPENN-GBM-00182_11/volumes/T1.nii.gz	5574348
upenn-gbm/UPENN-GBM-00182_11/volumes/T1c.nii.gz	5595396
upenn-gbm/UPENN-GBM-00182_11/volumes/T2.nii.gz	5594660
upenn-gbm/UPENN-GBM-00182_11/volumes/brain_mask.nii.gz	291418
upenn-gbm/UPENN-GBM-00182_11/volumes/tumor_seg.nii.gz	170774
upenn-gbm/UPENN-GBM-00183_11/preprocessing_metadata.json	1737
upenn-gbm/UPENN-GBM-00183_11/volumes/FLAIR.nii.gz	5559397
upenn-gbm/UPENN-GBM-00183_11/volumes/T1.nii.gz	5549959
upenn-gbm/UPENN-GBM-00183_11/volumes/T1c.nii.gz	5569896
upenn-gbm/UPENN-GBM-00183_11/volumes/T2.nii.gz	5543021
upenn-gbm/UPENN-GBM-00183_11/volumes/brain_mask.nii.gz	299073
upenn-gbm/UPENN-GBM-00183_11/volumes/tumor_seg.nii.gz	229385
upenn-gbm/UPENN-GBM-00184_11/preprocessing_metadata.json	1739
upenn-gbm/UPENN-GBM-00184_11/volumes/FLAIR.nii.gz	6239868
upenn-gbm/UPENN-GBM-00184_11/volumes/T1.nii.gz	6177205
upenn-gbm/UPENN-GBM-00184_11/volumes/T1c.nii.gz	6235414
upenn-gbm/UPENN-GBM-00184_11/volumes/T2.nii.gz	6175128
upenn-gbm/UPENN-GBM-00184_11/volumes/brain_mask.nii.gz	307715
upenn-gbm/UPENN-GBM-00184_11/volumes/tumor_seg.nii.gz	179300
upenn-gbm/UPENN-GBM-00185_11/preprocessing_metadata.json	1739
upenn-gbm/UPENN-GBM-00185_11/volumes/FLAIR.nii.gz	5304481
upenn-gbm/UPENN-GBM-00185_11/volumes/T1.nii.gz	5295683
upenn-gbm/UPENN-GBM-00185_11/volumes/T1c.nii.gz	5329257
upenn-gbm/UPENN-GBM-00185_11/volumes/T2.nii.gz	5277919
upenn-gbm/UPENN-GBM-00185_11/volumes/brain_mask.nii.gz	290177
upenn-gbm/UPENN-GBM-00185_11/volumes/tumor_seg.nii.gz	217640
upenn-gbm/UPENN-GBM-00186_11/preprocessing_metadata.json	1738
upenn-gbm/UPENN-GBM-00186_11/volumes/FLAIR.nii.gz	6059528
upenn-gbm/UPENN-GBM-00186_11/volumes/T1.nii.gz	6020838
upenn-gbm/UPENN-GBM-00186_11/volumes/T1c.nii.gz	6048940
upenn-gbm/UPENN-GBM-00186_11/volumes/T2.nii.gz	6025958
upenn-gbm/UPENN-GBM-00186_11/volumes/brain_mask.nii.gz	310860
upenn-gbm/UPENN-GBM-00186_11/volumes/tumor_seg.nii.gz	198995
upenn-gbm/UPENN-GBM-00187_11/preprocessing_metadata.json	1739
upenn-gbm/UPENN-GBM-00187_11/volumes/FLAIR.nii.gz	5736557
upenn-gbm/UPENN-GBM-00187_11/volumes/T1.nii.gz	5745113
upenn-gbm/UPENN-GBM-00187_11/volumes/T1c.nii.gz	5770054
upenn-gbm/UPENN-GBM-00187_11/volumes/T2.nii.gz	5721899
upenn-gbm/UPENN-GBM-00187_11/volumes/brain_mask.nii.gz	304196
upenn-gbm/UPENN-GBM-00187_11/volumes/tumor_seg.nii.gz	235240
upenn-gbm/UPENN-GBM-00188_11/preprocessing_metadata.json	1742
upenn-gbm/UPENN-GBM-00188_11/volumes/FLAIR.nii.gz	6498978
upenn-gbm/UPENN-GBM-00188_11/volumes/T1.nii.gz	6479975
upenn-gbm/UPENN-GBM-00188_11/volumes/T1c.nii.gz	6513576
upenn-gbm/UPENN-GBM-00188_11/volumes/T2.nii.gz	6470506
upenn-gbm/UPENN-GBM-00188_11/volumes/brain_mask.nii.gz	320813
upenn-gbm/UPENN-GBM-00188_11/volumes/tumor_seg.nii.gz	238021
upenn-gbm/UPENN-GBM-00189_11/preprocessing_metadata.json	1710
upenn-gbm/UPENN-GBM-00189_11/volumes/FLAIR.nii.gz	5246729
upenn-gbm/UPENN-GBM-00189_11/volumes/T1.nii.gz	5221891
upenn-gbm/UPENN-GBM-00189_11/volumes/T1c.nii.gz	5249884
upenn-gbm/UPENN-GBM-00189_11/volumes/T2.nii.gz	5208737
upenn-gbm/UPENN-GBM-00189_11/volumes/brain_mask.nii.gz	300931
upenn-gbm/UPENN-GBM-00189_11/volumes/tumor_seg.nii.gz	237685
upenn-gbm/UPENN-GBM-00190_11/preprocessing_metadata.json	1741
upenn-gbm/UPENN-GBM-00190_11/volumes/FLAIR.nii.gz	6019028
upenn-gbm/UPENN-GBM-00190_11/volumes/T1.nii.gz	5961604
upenn-gbm/UPENN-GBM-00190_11/volumes/T1c.nii.gz	6005231
upenn-gbm/UPENN-GBM-00190_11/volumes/T2.nii.gz	5962763
upenn-gbm/UPENN-GBM-00190_11/volumes/brain_mask.nii.gz	300248
upenn-gbm/UPENN-GBM-00190_11/volumes/tumor_seg.nii.gz	190525
upenn-gbm/UPENN-GBM-00191_11/preprocessing_metadata.json	1737
upenn-gbm/UPENN-GBM-00191_11/volumes/FLAIR.nii.gz	5726869
upenn-gbm/UPENN-GBM-00191_11/volumes/T1.nii.gz	5711520
upenn-gbm/UPENN-GBM-00191_11/volumes/T1c.nii.gz	5733601
upenn-gbm/UPENN-GBM-00191_11/volumes/T2.nii.gz	5692812
upenn-gbm/UPENN-GBM-00191_11/volumes/brain_mask.nii.gz	295945
upenn-gbm/UPENN-GBM-00191_11/volumes/tumor_seg.nii.gz	225634
upenn-gbm/UPENN-GBM-00192_11/preprocessing_metadata.json	1710
upenn-gbm/UPENN-GBM-00192_11/volumes/FLAIR.nii.gz	5781753
upenn-gbm/UPENN-GBM-00192_11/volumes/T1.nii.gz	5733095
upenn-gbm/UPENN-GBM-00192_11/volumes/T1c.nii.gz	5766445
upenn-gbm/UPENN-GBM-00192_11/volumes/T2.nii.gz	5737868
upenn-gbm/UPENN-GBM-00192_11/volumes/brain_mask.nii.gz	303629
upenn-gbm/UPENN-GBM-00192_11/volumes/tumor_seg.nii.gz	173672
upenn-gbm/UPENN-GBM-00193_11/preprocessing_metadata.json	1725
upenn-gbm/UPENN-GBM-00193_11/volumes/FLAIR.nii.gz	5278052
upenn-gbm/UPENN-GBM-00193_11/volumes/T1.nii.gz	5249916
upenn-gbm/UPENN-GBM-00193_11/volumes/T1c.nii.gz	5291449
upenn-gbm/UPENN-GBM-00193_11/volumes/T2.nii.gz	5251226
upenn-gbm/UPENN-GBM-00193_11/volumes/brain_mask.nii.gz	288562
upenn-gbm/UPENN-GBM-00193_11/volumes/tumor_seg.nii.gz	214446
upenn-gbm/UPENN-GBM-00194_11/preprocessing_metadata.json	1737
upenn-gbm/UPENN-GBM-00194_11/volumes/FLAIR.nii.gz	5670599
upenn-gbm/UPENN-GBM-00194_11/volumes/T1.nii.gz	5632877
upenn-gbm/UPENN-GBM-00194_11/volumes/T1c.nii.gz	5677126
upenn-gbm/UPENN-GBM-00194_11/volumes/T2.nii.gz	5635342
upenn-gbm/UPENN-GBM-00194_11/volumes/brain_mask.nii.gz	295315
upenn-gbm/UPENN-GBM-00194_11/volumes/tumor_seg.nii.gz	204758
upenn-gbm/UPENN-GBM-00195_11/preprocessing_metadata.json	1741
upenn-gbm/UPENN-GBM-00195_11/volumes/FLAIR.nii.gz	5879116
upenn-gbm/UPENN-GBM-00195_11/volumes/T1.nii.gz	5842083
upenn-gbm/UPENN-GBM-00195_11/volumes/T1c.nii.gz	5876403
upenn-gbm/UPENN-GBM-00195_11/volumes/T2.nii.gz	5811632
upenn-gbm/UPENN-GBM-00195_11/volumes/brain_mask.nii.gz	305465
upenn-gbm/UPENN-GBM-00195_11/volumes/tumor_seg.nii.gz	221591
upenn-gbm/UPENN-GBM-00196_11/preprocessing_metadata.json	1723
upenn-gbm/UPENN-GBM-00196_11/volumes/FLAIR.nii.gz	5073255
upenn-gbm/UPENN-GBM-00196_11/volumes/T1.nii.gz	5027473
upenn-gbm/UPENN-GBM-00196_11/volumes/T1c.nii.gz	5070155
upenn-gbm/UPENN-GBM-00196_11/volumes/T2.nii.gz	5028903
upenn-gbm/UPENN-GBM-00196_11/volumes/brain_mask.nii.gz	284690
upenn-gbm/UPENN-GBM-00196_11/volumes/tumor_seg.nii.gz	208335
upenn-gbm/UPENN-GBM-00197_11/preprocessing_metadata.json	1725
upenn-gbm/UPENN-GBM-00197_11/volumes/FLAIR.nii.gz	5528636
upenn-gbm/UPENN-GBM-00197_11/volumes/T1.nii.gz	5519070
upenn-gbm/UPENN-GBM-00197_11/volumes/T1c.nii.gz	5546433
upenn-gbm/UPENN-GBM-00197_11/volumes/T2.nii.gz	5513405
upenn-gbm/UPENN-GBM-00197_11/volumes/brain_mask.nii.gz	295720
upenn-gbm/UPENN-GBM-00197_11/volumes/tumor_seg.nii.gz	216680
upenn-gbm/UPENN-GBM-00198_11/preprocessing_metadata.json	1740
upenn-gbm/UPENN-GBM-00198_11/volumes/FLAIR.nii.gz	6578332
upenn-gbm/UPENN-GBM-00198_11/volumes/T1.nii.gz	6532160
upenn-gbm/UPENN-GBM-00198_11/volumes/T1c.nii.gz	6582092
upenn-gbm/UPENN-GBM-00198_11/volumes/T2.nii.gz	6546070
upenn-gbm/UPENN-GBM-00198_11/volumes/brain_mask.nii.gz	319511
upenn-gbm/UPENN-GBM-00198_11/volumes/tumor_seg.nii.gz	190076
upenn-gbm/UPENN-GBM-00199_11/preprocessing_metadata.json	1738
upenn-gbm/UPENN-GBM-00199_11/volumes/FLAIR.nii.gz	6091545
upenn-gbm/UPENN-GBM-00199_11/volumes/T1.nii.gz	6078727
upenn-gbm/UPENN-GBM-00199_11/volumes/T1c.nii.gz	6112894
upenn-gbm/UPENN-GBM-00199_11/volumes/T2.nii.gz	6073672
upenn-gbm/UPENN-GBM-00199_11/volumes/brain_mask.nii.gz	308725
upenn-gbm/UPENN-GBM-00199_11/volumes/tumor_seg.nii.gz	225712
upenn-gbm/UPENN-GBM-00200_11/preprocessing_metadata.json	1734
upenn-gbm/UPENN-GBM-00200_11/volumes/FLAIR.nii.gz	5800455
upenn-gbm/UPENN-GBM-00200_11/volumes/T1.nii.gz	5740106
upenn-gbm/UPENN-GBM-00200_11/volumes/T1c.nii.gz	5797617
upenn-gbm/UPENN-GBM-00200_11/volumes/T2.nii.gz	5757058
upenn-gbm/UPENN-GBM-00200_11/volumes/brain_mask.nii.gz	303706
upenn-gbm/UPENN-GBM-00200_11/volumes/tumor_seg.nii.gz	201542
upenn-gbm/UPENN-GBM-00201_11/preprocessing_metadata.json	1714
upenn-gbm/UPENN-GBM-00201_11/volumes/FLAIR.nii.gz	6493039
upenn-gbm/UPENN-GBM-00201_11/volumes/T1.nii.gz	6442023
upenn-gbm/UPENN-GBM-00201_11/volumes/T1c.nii.gz	6499552
upenn-gbm/UPENN-GBM-00201_11/volumes/T2.nii.gz	6443190
upenn-gbm/UPENN-GBM-00201_11/volumes/brain_mask.nii.gz	319535
upenn-gbm/UPENN-GBM-00201_11/volumes/tumor_seg.nii.gz	169034
upenn-gbm/UPENN-GBM-00202_11/preprocessing_metadata.json	1725
upenn-gbm/UPENN-GBM-00202_11/volumes/FLAIR.nii.gz	5810610
upenn-gbm/UPENN-GBM-00202_11/volumes/T1.nii.gz	5749419
upenn-gbm/UPENN-GBM-00202_11/volumes/T1c.nii.gz	5797105
upenn-gbm/UPENN-GBM-00202_11/volumes/T2.nii.gz	5738689
upenn-gbm/UPENN-GBM-00202_11/volumes/brain_mask.nii.gz	299375
upenn-gbm/UPENN-GBM-00202_11/volumes/tumor_seg.nii.gz	187081
upenn-gbm/UPENN-GBM-00203_11/preprocessing_metadata.json	1740
upenn-gbm/UPENN-GBM-00203_11/volumes/FLAIR.nii.gz	6557496
upenn-gbm/UPENN-GBM-00203_11/volumes/T1.nii.gz	6496230
upenn-gbm/UPENN-GBM-00203_11/volumes/T1c.nii.gz	6552165
upenn-gbm/UPENN-GBM-00203_11/volumes/T2.nii.gz	6500894
upenn-gbm/UPENN-GBM-00203_11/volumes/brain_mask.nii.gz	316516
upenn-gbm/UPENN-GBM-00203_11/volumes/tumor_seg.nii.gz	242768
upenn-gbm/UPENN-GBM-00204_11/preprocessing_metadata.json	1741
upenn-gbm/UPENN-GBM-00204_11/volumes/FLAIR.nii.gz	5710724
upenn-gbm/UPENN-GBM-00204_11/volumes/T1.nii.gz	5662857
upenn-gbm/UPENN-GBM-00204_11/volumes/T1c.nii.gz	5708542
upenn-gbm/UPENN-GBM-00204_11/volumes/T2.nii.gz	5680985
upenn-gbm/UPENN-GBM-00204_11/volumes/brain_mask.nii.gz	304447
upenn-gbm/UPENN-GBM-00204_11/volumes/tumor_seg.nii.gz	211945
upenn-gbm/UPENN-GBM-00205_11/preprocessing_metadata.json	1727
upenn-gbm/UPENN-GBM-00205_11/volumes/FLAIR.nii.gz	5169708
upenn-gbm/UPENN-GBM-00205_11/volumes/T1.nii.gz	5139721
upenn-gbm/UPENN-GBM-00205_11/volumes/T1c.nii.gz	5183159
upenn-gbm/UPENN-GBM-00205_11/volumes/T2.nii.gz	5138568
upenn-gbm/UPENN-GBM-00205_11/volumes/brain_mask.nii.gz	289590
upenn-gbm/UPENN-GBM-00205_11/volumes/tumor_seg.nii.gz	224822
upenn-gbm/UPENN-GBM-00206_11/preprocessing_metadata.json	1726
upenn-gbm/UPENN-GBM-00206_11/volumes/FLAIR.nii.gz	5380541
upenn-gbm/UPENN-GBM-00206_11/volumes/T1.nii.gz	5355520
upenn-gbm/UPENN-GBM-00206_11/volumes/T1c.nii.gz	5384414
upenn-gbm/UPENN-GBM-00206_11/volumes/T2.nii.gz	5370370
upenn-gbm/UPENN-GBM-00206_11/volumes/brain_mask.nii.gz	294293
upenn-gbm/UPENN-GBM-00206_11/volumes/tumor_seg.nii.gz	172098
upenn-gbm/UPENN-GBM-00207_11/preprocessing_metadata.json	1745
upenn-gbm/UPENN-GBM-00207_11/volumes/FLAIR.nii.gz	4886821
upenn-gbm/UPENN-GBM-00207_11/volumes/T1.nii.gz	4847435
upenn-gbm/UPENN-GBM-00207_11/volumes/T1c.nii.gz	4879155
upenn-gbm/UPENN-GBM-00207_11/volumes/T2.nii.gz	4838298
upenn-gbm/UPENN-GBM-00207_11/volumes/brain_mask.nii.gz	281148
upenn-gbm/UPENN-GBM-00207_11/volumes/tumor_seg.nii.gz	216604
upenn-gbm/UPENN-GBM-00208_11/preprocessing_metadata.json	1723
upenn-gbm/UPENN-GBM-00208_11/volumes/FLAIR.nii.gz	6001935
upenn-gbm/UPENN-GBM-00208_11/volumes/T1.nii.gz	5958861
upenn-gbm/UPENN-GBM-00208_11/volumes/T1c.nii.gz	5994163
upenn-gbm/UPENN-GBM-00208_11/volumes/T2.nii.gz	5969143
upenn-gbm/UPENN-GBM-00208_11/volumes/brain_mask.nii.gz	304874
upenn-gbm/UPENN-GBM-00208_11/volumes/tumor_seg.nii.gz	200315
upenn-gbm/UPENN-GBM-00209_11/preprocessing_metadata.json	1741
upenn-gbm/UPENN-GBM-00209_11/volumes/FLAIR.nii.gz	5864907
upenn-gbm/UPENN-GBM-00209_11/volumes/T1.nii.gz	5839367
upenn-gbm/UPENN-GBM-00209_11/volumes/T1c.nii.gz	5871317
upenn-gbm/UPENN-GBM-00209_11/volumes/T2.nii.gz	5824358
upenn-gbm/UPENN-GBM-00209_11/volumes/brain_mask.nii.gz	299486
upenn-gbm/UPENN-GBM-00209_11/volumes/tumor_seg.nii.gz	220080
upenn-gbm/UPENN-GBM-00210_11/preprocessing_metadata.json	1741
upenn-gbm/UPENN-GBM-00210_11/volumes/FLAIR.nii.gz	5809234
upenn-gbm/UPENN-GBM-00210_11/volumes/T1.nii.gz	5783893
upenn-gbm/UPENN-GBM-00210_11/volumes/T1c.nii.gz	5828373
upenn-gbm/UPENN-GBM-00210_11/volumes/T2.nii.gz	5777948
upenn-gbm/UPENN-GBM-00210_11/volumes/brain_mask.nii.gz	304520
upenn-gbm/UPENN-GBM-00210_11/volumes/tumor_seg.nii.gz	213327
upenn-gbm/UPENN-GBM-00211_11/preprocessing_metadata.json	1739
upenn-gbm/UPENN-GBM-00211_11/volumes/FLAIR.nii.gz	6237923
upenn-gbm/UPENN-GBM-00211_11/volumes/T1.nii.gz	6171439
upenn-gbm/UPENN-GBM-00211_11/volumes/T1c.nii.gz	6215862
upenn-gbm/UPENN-GBM-00211_11/volumes/T2.nii.gz	6176374
upenn-gbm/UPENN-GBM-00211_11/volumes/brain_mask.nii.gz	318405
upenn-gbm/UPENN-GBM-00211_11/volumes/tumor_seg.nii.gz	224959
upenn-gbm/UPENN-GBM-00212_11/preprocessing_metadata.json	1739
upenn-gbm/UPENN-GBM-00212_11/volumes/FLAIR.nii.gz	5676892
upenn-gbm/UPENN-GBM-00212_11/volumes/T1.nii.gz	5658164
upenn-gbm/UPENN-GBM-00212_11/volumes/T1c.nii.gz	5698668
upenn-gbm/UPENN-GBM-00212_11/volumes/T2.nii.gz	5632613
upenn-gbm/UPENN-GBM-00212_11/volumes/brain_mask.nii.gz	292044
upenn-gbm/UPENN-GBM-00212_11/volumes/tumor_seg.nii.gz	225456
upenn-gbm/UPENN-GBM-00213_11/preprocessing_metadata.json	1726
upenn-gbm/UPENN-GBM-00213_11/volumes/FLAIR.nii.gz	5483797
upenn-gbm/UPENN-GBM-00213_11/volumes/T1.nii.gz	5449553
upenn-gbm/UPENN-GBM-00213_11/volumes/T1c.nii.gz	5490243
upenn-gbm/UPENN-GBM-00213_11/volumes/T2.nii.gz	5437175
upenn-gbm/UPENN-GBM-00213_11/volumes/brain_mask.nii.gz	297631
upenn-gbm/UPENN-GBM-00213_11/volumes/tumor_seg.nii.gz	208240
upenn-gbm/UPENN-GBM-00214_11/preprocessing_metadata.json	1721
upenn-gbm/UPENN-GBM-00214_11/volumes/FLAIR.nii.gz	6553465
upenn-gbm/UPENN-GBM-00214_11/volumes/T1.nii.gz	6540112
upenn-gbm/UPENN-GBM-00214_11/volumes/T1c.nii.gz	6570401
upenn-gbm/UPENN-GBM-00214_11/volumes/T2.nii.gz	6510581
upenn-gbm/UPENN-GBM-00214_11/volumes/brain_mask.nii.gz	309543
upenn-gbm/UPENN-GBM-00214_11/volumes/tumor_seg.nii.gz	250312
upenn-gbm/UPENN-GBM-00215_11/preprocessing_metadata.json	1710
upenn-gbm/UPENN-GBM-00215_11/volumes/FLAIR.nii.gz	5702670
upenn-gbm/UPENN-GBM-00215_11/volumes/T1.nii.gz	5658990
upenn-gbm/UPENN-GBM-00215_11/volumes/T1c.nii.gz	5701785
upenn-gbm/UPENN-GBM-00215_11/volumes/T2.nii.gz	5654951
upenn-gbm/UPENN-GBM-00215_11/volumes/brain_mask.nii.gz	298028
upenn-gbm/UPENN-GBM-00215_11/volumes/tumor_seg.nii.gz	200126
upenn-gbm/UPENN-GBM-00216_11/preprocessing_metadata.json	1723
upenn-gbm/UPENN-GBM-00216_11/volumes/FLAIR.nii.gz	5225794
upenn-gbm/UPENN-GBM-00216_11/volumes/T1.nii.gz	5183453
upenn-gbm/UPENN-GBM-00216_11/volumes/T1c.nii.gz	5223393
upenn-gbm/UPENN-GBM-00216_11/volumes/T2.nii.gz	5201121
upenn-gbm/UPENN-GBM-00216_11/volumes/brain_mask.nii.gz	293391
upenn-gbm/UPENN-GBM-00216_11/volumes/tumor_seg.nii.gz	207281
upenn-gbm/UPENN-GBM-00217_11/preprocessing_metadata.json	1725
upenn-gbm/UPENN-GBM-00217_11/volumes/FLAIR.nii.gz	5958115
upenn-gbm/UPENN-GBM-00217_11/volumes/T1.nii.gz	5938899
upenn-gbm/UPENN-GBM-00217_11/volumes/T1c.nii.gz	5958946
upenn-gbm/UPENN-GBM-00217_11/volumes/T2.nii.gz	5926808
upenn-gbm/UPENN-GBM-00217_11/volumes/brain_mask.nii.gz	313880
upenn-gbm/UPENN-GBM-00217_11/volumes/tumor_seg.nii.gz	228392
upenn-gbm/UPENN-GBM-00218_11/preprocessing_metadata.json	1726
upenn-gbm/UPENN-GBM-00218_11/volumes/FLAIR.nii.gz	5474532
upenn-gbm/UPENN-GBM-00218_11/volumes/T1.nii.gz	5446297
upenn-gbm/UPENN-GBM-00218_11/volumes/T1c.nii.gz	5477582
upenn-gbm/UPENN-GBM-00218_11/volumes/T2.nii.gz	5431786
upenn-gbm/UPENN-GBM-00218_11/volumes/brain_mask.nii.gz	291870
upenn-gbm/UPENN-GBM-00218_11/volumes/tumor_seg.nii.gz	227821
upenn-gbm/UPENN-GBM-00219_11/preprocessing_metadata.json	1738
upenn-gbm/UPENN-GBM-00219_11/volumes/FLAIR.nii.gz	5750615
upenn-gbm/UPENN-GBM-00219_11/volumes/T1.nii.gz	5704204
upenn-gbm/UPENN-GBM-00219_11/volumes/T1c.nii.gz	5733868
upenn-gbm/UPENN-GBM-00219_11/volumes/T2.nii.gz	5673462
upenn-gbm/UPENN-GBM-00219_11/volumes/brain_mask.nii.gz	303368
upenn-gbm/UPENN-GBM-00219_11/volumes/tumor_seg.nii.gz	204484
upenn-gbm/UPENN-GBM-00220_11/preprocessing_metadata.json	1737
upenn-gbm/UPENN-GBM-00220_11/volumes/FLAIR.nii.gz	5641706
upenn-gbm/UPENN-GBM-00220_11/volumes/T1.nii.gz	5586071
upenn-gbm/UPENN-GBM-00220_11/volumes/T1c.nii.gz	5629713
upenn-gbm/UPENN-GBM-00220_11/volumes/T2.nii.gz	5597808
upenn-gbm/UPENN-GBM-00220_11/volumes/brain_mask.nii.gz	304755
upenn-gbm/UPENN-GBM-00220_11/volumes/tumor_seg.nii.gz	166532
upenn-gbm/UPENN-GBM-00221_11/preprocessing_metadata.json	1741
upenn-gbm/UPENN-GBM-00221_11/volumes/FLAIR.nii.gz	5166190
upenn-gbm/UPENN-GBM-00221_11/volumes/T1.nii.gz	5125582
upenn-gbm/UPENN-GBM-00221_11/volumes/T1c.nii.gz	5156084
upenn-gbm/UPENN-GBM-00221_11/volumes/T2.nii.gz	5129641
upenn-gbm/UPENN-GBM-00221_11/volumes/brain_mask.nii.gz	283581
upenn-gbm/UPENN-GBM-00221_11/volumes/tumor_seg.nii.gz	169416
upenn-gbm/UPENN-GBM-00222_11/preprocessing_metadata.json	1741
upenn-gbm/UPENN-GBM-00222_11/volumes/FLAIR.nii.gz	5141580
upenn-gbm/UPENN-GBM-00222_11/volumes/T1.nii.gz	5126238
upenn-gbm/UPENN-GBM-00222_11/volumes/T1c.nii.gz	5165437
upenn-gbm/UPENN-GBM-00222_11/volumes/T2.nii.gz	5122523
upenn-gbm/UPENN-GBM-00222_11/volumes/brain_mask.nii.gz	291636
upenn-gbm/UPENN-GBM-00222_11/volumes/tumor_seg.nii.gz	217113
upenn-gbm/UPENN-GBM-00223_11/preprocessing_metadata.json	1737
upenn-gbm/UPENN-GBM-00223_11/volumes/FLAIR.nii.gz	5068981
upenn-gbm/UPENN-GBM-00223_11/volumes/T1.nii.gz	5030133
upenn-gbm/UPENN-GBM-00223_11/volumes/T1c.nii.gz	5066562
upenn-gbm/UPENN-GBM-00223_11/volumes/T2.nii.gz	5038580
upenn-gbm/UPENN-GBM-00223_11/volumes/brain_mask.nii.gz	292001
upenn-gbm/UPENN-GBM-00223_11/volumes/tumor_seg.nii.gz	196981
upenn-gbm/UPENN-GBM-00224_11/preprocessing_metadata.json	1728
upenn-gbm/UPENN-GBM-00224_11/volumes/FLAIR.nii.gz	5091897
upenn-gbm/UPENN-GBM-00224_11/volumes/T1.nii.gz	5077734
upenn-gbm/UPENN-GBM-00224_11/volumes/T1c.nii.gz	5107960
upenn-gbm/UPENN-GBM-00224_11/volumes/T2.nii.gz	5072749
upenn-gbm/UPENN-GBM-00224_11/volumes/brain_mask.nii.gz	292186
upenn-gbm/UPENN-GBM-00224_11/volumes/tumor_seg.nii.gz	216287
upenn-gbm/UPENN-GBM-00225_11/preprocessing_metadata.json	1723
upenn-gbm/UPENN-GBM-00225_11/volumes/FLAIR.nii.gz	6857047
upenn-gbm/UPENN-GBM-00225_11/volumes/T1.nii.gz	6793067
upenn-gbm/UPENN-GBM-00225_11/volumes/T1c.nii.gz	6833564
upenn-gbm/UPENN-GBM-00225_11/volumes/T2.nii.gz	6769373
upenn-gbm/UPENN-GBM-00225_11/volumes/brain_mask.nii.gz	322959
upenn-gbm/UPENN-GBM-00225_11/volumes/tumor_seg.nii.gz	268865
upenn-gbm/UPENN-GBM-00226_11/preprocessing_metadata.json	1708
upenn-gbm/UPENN-GBM-00226_11/volumes/FLAIR.nii.gz	6177974
upenn-gbm/UPENN-GBM-00226_11/volumes/T1.nii.gz	6134024
upenn-gbm/UPENN-GBM-00226_11/volumes/T1c.nii.gz	6173678
upenn-gbm/UPENN-GBM-00226_11/volumes/T2.nii.gz	6139442
upenn-gbm/UPENN-GBM-00226_11/volumes/brain_mask.nii.gz	309781
upenn-gbm/UPENN-GBM-00226_11/volumes/tumor_seg.nii.gz	203042
upenn-gbm/UPENN-GBM-00227_11/preprocessing_metadata.json	1705
upenn-gbm/UPENN-GBM-00227_11/volumes/FLAIR.nii.gz	5549549
upenn-gbm/UPENN-GBM-00227_11/volumes/T1.nii.gz	5511932
upenn-gbm/UPENN-GBM-00227_11/volumes/T1c.nii.gz	5550365
upenn-gbm/UPENN-GBM-00227_11/volumes/T2.nii.gz	5535694
upenn-gbm/UPENN-GBM-00227_11/volumes/brain_mask.nii.gz	288865
upenn-gbm/UPENN-GBM-00227_11/volumes/tumor_seg.nii.gz	280751
upenn-gbm/UPENN-GBM-00228_11/preprocessing_metadata.json	1725
upenn-gbm/UPENN-GBM-00228_11/volumes/FLAIR.nii.gz	6489405
upenn-gbm/UPENN-GBM-00228_11/volumes/T1.nii.gz	6445755
upenn-gbm/UPENN-GBM-00228_11/volumes/T1c.nii.gz	6483356
upenn-gbm/UPENN-GBM-00228_11/volumes/T2.nii.gz	6473025
upenn-gbm/UPENN-GBM-00228_11/volumes/brain_mask.nii.gz	313894
upenn-gbm/UPENN-GBM-00228_11/volumes/tumor_seg.nii.gz	206389
upenn-gbm/UPENN-GBM-00229_11/preprocessing_metadata.json	1732
upenn-gbm/UPENN-GBM-00229_11/volumes/FLAIR.nii.gz	6823760
upenn-gbm/UPENN-GBM-00229_11/volumes/T1.nii.gz	6801679
upenn-gbm/UPENN-GBM-00229_11/volumes/T1c.nii.gz	6842878
upenn-gbm/UPENN-GBM-00229_11/volumes/T2.nii.gz	6823521
upenn-gbm/UPENN-GBM-00229_11/volumes/brain_mask.nii.gz	324788
upenn-gbm/UPENN-GBM-00229_11/volumes/tumor_seg.nii.gz	239000
upenn-gbm/UPENN-GBM-00230_11/preprocessing_metadata.json	1732
upenn-gbm/UPENN-GBM-00230_11/volumes/FLAIR.nii.gz	5037363
upenn-gbm/UPENN-GBM-00230_11/volumes/T1.nii.gz	4989816
upenn-gbm/UPENN-GBM-00230_11/volumes/T1c.nii.gz	5032106
upenn-gbm/UPENN-GBM-00230_11/volumes/T2.nii.gz	5004085
upenn-gbm/UPENN-GBM-00230_11/volumes/brain_mask.nii.gz	286664
upenn-gbm/UPENN-GBM-00230_11/volumes/tumor_seg.nii.gz	214596
upenn-gbm/UPENN-GBM-00231_11/preprocessing_metadata.json	1733
upenn-gbm/UPENN-GBM-00231_11/volumes/FLAIR.nii.gz	5563495
upenn-gbm/UPENN-GBM-00231_11/volumes/T1.nii.gz	5528450
upenn-gbm/UPENN-GBM-00231_11/volumes/T1c.nii.gz	5566662
upenn-gbm/UPENN-GBM-00231_11/volumes/T2.nii.gz	5520148
upenn-gbm/UPENN-GBM-00231_11/volumes/brain_mask.nii.gz	295675
upenn-gbm/UPENN-GBM-00231_11/volumes/tumor_seg.nii.gz	246808
upenn-gbm/UPENN-GBM-00232_11/preprocessing_metadata.json	1741
upenn-gbm/UPENN-GBM-00232_11/volumes/FLAIR.nii.gz	5259610
upenn-gbm/UPENN-GBM-00232_11/volumes/T1.nii.gz	5221426
upenn-gbm/UPENN-GBM-00232_11/volumes/T1c.nii.gz	5259831
upenn-gbm/UPENN-GBM-00232_11/volumes/T2.nii.gz	5204469
upenn-gbm/UPENN-GBM-00232_11/volumes/brain_mask.nii.gz	293607
upenn-gbm/UPENN-GBM-00232_11/volumes/tumor_seg.nii.gz	209625
upenn-gbm/UPENN-GBM-00233_11/preprocessing_metadata.json	1738
upenn-gbm/UPENN-GBM-00233_11/volumes/FLAIR.nii.gz	6017331
upenn-gbm/UPENN-GBM-00233_11/volumes/T1.nii.gz	5954146
upenn-gbm/UPENN-GBM-00233_11/volumes/T1c.nii.gz	6005147
upenn-gbm/UPENN-GBM-00233_11/volumes/T2.nii.gz	5946327
upenn-gbm/UPENN-GBM-00233_11/volumes/brain_mask.nii.gz	297423
upenn-gbm/UPENN-GBM-00233_11/volumes/tumor_seg.nii.gz	165519
upenn-gbm/UPENN-GBM-00234_11/preprocessing_metadata.json	1742
upenn-gbm/UPENN-GBM-00234_11/volumes/FLAIR.nii.gz	6602366
upenn-gbm/UPENN-GBM-00234_11/volumes/T1.nii.gz	6542045
upenn-gbm/UPENN-GBM-00234_11/volumes/T1c.nii.gz	6595050
upenn-gbm/UPENN-GBM-00234_11/volumes/T2.nii.gz	6530349
upenn-gbm/UPENN-GBM-00234_11/volumes/brain_mask.nii.gz	316703
upenn-gbm/UPENN-GBM-00234_11/volumes/tumor_seg.nii.gz	194632
upenn-gbm/UPENN-GBM-00235_11/preprocessing_metadata.json	1738
upenn-gbm/UPENN-GBM-00235_11/volumes/FLAIR.nii.gz	5478253
upenn-gbm/UPENN-GBM-00235_11/volumes/T1.nii.gz	5432640
upenn-gbm/UPENN-GBM-00235_11/volumes/T1c.nii.gz	5474529
upenn-gbm/UPENN-GBM-00235_11/volumes/T2.nii.gz	5396952
upenn-gbm/UPENN-GBM-00235_11/volumes/brain_mask.nii.gz	296639
upenn-gbm/UPENN-GBM-00235_11/volumes/tumor_seg.nii.gz	224577
upenn-gbm/UPENN-GBM-00236_11/preprocessing_metadata.json	1739
upenn-gbm/UPENN-GBM-00236_11/volumes/FLAIR.nii.gz	5586221
upenn-gbm/UPENN-GBM-00236_11/volumes/T1.nii.gz	5502122
upenn-gbm/UPENN-GBM-00236_11/volumes/T1c.nii.gz	5539167
upenn-gbm/UPENN-GBM-00236_11/volumes/T2.nii.gz	5501396
upenn-gbm/UPENN-GBM-00236_11/volumes/brain_mask.nii.gz	303198
upenn-gbm/UPENN-GBM-00236_11/volumes/tumor_seg.nii.gz	214221
upenn-gbm/UPENN-GBM-00237_11/preprocessing_metadata.json	1739
upenn-gbm/UPENN-GBM-00237_11/volumes/FLAIR.nii.gz	6048580
upenn-gbm/UPENN-GBM-00237_11/volumes/T1.nii.gz	5968989
upenn-gbm/UPENN-GBM-00237_11/volumes/T1c.nii.gz	6011415
upenn-gbm/UPENN-GBM-00237_11/volumes/T2.nii.gz	5981624
upenn-gbm/UPENN-GBM-00237_11/volumes/brain_mask.nii.gz	316594
upenn-gbm/UPENN-GBM-00237_11/volumes/tumor_seg.nii.gz	189547
upenn-gbm/UPENN-GBM-00238_11/preprocessing_metadata.json	1722
upenn-gbm/UPENN-GBM-00238_11/volumes/FLAIR.nii.gz	5833633
upenn-gbm/UPENN-GBM-00238_11/volumes/T1.nii.gz	5795982
upenn-gbm/UPENN-GBM-00238_11/volumes/T1c.nii.gz	5842612
upenn-gbm/UPENN-GBM-00238_11/volumes/T2.nii.gz	5786156
upenn-gbm/UPENN-GBM-00238_11/volumes/brain_mask.nii.gz	305871
upenn-gbm/UPENN-GBM-00238_11/volumes/tumor_seg.nii.gz	180923
upenn-gbm/UPENN-GBM-00239_11/preprocessing_metadata.json	1717
upenn-gbm/UPENN-GBM-00239_11/volumes/FLAIR.nii.gz	4848144
upenn-gbm/UPENN-GBM-00239_11/volumes/T1.nii.gz	4822333
upenn-gbm/UPENN-GBM-00239_11/volumes/T1c.nii.gz	4846597
upenn-gbm/UPENN-GBM-00239_11/volumes/T2.nii.gz	4798291
upenn-gbm/UPENN-GBM-00239_11/volumes/brain_mask.nii.gz	268473
upenn-gbm/UPENN-GBM-00239_11/volumes/tumor_seg.nii.gz	191095
upenn-gbm/UPENN-GBM-00240_11/preprocessing_metadata.json	1728
upenn-gbm/UPENN-GBM-00240_11/volumes/FLAIR.nii.gz	6566028
upenn-gbm/UPENN-GBM-00240_11/volumes/T1.nii.gz	6480743
upenn-gbm/UPENN-GBM-00240_11/volumes/T1c.nii.gz	6542886
upenn-gbm/UPENN-GBM-00240_11/volumes/T2.nii.gz	6473251
upenn-gbm/UPENN-GBM-00240_11/volumes/brain_mask.nii.gz	315575
upenn-gbm/UPENN-GBM-00240_11/volumes/tumor_seg.nii.gz	199463
upenn-gbm/UPENN-GBM-00241_11/preprocessing_metadata.json	1725
upenn-gbm/UPENN-GBM-00241_11/volumes/FLAIR.nii.gz	5665946
upenn-gbm/UPENN-GBM-00241_11/volumes/T1.nii.gz	5615946
upenn-gbm/UPENN-GBM-00241_11/volumes/T1c.nii.gz	5659074
upenn-gbm/UPENN-GBM-00241_11/volumes/T2.nii.gz	5614786
upenn-gbm/UPENN-GBM-00241_11/volumes/brain_mask.nii.gz	297539
upenn-gbm/UPENN-GBM-00241_11/volumes/tumor_seg.nii.gz	183837
upenn-gbm/UPENN-GBM-00242_11/preprocessing_metadata.json	1735
upenn-gbm/UPENN-GBM-00242_11/volumes/FLAIR.nii.gz	5516533
upenn-gbm/UPENN-GBM-00242_11/volumes/T1.nii.gz	5465570
upenn-gbm/UPENN-GBM-00242_11/volumes/T1c.nii.gz	5508181
upenn-gbm/UPENN-GBM-00242_11/volumes/T2.nii.gz	5459219
upenn-gbm/UPENN-GBM-00242_11/volumes/brain_mask.nii.gz	299879
upenn-gbm/UPENN-GBM-00242_11/volumes/tumor_seg.nii.gz	200582
upenn-gbm/UPENN-GBM-00243_11/preprocessing_metadata.json	1726
upenn-gbm/UPENN-GBM-00243_11/volumes/FLAIR.nii.gz	5422566
upenn-gbm/UPENN-GBM-00243_11/volumes/T1.nii.gz	5419508
upenn-gbm/UPENN-GBM-00243_11/volumes/T1c.nii.gz	5453142
upenn-gbm/UPENN-GBM-00243_11/volumes/T2.nii.gz	5395921
upenn-gbm/UPENN-GBM-00243_11/volumes/brain_mask.nii.gz	297137
upenn-gbm/UPENN-GBM-00243_11/volumes/tumor_seg.nii.gz	209235
upenn-gbm/UPENN-GBM-00244_11/preprocessing_metadata.json	1722
upenn-gbm/UPENN-GBM-00244_11/volumes/FLAIR.nii.gz	5543403
upenn-gbm/UPENN-GBM-00244_11/volumes/T1.nii.gz	5498934
upenn-gbm/UPENN-GBM-00244_11/volumes/T1c.nii.gz	5543286
upenn-gbm/UPENN-GBM-00244_11/volumes/T2.nii.gz	5483919
upenn-gbm/UPENN-GBM-00244_11/volumes/brain_mask.nii.gz	300023
upenn-gbm/UPENN-GBM-00244_11/volumes/tumor_seg.nii.gz	174737
upenn-gbm/UPENN-GBM-00245_11/preprocessing_metadata.json	1735
upenn-gbm/UPENN-GBM-00245_11/volumes/FLAIR.nii.gz	5418855
upenn-gbm/UPENN-GBM-00245_11/volumes/T1.nii.gz	5360985
upenn-gbm/UPENN-GBM-00245_11/volumes/T1c.nii.gz	5408224
upenn-gbm/UPENN-GBM-00245_11/volumes/T2.nii.gz	5374036
upenn-gbm/UPENN-GBM-00245_11/volumes/brain_mask.nii.gz	293987
upenn-gbm/UPENN-GBM-00245_11/volumes/tumor_seg.nii.gz	171281
upenn-gbm/UPENN-GBM-00246_11/preprocessing_metadata.json	1735
upenn-gbm/UPENN-GBM-00246_11/volumes/FLAIR.nii.gz	5939182
upenn-gbm/UPENN-GBM-00246_11/volumes/T1.nii.gz	5889580
upenn-gbm/UPENN-GBM-00246_11/volumes/T1c.nii.gz	5927148
upenn-gbm/UPENN-GBM-00246_11/volumes/T2.nii.gz	5869689
upenn-gbm/UPENN-GBM-00246_11/volumes/brain_mask.nii.gz	304309
upenn-gbm/UPENN-GBM-00246_11/volumes/tumor_seg.nii.gz	204425
upenn-gbm/UPENN-GBM-00247_11/preprocessing_metadata.json	1739
upenn-gbm/UPENN-GBM-00247_11/volumes/FLAIR.nii.gz	5099443
upenn-gbm/UPENN-GBM-00247_11/volumes/T1.nii.gz	5059345
upenn-gbm/UPENN-GBM-00247_11/volumes/T1c.nii.gz	5075259
upenn-gbm/UPENN-GBM-00247_11/volumes/T2.nii.gz	5048198
upenn-gbm/UPENN-GBM-00247_11/volumes/brain_mask.nii.gz	277840
upenn-gbm/UPENN-GBM-00247_11/volumes/tumor_seg.nii.gz	178463
upenn-gbm/UPENN-GBM-00248_11/preprocessing_metadata.json	1740
upenn-gbm/UPENN-GBM-00248_11/volumes/FLAIR.nii.gz	6458806
upenn-gbm/UPENN-GBM-00248_11/volumes/T1.nii.gz	6407994
upenn-gbm/UPENN-GBM-00248_11/volumes/T1c.nii.gz	6451133
upenn-gbm/UPENN-GBM-00248_11/volumes/T2.nii.gz	6415299
upenn-gbm/UPENN-GBM-00248_11/volumes/brain_mask.nii.gz	319727
upenn-gbm/UPENN-GBM-00248_11/volumes/tumor_seg.nii.gz	197736
upenn-gbm/UPENN-GBM-00249_11/preprocessing_metadata.json	1722
upenn-gbm/UPENN-GBM-00249_11/volumes/FLAIR.nii.gz	5725233
upenn-gbm/UPENN-GBM-00249_11/volumes/T1.nii.gz	5710921
upenn-gbm/UPENN-GBM-00249_11/volumes/T1c.nii.gz	5741785
upenn-gbm/UPENN-GBM-00249_11/volumes/T2.nii.gz	5709162
upenn-gbm/UPENN-GBM-00249_11/volumes/brain_mask.nii.gz	297804
upenn-gbm/UPENN-GBM-00249_11/volumes/tumor_seg.nii.gz	216183
upenn-gbm/UPENN-GBM-00250_11/preprocessing_metadata.json	1740
upenn-gbm/UPENN-GBM-00250_11/volumes/FLAIR.nii.gz	6017050
upenn-gbm/UPENN-GBM-00250_11/volumes/T1.nii.gz	6000374
upenn-gbm/UPENN-GBM-00250_11/volumes/T1c.nii.gz	6032426
upenn-gbm/UPENN-GBM-00250_11/volumes/T2.nii.gz	5995822
upenn-gbm/UPENN-GBM-00250_11/volumes/brain_mask.nii.gz	311407
upenn-gbm/UPENN-GBM-00250_11/volumes/tumor_seg.nii.gz	217123
upenn-gbm/UPENN-GBM-00251_11/preprocessing_metadata.json	1726
upenn-gbm/UPENN-GBM-00251_11/volumes/FLAIR.nii.gz	5338170
upenn-gbm/UPENN-GBM-00251_11/volumes/T1.nii.gz	5311287
upenn-gbm/UPENN-GBM-00251_11/volumes/T1c.nii.gz	5359947
upenn-gbm/UPENN-GBM-00251_11/volumes/T2.nii.gz	5332491
upenn-gbm/UPENN-GBM-00251_11/volumes/brain_mask.nii.gz	281549
upenn-gbm/UPENN-GBM-00251_11/volumes/tumor_seg.nii.gz	213036
upenn-gbm/UPENN-GBM-00252_11/preprocessing_metadata.json	1721
upenn-gbm/UPENN-GBM-00252_11/volumes/FLAIR.nii.gz	5687867
upenn-gbm/UPENN-GBM-00252_11/volumes/T1.nii.gz	5653011
upenn-gbm/UPENN-GBM-00252_11/volumes/T1c.nii.gz	5693661
upenn-gbm/UPENN-GBM-00252_11/volumes/T2.nii.gz	5636608
upenn-gbm/UPENN-GBM-00252_11/volumes/brain_mask.nii.gz	308972
upenn-gbm/UPENN-GBM-00252_11/volumes/tumor_seg.nii.gz	190755
upenn-gbm/UPENN-GBM-00253_11/preprocessing_metadata.json	1712
upenn-gbm/UPENN-GBM-00253_11/volumes/FLAIR.nii.gz	5778099
upenn-gbm/UPENN-GBM-00253_11/volumes/T1.nii.gz	5725019
upenn-gbm/UPENN-GBM-00253_11/volumes/T1c.nii.gz	5778319
upenn-gbm/UPENN-GBM-00253_11/volumes/T2.nii.gz	5716296
upenn-gbm/UPENN-GBM-00253_11/volumes/brain_mask.nii.gz	297700
upenn-gbm/UPENN-GBM-00253_11/volumes/tumor_seg.nii.gz	210397
upenn-gbm/UPENN-GBM-00254_11/preprocessing_metadata.json	1722
upenn-gbm/UPENN-GBM-00254_11/volumes/FLAIR.nii.gz	6970269
upenn-gbm/UPENN-GBM-00254_11/volumes/T1.nii.gz	6992819
upenn-gbm/UPENN-GBM-00254_11/volumes/T1c.nii.gz	7023761
upenn-gbm/UPENN-GBM-00254_11/volumes/T2.nii.gz	6975093
upenn-gbm/UPENN-GBM-00254_11/volumes/brain_mask.nii.gz	326831
upenn-gbm/UPENN-GBM-00254_11/volumes/tumor_seg.nii.gz	249228
upenn-gbm/UPENN-GBM-00255_11/preprocessing_metadata.json	1738
upenn-gbm/UPENN-GBM-00255_11/volumes/FLAIR.nii.gz	5961368
upenn-gbm/UPENN-GBM-00255_11/volumes/T1.nii.gz	5914378
upenn-gbm/UPENN-GBM-00255_11/volumes/T1c.nii.gz	5954414
upenn-gbm/UPENN-GBM-00255_11/volumes/T2.nii.gz	5905566
upenn-gbm/UPENN-GBM-00255_11/volumes/brain_mask.nii.gz	304135
upenn-gbm/UPENN-GBM-00255_11/volumes/tumor_seg.nii.gz	184023
upenn-gbm/UPENN-GBM-00256_11/preprocessing_metadata.json	1726
upenn-gbm/UPENN-GBM-00256_11/volumes/FLAIR.nii.gz	4407902
upenn-gbm/UPENN-GBM-00256_11/volumes/T1.nii.gz	4377830
upenn-gbm/UPENN-GBM-00256_11/volumes/T1c.nii.gz	4409761
upenn-gbm/UPENN-GBM-00256_11/volumes/T2.nii.gz	4385388
upenn-gbm/UPENN-GBM-00256_11/volumes/brain_mask.nii.gz	271536
upenn-gbm/UPENN-GBM-00256_11/volumes/tumor_seg.nii.gz	187926
upenn-gbm/UPENN-GBM-00257_11/preprocessing_metadata.json	1721
upenn-gbm/UPENN-GBM-00257_11/volumes/FLAIR.nii.gz	6133456
upenn-gbm/UPENN-GBM-00257_11/volumes/T1.nii.gz	6087129
upenn-gbm/UPENN-GBM-00257_11/volumes/T1c.nii.gz	6123949
upenn-gbm/UPENN-GBM-00257_11/volumes/T2.nii.gz	6088665
upenn-gbm/UPENN-GBM-00257_11/volumes/brain_mask.nii.gz	308942
upenn-gbm/UPENN-GBM-00257_11/volumes/tumor_seg.nii.gz	211670
upenn-gbm/UPENN-GBM-00258_11/preprocessing_metadata.json	1718
upenn-gbm/UPENN-GBM-00258_11/volumes/FLAIR.nii.gz	6278911
upenn-gbm/UPENN-GBM-00258_11/volumes/T1.nii.gz	6235761
upenn-gbm/UPENN-GBM-00258_11/volumes/T1c.nii.gz	6271303
upenn-gbm/UPENN-GBM-00258_11/volumes/T2.nii.gz	6242101
upenn-gbm/UPENN-GBM-00258_11/volumes/brain_mask.nii.gz	310626
upenn-gbm/UPENN-GBM-00258_11/volumes/tumor_seg.nii.gz	172902
upenn-gbm/UPENN-GBM-00259_11/preprocessing_metadata.json	1708
upenn-gbm/UPENN-GBM-00259_11/volumes/FLAIR.nii.gz	4901782
upenn-gbm/UPENN-GBM-00259_11/volumes/T1.nii.gz	4860140
upenn-gbm/UPENN-GBM-00259_11/volumes/T1c.nii.gz	4890019
upenn-gbm/UPENN-GBM-00259_11/volumes/T2.nii.gz	4851743
upenn-gbm/UPENN-GBM-00259_11/volumes/brain_mask.nii.gz	277187
upenn-gbm/UPENN-GBM-00259_11/volumes/tumor_seg.nii.gz	179447
upenn-gbm/UPENN-GBM-00260_11/preprocessing_metadata.json	1741
upenn-gbm/UPENN-GBM-00260_11/volumes/FLAIR.nii.gz	4992856
upenn-gbm/UPENN-GBM-00260_11/volumes/T1.nii.gz	4922107
upenn-gbm/UPENN-GBM-00260_11/volumes/T1c.nii.gz	4972329
upenn-gbm/UPENN-GBM-00260_11/volumes/T2.nii.gz	4945480
upenn-gbm/UPENN-GBM-00260_11/volumes/brain_mask.nii.gz	281431
upenn-gbm/UPENN-GBM-00260_11/volumes/tumor_seg.nii.gz	184302
upenn-gbm/UPENN-GBM-00261_11/preprocessing_metadata.json	1724
upenn-gbm/UPENN-GBM-00261_11/volumes/FLAIR.nii.gz	5935679
upenn-gbm/UPENN-GBM-00261_11/volumes/T1.nii.gz	5863599
upenn-gbm/UPENN-GBM-00261_11/volumes/T1c.nii.gz	5915788
upenn-gbm/UPENN-GBM-00261_11/volumes/T2.nii.gz	5859069
upenn-gbm/UPENN-GBM-00261_11/volumes/brain_mask.nii.gz	302714
upenn-gbm/UPENN-GBM-00261_11/volumes/tumor_seg.nii.gz	195163
upenn-gbm/UPENN-GBM-00262_11/preprocessing_metadata.json	1725
upenn-gbm/UPENN-GBM-00262_11/volumes/FLAIR.nii.gz	6200617
upenn-gbm/UPENN-GBM-00262_11/volumes/T1.nii.gz	6198521
upenn-gbm/UPENN-GBM-00262_11/volumes/T1c.nii.gz	6235169
upenn-gbm/UPENN-GBM-00262_11/volumes/T2.nii.gz	6166228
upenn-gbm/UPENN-GBM-00262_11/volumes/brain_mask.nii.gz	312019
upenn-gbm/UPENN-GBM-00262_11/volumes/tumor_seg.nii.gz	238660
upenn-gbm/UPENN-GBM-00263_11/preprocessing_metadata.json	1737
upenn-gbm/UPENN-GBM-00263_11/volumes/FLAIR.nii.gz	5866090
upenn-gbm/UPENN-GBM-00263_11/volumes/T1.nii.gz	5811526
upenn-gbm/UPENN-GBM-00263_11/volumes/T1c.nii.gz	5868887
upenn-gbm/UPENN-GBM-00263_11/volumes/T2.nii.gz	5800915
upenn-gbm/UPENN-GBM-00263_11/volumes/brain_mask.nii.gz	297725
upenn-gbm/UPENN-GBM-00263_11/volumes/tumor_seg.nii.gz	193414
upenn-gbm/UPENN-GBM-00264_11/preprocessing_metadata.json	1714
upenn-gbm/UPENN-GBM-00264_11/volumes/FLAIR.nii.gz	5367908
upenn-gbm/UPENN-GBM-00264_11/volumes/T1.nii.gz	5326453
upenn-gbm/UPENN-GBM-00264_11/volumes/T1c.nii.gz	5365257
upenn-gbm/UPENN-GBM-00264_11/volumes/T2.nii.gz	5320795
upenn-gbm/UPENN-GBM-00264_11/volumes/brain_mask.nii.gz	291473
upenn-gbm/UPENN-GBM-00264_11/volumes/tumor_seg.nii.gz	178646
upenn-gbm/UPENN-GBM-00265_11/preprocessing_metadata.json	1727
upenn-gbm/UPENN-GBM-00265_11/volumes/FLAIR.nii.gz	5886036
upenn-gbm/UPENN-GBM-00265_11/volumes/T1.nii.gz	5881654
upenn-gbm/UPENN-GBM-00265_11/volumes/T1c.nii.gz	5909148
upenn-gbm/UPENN-GBM-00265_11/volumes/T2.nii.gz	5860176
upenn-gbm/UPENN-GBM-00265_11/volumes/brain_mask.nii.gz	305588
upenn-gbm/UPENN-GBM-00265_11/volumes/tumor_seg.nii.gz	236255
upenn-gbm/UPENN-GBM-00266_11/preprocessing_metadata.json	1729
upenn-gbm/UPENN-GBM-00266_11/volumes/FLAIR.nii.gz	5375862
upenn-gbm/UPENN-GBM-00266_11/volumes/T1.nii.gz	5332193
upenn-gbm/UPENN-GBM-00266_11/volumes/T1c.nii.gz	5363999
upenn-gbm/UPENN-GBM-00266_11/volumes/T2.nii.gz	5335580
upenn-gbm/UPENN-GBM-00266_11/volumes/brain_mask.nii.gz	295131
upenn-gbm/UPENN-GBM-00266_11/volumes/tumor_seg.nii.gz	167197
upenn-gbm/UPENN-GBM-00267_11/preprocessing_metadata.json	1736
upenn-gbm/UPENN-GBM-00267_11/volumes/FLAIR.nii.gz	5076070
upenn-gbm/UPENN-GBM-00267_11/volumes/T1.nii.gz	5080496
upenn-gbm/UPENN-GBM-00267_11/volumes/T1c.nii.gz	5104774
upenn-gbm/UPENN-GBM-00267_11/volumes/T2.nii.gz	5058540
upenn-gbm/UPENN-GBM-00267_11/volumes/brain_mask.nii.gz	295008
upenn-gbm/UPENN-GBM-00267_11/volumes/tumor_seg.nii.gz	230054
upenn-gbm/UPENN-GBM-00268_11/preprocessing_metadata.json	1738
upenn-gbm/UPENN-GBM-00268_11/volumes/FLAIR.nii.gz	5635336
upenn-gbm/UPENN-GBM-00268_11/volumes/T1.nii.gz	5544725
upenn-gbm/UPENN-GBM-00268_11/volumes/T1c.nii.gz	5598740
upenn-gbm/UPENN-GBM-00268_11/volumes/T2.nii.gz	5564288
upenn-gbm/UPENN-GBM-00268_11/volumes/brain_mask.nii.gz	290191
upenn-gbm/UPENN-GBM-00268_11/volumes/tumor_seg.nii.gz	190086
upenn-gbm/UPENN-GBM-00269_11/preprocessing_metadata.json	1739
upenn-gbm/UPENN-GBM-00269_11/volumes/FLAIR.nii.gz	6586700
upenn-gbm/UPENN-GBM-00269_11/volumes/T1.nii.gz	6570877
upenn-gbm/UPENN-GBM-00269_11/volumes/T1c.nii.gz	6612395
upenn-gbm/UPENN-GBM-00269_11/volumes/T2.nii.gz	6568483
upenn-gbm/UPENN-GBM-00269_11/volumes/brain_mask.nii.gz	308766
upenn-gbm/UPENN-GBM-00269_11/volumes/tumor_seg.nii.gz	220844
upenn-gbm/UPENN-GBM-00270_11/preprocessing_metadata.json	1724
upenn-gbm/UPENN-GBM-00270_11/volumes/FLAIR.nii.gz	5395037
upenn-gbm/UPENN-GBM-00270_11/volumes/T1.nii.gz	5335653
upenn-gbm/UPENN-GBM-00270_11/volumes/T1c.nii.gz	5377922
upenn-gbm/UPENN-GBM-00270_11/volumes/T2.nii.gz	5340609
upenn-gbm/UPENN-GBM-00270_11/volumes/brain_mask.nii.gz	295461
upenn-gbm/UPENN-GBM-00270_11/volumes/tumor_seg.nii.gz	186123
upenn-gbm/UPENN-GBM-00271_11/preprocessing_metadata.json	1724
upenn-gbm/UPENN-GBM-00271_11/volumes/FLAIR.nii.gz	5606700
upenn-gbm/UPENN-GBM-00271_11/volumes/T1.nii.gz	5557967
upenn-gbm/UPENN-GBM-00271_11/volumes/T1c.nii.gz	5590986
upenn-gbm/UPENN-GBM-00271_11/volumes/T2.nii.gz	5558128
upenn-gbm/UPENN-GBM-00271_11/volumes/brain_mask.nii.gz	303119
upenn-gbm/UPENN-GBM-00271_11/volumes/tumor_seg.nii.gz	165990
upenn-gbm/UPENN-GBM-00272_11/preprocessing_metadata.json	1724
upenn-gbm/UPENN-GBM-00272_11/volumes/FLAIR.nii.gz	5912513
upenn-gbm/UPENN-GBM-00272_11/volumes/T1.nii.gz	5870137
upenn-gbm/UPENN-GBM-00272_11/volumes/T1c.nii.gz	5908368
upenn-gbm/UPENN-GBM-00272_11/volumes/T2.nii.gz	5882309
upenn-gbm/UPENN-GBM-00272_11/volumes/brain_mask.nii.gz	297882
upenn-gbm/UPENN-GBM-00272_11/volumes/tumor_seg.nii.gz	179328
upenn-gbm/UPENN-GBM-00273_11/preprocessing_metadata.json	1737
upenn-gbm/UPENN-GBM-00273_11/volumes/FLAIR.nii.gz	4941272
upenn-gbm/UPENN-GBM-00273_11/volumes/T1.nii.gz	4903518
upenn-gbm/UPENN-GBM-00273_11/volumes/T1c.nii.gz	4939791
upenn-gbm/UPENN-GBM-00273_11/volumes/T2.nii.gz	4911690
upenn-gbm/UPENN-GBM-00273_11/volumes/brain_mask.nii.gz	281115
upenn-gbm/UPENN-GBM-00273_11/volumes/tumor_seg.nii.gz	223099
upenn-gbm/UPENN-GBM-00274_11/preprocessing_metadata.json	1711
upenn-gbm/UPENN-GBM-00274_11/volumes/FLAIR.nii.gz	7029780
upenn-gbm/UPENN-GBM-00274_11/volumes/T1.nii.gz	6978010
upenn-gbm/UPENN-GBM-00274_11/volumes/T1c.nii.gz	7032856
upenn-gbm/UPENN-GBM-00274_11/volumes/T2.nii.gz	7007119
upenn-gbm/UPENN-GBM-00274_11/volumes/brain_mask.nii.gz	311217
upenn-gbm/UPENN-GBM-00274_11/volumes/tumor_seg.nii.gz	217396
upenn-gbm/UPENN-GBM-00275_11/preprocessing_metadata.json	1725
upenn-gbm/UPENN-GBM-00275_11/volumes/FLAIR.nii.gz	5651942
upenn-gbm/UPENN-GBM-00275_11/volumes/T1.nii.gz	5629138
upenn-gbm/UPENN-GBM-00275_11/volumes/T1c.nii.gz	5663092
upenn-gbm/UPENN-GBM-00275_11/volumes/T2.nii.gz	5636137
upenn-gbm/UPENN-GBM-00275_11/volumes/brain_mask.nii.gz	297800
upenn-gbm/UPENN-GBM-00275_11/volumes/tumor_seg.nii.gz	173859
upenn-gbm/UPENN-GBM-00276_11/preprocessing_metadata.json	1736
upenn-gbm/UPENN-GBM-00276_11/volumes/FLAIR.nii.gz	6522101
upenn-gbm/UPENN-GBM-00276_11/volumes/T1.nii.gz	6496171
upenn-gbm/UPENN-GBM-00276_11/volumes/T1c.nii.gz	6527619
upenn-gbm/UPENN-GBM-00276_11/volumes/T2.nii.gz	6502182
upenn-gbm/UPENN-GBM-00276_11/volumes/brain_mask.nii.gz	317549
upenn-gbm/UPENN-GBM-00276_11/volumes/tumor_seg.nii.gz	224607
upenn-gbm/UPENN-GBM-00277_11/preprocessing_metadata.json	1720
upenn-gbm/UPENN-GBM-00277_11/volumes/FLAIR.nii.gz	6042772
upenn-gbm/UPENN-GBM-00277_11/volumes/T1.nii.gz	6013857
upenn-gbm/UPENN-GBM-00277_11/volumes/T1c.nii.gz	6041645
upenn-gbm/UPENN-GBM-00277_11/volumes/T2.nii.gz	6011987
upenn-gbm/UPENN-GBM-00277_11/volumes/brain_mask.nii.gz	310331
upenn-gbm/UPENN-GBM-00277_11/volumes/tumor_seg.nii.gz	196434
upenn-gbm/UPENN-GBM-00278_11/preprocessing_metadata.json	1739
upenn-gbm/UPENN-GBM-00278_11/volumes/FLAIR.nii.gz	5489438
upenn-gbm/UPENN-GBM-00278_11/volumes/T1.nii.gz	5447018
upenn-gbm/UPENN-GBM-00278_11/volumes/T1c.nii.gz	5486180
upenn-gbm/UPENN-GBM-00278_11/volumes/T2.nii.gz	5423111
upenn-gbm/UPENN-GBM-00278_11/volumes/brain_mask.nii.gz	304557
upenn-gbm/UPENN-GBM-00278_11/volumes/tumor_seg.nii.gz	203514
upenn-gbm/UPENN-GBM-00279_11/preprocessing_metadata.json	1742
upenn-gbm/UPENN-GBM-00279_11/volumes/FLAIR.nii.gz	5662560
upenn-gbm/UPENN-GBM-00279_11/volumes/T1.nii.gz	5627186
upenn-gbm/UPENN-GBM-00279_11/volumes/T1c.nii.gz	5663233
upenn-gbm/UPENN-GBM-00279_11/volumes/T2.nii.gz	5615938
upenn-gbm/UPENN-GBM-00279_11/volumes/brain_mask.nii.gz	305381
upenn-gbm/UPENN-GBM-00279_11/volumes/tumor_seg.nii.gz	188292
upenn-gbm/UPENN-GBM-00280_11/preprocessing_metadata.json	1734
upenn-gbm/UPENN-GBM-00280_11/volumes/FLAIR.nii.gz	6136695
upenn-gbm/UPENN-GBM-00280_11/volumes/T1.nii.gz	6079163
upenn-gbm/UPENN-GBM-00280_11/volumes/T1c.nii.gz	6115160
upenn-gbm/UPENN-GBM-00280_11/volumes/T2.nii.gz	6074969
upenn-gbm/UPENN-GBM-00280_11/volumes/brain_mask.nii.gz	317642
upenn-gbm/UPENN-GBM-00280_11/volumes/tumor_seg.nii.gz	233539
upenn-gbm/UPENN-GBM-00281_11/preprocessing_metadata.json	1740
upenn-gbm/UPENN-GBM-00281_11/volumes/FLAIR.nii.gz	7108360
upenn-gbm/UPENN-GBM-00281_11/volumes/T1.nii.gz	7083942
upenn-gbm/UPENN-GBM-00281_11/volumes/T1c.nii.gz	7131880
upenn-gbm/UPENN-GBM-00281_11/volumes/T2.nii.gz	7082632
upenn-gbm/UPENN-GBM-00281_11/volumes/brain_mask.nii.gz	331335
upenn-gbm/UPENN-GBM-00281_11/volumes/tumor_seg.nii.gz	209094
upenn-gbm/UPENN-GBM-00282_11/preprocessing_metadata.json	1733
upenn-gbm/UPENN-GBM-00282_11/volumes/FLAIR.nii.gz	5361866
upenn-gbm/UPENN-GBM-00282_11/volumes/T1.nii.gz	5316646
upenn-gbm/UPENN-GBM-00282_11/volumes/T1c.nii.gz	5355287
upenn-gbm/UPENN-GBM-00282_11/volumes/T2.nii.gz	5317376
upenn-gbm/UPENN-GBM-00282_11/volumes/brain_mask.nii.gz	298210
upenn-gbm/UPENN-GBM-00282_11/volumes/tumor_seg.nii.gz	193703
upenn-gbm/UPENN-GBM-00283_11/preprocessing_metadata.json	1743
upenn-gbm/UPENN-GBM-00283_11/volumes/FLAIR.nii.gz	5944625
upenn-gbm/UPENN-GBM-00283_11/volumes/T1.nii.gz	5905749
upenn-gbm/UPENN-GBM-00283_11/volumes/T1c.nii.gz	5928664
upenn-gbm/UPENN-GBM-00283_11/volumes/T2.nii.gz	5897623
upenn-gbm/UPENN-GBM-00283_11/volumes/brain_mask.nii.gz	302790
upenn-gbm/UPENN-GBM-00283_11/volumes/tumor_seg.nii.gz	210156
upenn-gbm/UPENN-GBM-00284_11/preprocessing_metadata.json	1731
upenn-gbm/UPENN-GBM-00284_11/volumes/FLAIR.nii.gz	5239502
upenn-gbm/UPENN-GBM-00284_11/volumes/T1.nii.gz	5194655
upenn-gbm/UPENN-GBM-00284_11/volumes/T1c.nii.gz	5243305
upenn-gbm/UPENN-GBM-00284_11/volumes/T2.nii.gz	5197068
upenn-gbm/UPENN-GBM-00284_11/volumes/brain_mask.nii.gz	301367
upenn-gbm/UPENN-GBM-00284_11/volumes/tumor_seg.nii.gz	231991
upenn-gbm/UPENN-GBM-00285_11/preprocessing_metadata.json	1712
upenn-gbm/UPENN-GBM-00285_11/volumes/FLAIR.nii.gz	5644965
upenn-gbm/UPENN-GBM-00285_11/volumes/T1.nii.gz	5606005
upenn-gbm/UPENN-GBM-00285_11/volumes/T1c.nii.gz	5649564
upenn-gbm/UPENN-GBM-00285_11/volumes/T2.nii.gz	5595151
upenn-gbm/UPENN-GBM-00285_11/volumes/brain_mask.nii.gz	300591
upenn-gbm/UPENN-GBM-00285_11/volumes/tumor_seg.nii.gz	183389
upenn-gbm/UPENN-GBM-00286_11/preprocessing_metadata.json	1738
upenn-gbm/UPENN-GBM-00286_11/volumes/FLAIR.nii.gz	6235952
upenn-gbm/UPENN-GBM-00286_11/volumes/T1.nii.gz	6222041
upenn-gbm/UPENN-GBM-00286_11/volumes/T1c.nii.gz	6261060
upenn-gbm/UPENN-GBM-00286_11/volumes/T2.nii.gz	6196911
upenn-gbm/UPENN-GBM-00286_11/volumes/brain_mask.nii.gz	304565
upenn-gbm/UPENN-GBM-00286_11/volumes/tumor_seg.nii.gz	241600
upenn-gbm/UPENN-GBM-00287_11/preprocessing_metadata.json	1735
upenn-gbm/UPENN-GBM-00287_11/volumes/FLAIR.nii.gz	6014666
upenn-gbm/UPENN-GBM-00287_11/volumes/T1.nii.gz	5968117
upenn-gbm/UPENN-GBM-00287_11/volumes/T1c.nii.gz	6034865
upenn-gbm/UPENN-GBM-00287_11/volumes/T2.nii.gz	5958055
upenn-gbm/UPENN-GBM-00287_11/volumes/brain_mask.nii.gz	308209
upenn-gbm/UPENN-GBM-00287_11/volumes/tumor_seg.nii.gz	228502
upenn-gbm/UPENN-GBM-00288_11/preprocessing_metadata.json	1725
upenn-gbm/UPENN-GBM-00288_11/volumes/FLAIR.nii.gz	6001578
upenn-gbm/UPENN-GBM-00288_11/volumes/T1.nii.gz	5930281
upenn-gbm/UPENN-GBM-00288_11/volumes/T1c.nii.gz	6007777
upenn-gbm/UPENN-GBM-00288_11/volumes/T2.nii.gz	5954892
upenn-gbm/UPENN-GBM-00288_11/volumes/brain_mask.nii.gz	303677
upenn-gbm/UPENN-GBM-00288_11/volumes/tumor_seg.nii.gz	174351
upenn-gbm/UPENN-GBM-00289_11/preprocessing_metadata.json	1736
upenn-gbm/UPENN-GBM-00289_11/volumes/FLAIR.nii.gz	6066340
upenn-gbm/UPENN-GBM-00289_11/volumes/T1.nii.gz	6042227
upenn-gbm/UPENN-GBM-00289_11/volumes/T1c.nii.gz	6066875
upenn-gbm/UPENN-GBM-00289_11/volumes/T2.nii.gz	6034784
upenn-gbm/UPENN-GBM-00289_11/volumes/brain_mask.nii.gz	303039
upenn-gbm/UPENN-GBM-00289_11/volumes/tumor_seg.nii.gz	213066
upenn-gbm/UPENN-GBM-00290_11/preprocessing_metadata.json	1725
upenn-gbm/UPENN-GBM-00290_11/volumes/FLAIR.nii.gz	5867899
upenn-gbm/UPENN-GBM-00290_11/volumes/T1.nii.gz	5808006
upenn-gbm/UPENN-GBM-00290_11/volumes/T1c.nii.gz	5870544
upenn-gbm/UPENN-GBM-00290_11/volumes/T2.nii.gz	5803144
upenn-gbm/UPENN-GBM-00290_11/volumes/brain_mask.nii.gz	302810
upenn-gbm/UPENN-GBM-00290_11/volumes/tumor_seg.nii.gz	176494
upenn-gbm/UPENN-GBM-00291_11/preprocessing_metadata.json	1723
upenn-gbm/UPENN-GBM-00291_11/volumes/FLAIR.nii.gz	6392704
upenn-gbm/UPENN-GBM-00291_11/volumes/T1.nii.gz	6357618
upenn-gbm/UPENN-GBM-00291_11/volumes/T1c.nii.gz	6400603
upenn-gbm/UPENN-GBM-00291_11/volumes/T2.nii.gz	6356944
upenn-gbm/UPENN-GBM-00291_11/volumes/brain_mask.nii.gz	310787
upenn-gbm/UPENN-GBM-00291_11/volumes/tumor_seg.nii.gz	200117
upenn-gbm/UPENN-GBM-00292_11/preprocessing_metadata.json	1724
upenn-gbm/UPENN-GBM-00292_11/volumes/FLAIR.nii.gz	6190457
upenn-gbm/UPENN-GBM-00292_11/volumes/T1.nii.gz	6198878
upenn-gbm/UPENN-GBM-00292_11/volumes/T1c.nii.gz	6243188
upenn-gbm/UPENN-GBM-00292_11/volumes/T2.nii.gz	6177066
upenn-gbm/UPENN-GBM-00292_11/volumes/brain_mask.nii.gz	310165
upenn-gbm/UPENN-GBM-00292_11/volumes/tumor_seg.nii.gz	212776
upenn-gbm/UPENN-GBM-00293_11/preprocessing_metadata.json	1731
upenn-gbm/UPENN-GBM-00293_11/volumes/FLAIR.nii.gz	6562689
upenn-gbm/UPENN-GBM-00293_11/volumes/T1.nii.gz	6467326
upenn-gbm/UPENN-GBM-00293_11/volumes/T1c.nii.gz	6510227
upenn-gbm/UPENN-GBM-00293_11/volumes/T2.nii.gz	6500524
upenn-gbm/UPENN-GBM-00293_11/volumes/brain_mask.nii.gz	323318
upenn-gbm/UPENN-GBM-00293_11/volumes/tumor_seg.nii.gz	208690
upenn-gbm/UPENN-GBM-00294_11/preprocessing_metadata.json	1715
upenn-gbm/UPENN-GBM-00294_11/volumes/FLAIR.nii.gz	5622165
upenn-gbm/UPENN-GBM-00294_11/volumes/T1.nii.gz	5580499
upenn-gbm/UPENN-GBM-00294_11/volumes/T1c.nii.gz	5625094
upenn-gbm/UPENN-GBM-00294_11/volumes/T2.nii.gz	5561591
upenn-gbm/UPENN-GBM-00294_11/volumes/brain_mask.nii.gz	294795
upenn-gbm/UPENN-GBM-00294_11/volumes/tumor_seg.nii.gz	220419
upenn-gbm/UPENN-GBM-00295_11/preprocessing_metadata.json	1735
upenn-gbm/UPENN-GBM-00295_11/volumes/FLAIR.nii.gz	6127787
upenn-gbm/UPENN-GBM-00295_11/volumes/T1.nii.gz	6063654
upenn-gbm/UPENN-GBM-00295_11/volumes/T1c.nii.gz	6118065
upenn-gbm/UPENN-GBM-00295_11/volumes/T2.nii.gz	6078032
upenn-gbm/UPENN-GBM-00295_11/volumes/brain_mask.nii.gz	314318
upenn-gbm/UPENN-GBM-00295_11/volumes/tumor_seg.nii.gz	192484
upenn-gbm/UPENN-GBM-00296_11/preprocessing_metadata.json	1724
upenn-gbm/UPENN-GBM-00296_11/volumes/FLAIR.nii.gz	6929350
upenn-gbm/UPENN-GBM-00296_11/volumes/T1.nii.gz	6861785
upenn-gbm/UPENN-GBM-00296_11/volumes/T1c.nii.gz	6921971
upenn-gbm/UPENN-GBM-00296_11/volumes/T2.nii.gz	6857960
upenn-gbm/UPENN-GBM-00296_11/volumes/brain_mask.nii.gz	329426
upenn-gbm/UPENN-GBM-00296_11/volumes/tumor_seg.nii.gz	212616
upenn-gbm/UPENN-GBM-00297_11/preprocessing_metadata.json	1722
upenn-gbm/UPENN-GBM-00297_11/volumes/FLAIR.nii.gz	5656411
upenn-gbm/UPENN-GBM-00297_11/volumes/T1.nii.gz	5628482
upenn-gbm/UPENN-GBM-00297_11/volumes/T1c.nii.gz	5654986
upenn-gbm/UPENN-GBM-00297_11/volumes/T2.nii.gz	5622429
upenn-gbm/UPENN-GBM-00297_11/volumes/brain_mask.nii.gz	295709
upenn-gbm/UPENN-GBM-00297_11/volumes/tumor_seg.nii.gz	226777
upenn-gbm/UPENN-GBM-00298_11/preprocessing_metadata.json	1737
upenn-gbm/UPENN-GBM-00298_11/volumes/FLAIR.nii.gz	5922238
upenn-gbm/UPENN-GBM-00298_11/volumes/T1.nii.gz	5828896
upenn-gbm/UPENN-GBM-00298_11/volumes/T1c.nii.gz	5888728
upenn-gbm/UPENN-GBM-00298_11/volumes/T2.nii.gz	5862523
upenn-gbm/UPENN-GBM-00298_11/volumes/brain_mask.nii.gz	303758
upenn-gbm/UPENN-GBM-00298_11/volumes/tumor_seg.nii.gz	173113
upenn-gbm/UPENN-GBM-00299_11/preprocessing_metadata.json	1721
upenn-gbm/UPENN-GBM-00299_11/volumes/FLAIR.nii.gz	5532415
upenn-gbm/UPENN-GBM-00299_11/volumes/T1.nii.gz	5502504
upenn-gbm/UPENN-GBM-00299_11/volumes/T1c.nii.gz	5527876
upenn-gbm/UPENN-GBM-00299_11/volumes/T2.nii.gz	5483064
upenn-gbm/UPENN-GBM-00299_11/volumes/brain_mask.nii.gz	290552
upenn-gbm/UPENN-GBM-00299_11/volumes/tumor_seg.nii.gz	185167
upenn-gbm/UPENN-GBM-00300_11/preprocessing_metadata.json	1740
upenn-gbm/UPENN-GBM-00300_11/volumes/FLAIR.nii.gz	5647885
upenn-gbm/UPENN-GBM-00300_11/volumes/T1.nii.gz	5599766
upenn-gbm/UPENN-GBM-00300_11/volumes/T1c.nii.gz	5635944
upenn-gbm/UPENN-GBM-00300_11/volumes/T2.nii.gz	5599976
upenn-gbm/UPENN-GBM-00300_11/volumes/brain_mask.nii.gz	297243
upenn-gbm/UPENN-GBM-00300_11/volumes/tumor_seg.nii.gz	228097
upenn-gbm/UPENN-GBM-00301_11/preprocessing_metadata.json	1738
upenn-gbm/UPENN-GBM-00301_11/volumes/FLAIR.nii.gz	6100512
upenn-gbm/UPENN-GBM-00301_11/volumes/T1.nii.gz	6070144
upenn-gbm/UPENN-GBM-00301_11/volumes/T1c.nii.gz	6109011
upenn-gbm/UPENN-GBM-00301_11/volumes/T2.nii.gz	6046532
upenn-gbm/UPENN-GBM-00301_11/volumes/brain_mask.nii.gz	304767
upenn-gbm/UPENN-GBM-00301_11/volumes/tumor_seg.nii.gz	207428
upenn-gbm/UPENN-GBM-00302_11/preprocessing_metadata.json	1718
upenn-gbm/UPENN-GBM-00302_11/volumes/FLAIR.nii.gz	6010235
upenn-gbm/UPENN-GBM-00302_11/volumes/T1.nii.gz	5935930
upenn-gbm/UPENN-GBM-00302_11/volumes/T1c.nii.gz	5983121
upenn-gbm/UPENN-GBM-00302_11/volumes/T2.nii.gz	5963694
upenn-gbm/UPENN-GBM-00302_11/volumes/brain_mask.nii.gz	309578
upenn-gbm/UPENN-GBM-00302_11/volumes/tumor_seg.nii.gz	200270
upenn-gbm/UPENN-GBM-00303_11/preprocessing_metadata.json	1738
upenn-gbm/UPENN-GBM-00303_11/volumes/FLAIR.nii.gz	5180498
upenn-gbm/UPENN-GBM-00303_11/volumes/T1.nii.gz	5153624
upenn-gbm/UPENN-GBM-00303_11/volumes/T1c.nii.gz	5189698
upenn-gbm/UPENN-GBM-00303_11/volumes/T2.nii.gz	5149318
upenn-gbm/UPENN-GBM-00303_11/volumes/brain_mask.nii.gz	294861
upenn-gbm/UPENN-GBM-00303_11/volumes/tumor_seg.nii.gz	228163
upenn-gbm/UPENN-GBM-00304_11/preprocessing_metadata.json	1737
upenn-gbm/UPENN-GBM-00304_11/volumes/FLAIR.nii.gz	5981200
upenn-gbm/UPENN-GBM-00304_11/volumes/T1.nii.gz	5931852
upenn-gbm/UPENN-GBM-00304_11/volumes/T1c.nii.gz	5979434
upenn-gbm/UPENN-GBM-00304_11/volumes/T2.nii.gz	5915013
upenn-gbm/UPENN-GBM-00304_11/volumes/brain_mask.nii.gz	298632
upenn-gbm/UPENN-GBM-00304_11/volumes/tumor_seg.nii.gz	197752
upenn-gbm/UPENN-GBM-00305_11/preprocessing_metadata.json	1722
upenn-gbm/UPENN-GBM-00305_11/volumes/FLAIR.nii.gz	6168981
upenn-gbm/UPENN-GBM-00305_11/volumes/T1.nii.gz	6099600
upenn-gbm/UPENN-GBM-00305_11/volumes/T1c.nii.gz	6164294
upenn-gbm/UPENN-GBM-00305_11/volumes/T2.nii.gz	6109761
upenn-gbm/UPENN-GBM-00305_11/volumes/brain_mask.nii.gz	307861
upenn-gbm/UPENN-GBM-00305_11/volumes/tumor_seg.nii.gz	173898
upenn-gbm/UPENN-GBM-00306_11/preprocessing_metadata.json	1720
upenn-gbm/UPENN-GBM-00306_11/volumes/FLAIR.nii.gz	4960220
upenn-gbm/UPENN-GBM-00306_11/volumes/T1.nii.gz	4920021
upenn-gbm/UPENN-GBM-00306_11/volumes/T1c.nii.gz	4955596
upenn-gbm/UPENN-GBM-00306_11/volumes/T2.nii.gz	4927945
upenn-gbm/UPENN-GBM-00306_11/volumes/brain_mask.nii.gz	290887
upenn-gbm/UPENN-GBM-00306_11/volumes/tumor_seg.nii.gz	184263
upenn-gbm/UPENN-GBM-00307_11/preprocessing_metadata.json	1728
upenn-gbm/UPENN-GBM-00307_11/volumes/FLAIR.nii.gz	5098649
upenn-gbm/UPENN-GBM-00307_11/volumes/T1.nii.gz	5059520
upenn-gbm/UPENN-GBM-00307_11/volumes/T1c.nii.gz	5102945
upenn-gbm/UPENN-GBM-00307_11/volumes/T2.nii.gz	5064258
upenn-gbm/UPENN-GBM-00307_11/volumes/brain_mask.nii.gz	287145
upenn-gbm/UPENN-GBM-00307_11/volumes/tumor_seg.nii.gz	171559
upenn-gbm/UPENN-GBM-00308_11/preprocessing_metadata.json	1729
upenn-gbm/UPENN-GBM-00308_11/volumes/FLAIR.nii.gz	6770250
upenn-gbm/UPENN-GBM-00308_11/volumes/T1.nii.gz	6722824
upenn-gbm/UPENN-GBM-00308_11/volumes/T1c.nii.gz	6755118
upenn-gbm/UPENN-GBM-00308_11/volumes/T2.nii.gz	6699002
upenn-gbm/UPENN-GBM-00308_11/volumes/brain_mask.nii.gz	318753
upenn-gbm/UPENN-GBM-00308_11/volumes/tumor_seg.nii.gz	185656
upenn-gbm/UPENN-GBM-00309_11/preprocessing_metadata.json	1738
upenn-gbm/UPENN-GBM-00309_11/volumes/FLAIR.nii.gz	6848356
upenn-gbm/UPENN-GBM-00309_11/volumes/T1.nii.gz	6789699
upenn-gbm/UPENN-GBM-00309_11/volumes/T1c.nii.gz	6853487
upenn-gbm/UPENN-GBM-00309_11/volumes/T2.nii.gz	6801079
upenn-gbm/UPENN-GBM-00309_11/volumes/brain_mask.nii.gz	316771
upenn-gbm/UPENN-GBM-00309_11/volumes/tumor_seg.nii.gz	189420
upenn-gbm/UPENN-GBM-00310_11/preprocessing_metadata.json	1738
upenn-gbm/UPENN-GBM-00310_11/volumes/FLAIR.nii.gz	5128980
upenn-gbm/UPENN-GBM-00310_11/volumes/T1.nii.gz	5095529
upenn-gbm/UPENN-GBM-00310_11/volumes/T1c.nii.gz	5138941
upenn-gbm/UPENN-GBM-00310_11/volumes/T2.nii.gz	5082603
upenn-gbm/UPENN-GBM-00310_11/volumes/brain_mask.nii.gz	285969
upenn-gbm/UPENN-GBM-00310_11/volumes/tumor_seg.nii.gz	198147
upenn-gbm/UPENN-GBM-00311_11/preprocessing_metadata.json	1736
upenn-gbm/UPENN-GBM-00311_11/volumes/FLAIR.nii.gz	4753332
upenn-gbm/UPENN-GBM-00311_11/volumes/T1.nii.gz	4671467
upenn-gbm/UPENN-GBM-00311_11/volumes/T1c.nii.gz	4725960
upenn-gbm/UPENN-GBM-00311_11/volumes/T2.nii.gz	4697792
upenn-gbm/UPENN-GBM-00311_11/volumes/brain_mask.nii.gz	266617
upenn-gbm/UPENN-GBM-00311_11/volumes/tumor_seg.nii.gz	153958
upenn-gbm/UPENN-GBM-00312_11/preprocessing_metadata.json	1728
upenn-gbm/UPENN-GBM-00312_11/volumes/FLAIR.nii.gz	6634926
upenn-gbm/UPENN-GBM-00312_11/volumes/T1.nii.gz	6579788
upenn-gbm/UPENN-GBM-00312_11/volumes/T1c.nii.gz	6635014
upenn-gbm/UPENN-GBM-00312_11/volumes/T2.nii.gz	6588585
upenn-gbm/UPENN-GBM-00312_11/volumes/brain_mask.nii.gz	318304
upenn-gbm/UPENN-GBM-00312_11/volumes/tumor_seg.nii.gz	192318
upenn-gbm/UPENN-GBM-00313_11/preprocessing_metadata.json	1738
upenn-gbm/UPENN-GBM-00313_11/volumes/FLAIR.nii.gz	5725574
upenn-gbm/UPENN-GBM-00313_11/volumes/T1.nii.gz	5681349
upenn-gbm/UPENN-GBM-00313_11/volumes/T1c.nii.gz	5723706
upenn-gbm/UPENN-GBM-00313_11/volumes/T2.nii.gz	5675788
upenn-gbm/UPENN-GBM-00313_11/volumes/brain_mask.nii.gz	307529
upenn-gbm/UPENN-GBM-00313_11/volumes/tumor_seg.nii.gz	198011
upenn-gbm/UPENN-GBM-00314_11/preprocessing_metadata.json	1722
upenn-gbm/UPENN-GBM-00314_11/volumes/FLAIR.nii.gz	6078700
upenn-gbm/UPENN-GBM-00314_11/volumes/T1.nii.gz	6040004
upenn-gbm/UPENN-GBM-00314_11/volumes/T1c.nii.gz	6083029
upenn-gbm/UPENN-GBM-00314_11/volumes/T2.nii.gz	6025719
upenn-gbm/UPENN-GBM-00314_11/volumes/brain_mask.nii.gz	307801
upenn-gbm/UPENN-GBM-00314_11/volumes/tumor_seg.nii.gz	197168
upenn-gbm/UPENN-GBM-00315_11/preprocessing_metadata.json	1732
upenn-gbm/UPENN-GBM-00315_11/volumes/FLAIR.nii.gz	5203127
upenn-gbm/UPENN-GBM-00315_11/volumes/T1.nii.gz	5179115
upenn-gbm/UPENN-GBM-00315_11/volumes/T1c.nii.gz	5188953
upenn-gbm/UPENN-GBM-00315_11/volumes/T2.nii.gz	5183194
upenn-gbm/UPENN-GBM-00315_11/volumes/brain_mask.nii.gz	281298
upenn-gbm/UPENN-GBM-00315_11/volumes/tumor_seg.nii.gz	181001
upenn-gbm/UPENN-GBM-00316_11/preprocessing_metadata.json	1734
upenn-gbm/UPENN-GBM-00316_11/volumes/FLAIR.nii.gz	6150337
upenn-gbm/UPENN-GBM-00316_11/volumes/T1.nii.gz	6107013
upenn-gbm/UPENN-GBM-00316_11/volumes/T1c.nii.gz	6146129
upenn-gbm/UPENN-GBM-00316_11/volumes/T2.nii.gz	6092765
upenn-gbm/UPENN-GBM-00316_11/volumes/brain_mask.nii.gz	308570
upenn-gbm/UPENN-GBM-00316_11/volumes/tumor_seg.nii.gz	227352
upenn-gbm/UPENN-GBM-00317_11/preprocessing_metadata.json	1740
upenn-gbm/UPENN-GBM-00317_11/volumes/FLAIR.nii.gz	5469993
upenn-gbm/UPENN-GBM-00317_11/volumes/T1.nii.gz	5429084
upenn-gbm/UPENN-GBM-00317_11/volumes/T1c.nii.gz	5474780
upenn-gbm/UPENN-GBM-00317_11/volumes/T2.nii.gz	5412918
upenn-gbm/UPENN-GBM-00317_11/volumes/brain_mask.nii.gz	286251
upenn-gbm/UPENN-GBM-00317_11/volumes/tumor_seg.nii.gz	170360
upenn-gbm/UPENN-GBM-00318_11/preprocessing_metadata.json	1736
upenn-gbm/UPENN-GBM-00318_11/volumes/FLAIR.nii.gz	6214225
upenn-gbm/UPENN-GBM-00318_11/volumes/T1.nii.gz	6153670
upenn-gbm/UPENN-GBM-00318_11/volumes/T1c.nii.gz	6212700
upenn-gbm/UPENN-GBM-00318_11/volumes/T2.nii.gz	6169429
upenn-gbm/UPENN-GBM-00318_11/volumes/brain_mask.nii.gz	310501
upenn-gbm/UPENN-GBM-00318_11/volumes/tumor_seg.nii.gz	202395
upenn-gbm/UPENN-GBM-00319_11/preprocessing_metadata.json	1745
upenn-gbm/UPENN-GBM-00319_11/volumes/FLAIR.nii.gz	5996344
upenn-gbm/UPENN-GBM-00319_11/volumes/T1.nii.gz	5974336
upenn-gbm/UPENN-GBM-00319_11/volumes/T1c.nii.gz	5977985
upenn-gbm/UPENN-GBM-00319_11/volumes/T2.nii.gz	5953747
upenn-gbm/UPENN-GBM-00319_11/volumes/brain_mask.nii.gz	315480
upenn-gbm/UPENN-GBM-00319_11/volumes/tumor_seg.nii.gz	253987
upenn-gbm/UPENN-GBM-00320_11/preprocessing_metadata.json	1718
upenn-gbm/UPENN-GBM-00320_11/volumes/FLAIR.nii.gz	6003979
upenn-gbm/UPENN-GBM-00320_11/volumes/T1.nii.gz	5966488
upenn-gbm/UPENN-GBM-00320_11/volumes/T1c.nii.gz	6011750
upenn-gbm/UPENN-GBM-00320_11/volumes/T2.nii.gz	5983353
upenn-gbm/UPENN-GBM-00320_11/volumes/brain_mask.nii.gz	304101
upenn-gbm/UPENN-GBM-00320_11/volumes/tumor_seg.nii.gz	198112
upenn-gbm/UPENN-GBM-00321_11/preprocessing_metadata.json	1732
upenn-gbm/UPENN-GBM-00321_11/volumes/FLAIR.nii.gz	5413849
upenn-gbm/UPENN-GBM-00321_11/volumes/T1.nii.gz	5360515
upenn-gbm/UPENN-GBM-00321_11/volumes/T1c.nii.gz	5387057
upenn-gbm/UPENN-GBM-00321_11/volumes/T2.nii.gz	5353622
upenn-gbm/UPENN-GBM-00321_11/volumes/brain_mask.nii.gz	292796
upenn-gbm/UPENN-GBM-00321_11/volumes/tumor_seg.nii.gz	212548
upenn-gbm/UPENN-GBM-00322_11/preprocessing_metadata.json	1740
upenn-gbm/UPENN-GBM-00322_11/volumes/FLAIR.nii.gz	5570868
upenn-gbm/UPENN-GBM-00322_11/volumes/T1.nii.gz	5553131
upenn-gbm/UPENN-GBM-00322_11/volumes/T1c.nii.gz	5588060
upenn-gbm/UPENN-GBM-00322_11/volumes/T2.nii.gz	5560571
upenn-gbm/UPENN-GBM-00322_11/volumes/brain_mask.nii.gz	293346
upenn-gbm/UPENN-GBM-00322_11/volumes/tumor_seg.nii.gz	176209
upenn-gbm/UPENN-GBM-00323_11/preprocessing_metadata.json	1740
upenn-gbm/UPENN-GBM-00323_11/volumes/FLAIR.nii.gz	5381464
upenn-gbm/UPENN-GBM-00323_11/volumes/T1.nii.gz	5345699
upenn-gbm/UPENN-GBM-00323_11/volumes/T1c.nii.gz	5376862
upenn-gbm/UPENN-GBM-00323_11/volumes/T2.nii.gz	5340193
upenn-gbm/UPENN-GBM-00323_11/volumes/brain_mask.nii.gz	298429
upenn-gbm/UPENN-GBM-00323_11/volumes/tumor_seg.nii.gz	219373
upenn-gbm/UPENN-GBM-00324_11/preprocessing_metadata.json	1739
upenn-gbm/UPENN-GBM-00324_11/volumes/FLAIR.nii.gz	5495514
upenn-gbm/UPENN-GBM-00324_11/volumes/T1.nii.gz	5446773
upenn-gbm/UPENN-GBM-00324_11/volumes/T1c.nii.gz	5488574
upenn-gbm/UPENN-GBM-00324_11/volumes/T2.nii.gz	5436725
upenn-gbm/UPENN-GBM-00324_11/volumes/brain_mask.nii.gz	292578
upenn-gbm/UPENN-GBM-00324_11/volumes/tumor_seg.nii.gz	213899
upenn-gbm/UPENN-GBM-00325_11/preprocessing_metadata.json	1737
upenn-gbm/UPENN-GBM-00325_11/volumes/FLAIR.nii.gz	4846321
upenn-gbm/UPENN-GBM-00325_11/volumes/T1.nii.gz	4806833
upenn-gbm/UPENN-GBM-00325_11/volumes/T1c.nii.gz	4845458
upenn-gbm/UPENN-GBM-00325_11/volumes/T2.nii.gz	4800764
upenn-gbm/UPENN-GBM-00325_11/volumes/brain_mask.nii.gz	274322
upenn-gbm/UPENN-GBM-00325_11/volumes/tumor_seg.nii.gz	172390
upenn-gbm/UPENN-GBM-00326_11/preprocessing_metadata.json	1738
upenn-gbm/UPENN-GBM-00326_11/volumes/FLAIR.nii.gz	6229319
upenn-gbm/UPENN-GBM-00326_11/volumes/T1.nii.gz	6162052
upenn-gbm/UPENN-GBM-00326_11/volumes/T1c.nii.gz	6219730
upenn-gbm/UPENN-GBM-00326_11/volumes/T2.nii.gz	6117262
upenn-gbm/UPENN-GBM-00326_11/volumes/brain_mask.nii.gz	310490
upenn-gbm/UPENN-GBM-00326_11/volumes/tumor_seg.nii.gz	244410
upenn-gbm/UPENN-GBM-00327_11/preprocessing_metadata.json	1735
upenn-gbm/UPENN-GBM-00327_11/volumes/FLAIR.nii.gz	5546199
upenn-gbm/UPENN-GBM-00327_11/volumes/T1.nii.gz	5548149
upenn-gbm/UPENN-GBM-00327_11/volumes/T1c.nii.gz	5602310
upenn-gbm/UPENN-GBM-00327_11/volumes/T2.nii.gz	5531297
upenn-gbm/UPENN-GBM-00327_11/volumes/brain_mask.nii.gz	296979
upenn-gbm/UPENN-GBM-00327_11/volumes/tumor_seg.nii.gz	183231
upenn-gbm/UPENN-GBM-00328_11/preprocessing_metadata.json	1724
upenn-gbm/UPENN-GBM-00328_11/volumes/FLAIR.nii.gz	6869021
upenn-gbm/UPENN-GBM-00328_11/volumes/T1.nii.gz	6812374
upenn-gbm/UPENN-GBM-00328_11/volumes/T1c.nii.gz	6875553
upenn-gbm/UPENN-GBM-00328_11/volumes/T2.nii.gz	6796346
upenn-gbm/UPENN-GBM-00328_11/volumes/brain_mask.nii.gz	320756
upenn-gbm/UPENN-GBM-00328_11/volumes/tumor_seg.nii.gz	178537
upenn-gbm/UPENN-GBM-00329_11/preprocessing_metadata.json	1721
upenn-gbm/UPENN-GBM-00329_11/volumes/FLAIR.nii.gz	5378621
upenn-gbm/UPENN-GBM-00329_11/volumes/T1.nii.gz	5348530
upenn-gbm/UPENN-GBM-00329_11/volumes/T1c.nii.gz	5387044
upenn-gbm/UPENN-GBM-00329_11/volumes/T2.nii.gz	5340361
upenn-gbm/UPENN-GBM-00329_11/volumes/brain_mask.nii.gz	286984
upenn-gbm/UPENN-GBM-00329_11/volumes/tumor_seg.nii.gz	224790
upenn-gbm/UPENN-GBM-00330_11/preprocessing_metadata.json	1705
upenn-gbm/UPENN-GBM-00330_11/volumes/FLAIR.nii.gz	6395189
upenn-gbm/UPENN-GBM-00330_11/volumes/T1.nii.gz	6367811
upenn-gbm/UPENN-GBM-00330_11/volumes/T1c.nii.gz	6415405
upenn-gbm/UPENN-GBM-00330_11/volumes/T2.nii.gz	6341036
upenn-gbm/UPENN-GBM-00330_11/volumes/brain_mask.nii.gz	316384
upenn-gbm/UPENN-GBM-00330_11/volumes/tumor_seg.nii.gz	242200
upenn-gbm/UPENN-GBM-00331_11/preprocessing_metadata.json	1739
upenn-gbm/UPENN-GBM-00331_11/volumes/FLAIR.nii.gz	4489774
upenn-gbm/UPENN-GBM-00331_11/volumes/T1.nii.gz	4458296
upenn-gbm/UPENN-GBM-00331_11/volumes/T1c.nii.gz	4479510
upenn-gbm/UPENN-GBM-00331_11/volumes/T2.nii.gz	4435285
upenn-gbm/UPENN-GBM-00331_11/volumes/brain_mask.nii.gz	267487
upenn-gbm/UPENN-GBM-00331_11/volumes/tumor_seg.nii.gz	193063
upenn-gbm/UPENN-GBM-00332_11/preprocessing_metadata.json	1720
upenn-gbm/UPENN-GBM-00332_11/volumes/FLAIR.nii.gz	5838325
upenn-gbm/UPENN-GBM-00332_11/volumes/T1.nii.gz	5800202
upenn-gbm/UPENN-GBM-00332_11/volumes/T1c.nii.gz	5841224
upenn-gbm/UPENN-GBM-00332_11/volumes/T2.nii.gz	5790288
upenn-gbm/UPENN-GBM-00332_11/volumes/brain_mask.nii.gz	302044
upenn-gbm/UPENN-GBM-00332_11/volumes/tumor_seg.nii.gz	180752
upenn-gbm/UPENN-GBM-00333_11/preprocessing_metadata.json	1723
upenn-gbm/UPENN-GBM-00333_11/volumes/FLAIR.nii.gz	5024440
upenn-gbm/UPENN-GBM-00333_11/volumes/T1.nii.gz	5007778
upenn-gbm/UPENN-GBM-00333_11/volumes/T1c.nii.gz	5035332
upenn-gbm/UPENN-GBM-00333_11/volumes/T2.nii.gz	5001818
upenn-gbm/UPENN-GBM-00333_11/volumes/brain_mask.nii.gz	277136
upenn-gbm/UPENN-GBM-00333_11/volumes/tumor_seg.nii.gz	171374
upenn-gbm/UPENN-GBM-00334_11/preprocessing_metadata.json	1744
upenn-gbm/UPENN-GBM-00334_11/volumes/FLAIR.nii.gz	5433268
upenn-gbm/UPENN-GBM-00334_11/volumes/T1.nii.gz	5380111
upenn-gbm/UPENN-GBM-00334_11/volumes/T1c.nii.gz	5422034
upenn-gbm/UPENN-GBM-00334_11/volumes/T2.nii.gz	5378685
upenn-gbm/UPENN-GBM-00334_11/volumes/brain_mask.nii.gz	292732
upenn-gbm/UPENN-GBM-00334_11/volumes/tumor_seg.nii.gz	219285
upenn-gbm/UPENN-GBM-00335_11/preprocessing_metadata.json	1739
upenn-gbm/UPENN-GBM-00335_11/volumes/FLAIR.nii.gz	5516427
upenn-gbm/UPENN-GBM-00335_11/volumes/T1.nii.gz	5465817
upenn-gbm/UPENN-GBM-00335_11/volumes/T1c.nii.gz	5512012
upenn-gbm/UPENN-GBM-00335_11/volumes/T2.nii.gz	5461721
upenn-gbm/UPENN-GBM-00335_11/volumes/brain_mask.nii.gz	301856
upenn-gbm/UPENN-GBM-00335_11/volumes/tumor_seg.nii.gz	170910
upenn-gbm/UPENN-GBM-00336_11/preprocessing_metadata.json	1737
upenn-gbm/UPENN-GBM-00336_11/volumes/FLAIR.nii.gz	5238869
upenn-gbm/UPENN-GBM-00336_11/volumes/T1.nii.gz	5199253
upenn-gbm/UPENN-GBM-00336_11/volumes/T1c.nii.gz	5241756
upenn-gbm/UPENN-GBM-00336_11/volumes/T2.nii.gz	5202919
upenn-gbm/UPENN-GBM-00336_11/volumes/brain_mask.nii.gz	282851
upenn-gbm/UPENN-GBM-00336_11/volumes/tumor_seg.nii.gz	192957
upenn-gbm/UPENN-GBM-00337_11/preprocessing_metadata.json	1738
upenn-gbm/UPENN-GBM-00337_11/volumes/FLAIR.nii.gz	5360411
upenn-gbm/UPENN-GBM-00337_11/volumes/T1.nii.gz	5336498
upenn-gbm/UPENN-GBM-00337_11/volumes/T1c.nii.gz	5374051
upenn-gbm/UPENN-GBM-00337_11/volumes/T2.nii.gz	5320946
upenn-gbm/UPENN-GBM-00337_11/volumes/brain_mask.nii.gz	293704
upenn-gbm/UPENN-GBM-00337_11/volumes/tumor_seg.nii.gz	206623
upenn-gbm/UPENN-GBM-00338_11/preprocessing_metadata.json	1736
upenn-gbm/UPENN-GBM-00338_11/volumes/FLAIR.nii.gz	6601644
upenn-gbm/UPENN-GBM-00338_11/volumes/T1.nii.gz	6562576
upenn-gbm/UPENN-GBM-00338_11/volumes/T1c.nii.gz	6617386
upenn-gbm/UPENN-GBM-00338_11/volumes/T2.nii.gz	6540227
upenn-gbm/UPENN-GBM-00338_11/volumes/brain_mask.nii.gz	318811
upenn-gbm/UPENN-GBM-00338_11/volumes/tumor_seg.nii.gz	241675
upenn-gbm/UPENN-GBM-00339_11/preprocessing_metadata.json	1738
upenn-gbm/UPENN-GBM-00339_11/volumes/FLAIR.nii.gz	5861630
upenn-gbm/UPENN-GBM-00339_11/volumes/T1.nii.gz	5809444
upenn-gbm/UPENN-GBM-00339_11/volumes/T1c.nii.gz	5848675
upenn-gbm/UPENN-GBM-00339_11/volumes/T2.nii.gz	5802263
upenn-gbm/UPENN-GBM-00339_11/volumes/brain_mask.nii.gz	302125
upenn-gbm/UPENN-GBM-00339_11/volumes/tumor_seg.nii.gz	218786
upenn-gbm/UPENN-GBM-00340_11/preprocessing_metadata.json	1743
upenn-gbm/UPENN-GBM-00340_11/volumes/FLAIR.nii.gz	5324581
upenn-gbm/UPENN-GBM-00340_11/volumes/T1.nii.gz	5281765
upenn-gbm/UPENN-GBM-00340_11/volumes/T1c.nii.gz	5319480
upenn-gbm/UPENN-GBM-00340_11/volumes/T2.nii.gz	5277940
upenn-gbm/UPENN-GBM-00340_11/volumes/brain_mask.nii.gz	299855
upenn-gbm/UPENN-GBM-00340_11/volumes/tumor_seg.nii.gz	228900
upenn-gbm/UPENN-GBM-00341_11/preprocessing_metadata.json	1737
upenn-gbm/UPENN-GBM-00341_11/volumes/FLAIR.nii.gz	5023905
upenn-gbm/UPENN-GBM-00341_11/volumes/T1.nii.gz	5035730
upenn-gbm/UPENN-GBM-00341_11/volumes/T1c.nii.gz	5053571
upenn-gbm/UPENN-GBM-00341_11/volumes/T2.nii.gz	5022623
upenn-gbm/UPENN-GBM-00341_11/volumes/brain_mask.nii.gz	280537
upenn-gbm/UPENN-GBM-00341_11/volumes/tumor_seg.nii.gz	189698
upenn-gbm/UPENN-GBM-00342_11/preprocessing_metadata.json	1738
upenn-gbm/UPENN-GBM-00342_11/volumes/FLAIR.nii.gz	5259761
upenn-gbm/UPENN-GBM-00342_11/volumes/T1.nii.gz	5239955
upenn-gbm/UPENN-GBM-00342_11/volumes/T1c.nii.gz	5269640
upenn-gbm/UPENN-GBM-00342_11/volumes/T2.nii.gz	5206291
upenn-gbm/UPENN-GBM-00342_11/volumes/brain_mask.nii.gz	295988
upenn-gbm/UPENN-GBM-00342_11/volumes/tumor_seg.nii.gz	190277
upenn-gbm/UPENN-GBM-00343_11/preprocessing_metadata.json	1736
upenn-gbm/UPENN-GBM-00343_11/volumes/FLAIR.nii.gz	5499308
upenn-gbm/UPENN-GBM-00343_11/volumes/T1.nii.gz	5441159
upenn-gbm/UPENN-GBM-00343_11/volumes/T1c.nii.gz	5483803
upenn-gbm/UPENN-GBM-00343_11/volumes/T2.nii.gz	5446472
upenn-gbm/UPENN-GBM-00343_11/volumes/brain_mask.nii.gz	296099
upenn-gbm/UPENN-GBM-00343_11/volumes/tumor_seg.nii.gz	193224
upenn-gbm/UPENN-GBM-00344_11/preprocessing_metadata.json	1728
upenn-gbm/UPENN-GBM-00344_11/volumes/FLAIR.nii.gz	5573545
upenn-gbm/UPENN-GBM-00344_11/volumes/T1.nii.gz	5537933
upenn-gbm/UPENN-GBM-00344_11/volumes/T1c.nii.gz	5577383
upenn-gbm/UPENN-GBM-00344_11/volumes/T2.nii.gz	5510882
upenn-gbm/UPENN-GBM-00344_11/volumes/brain_mask.nii.gz	300650
upenn-gbm/UPENN-GBM-00344_11/volumes/tumor_seg.nii.gz	204077
upenn-gbm/UPENN-GBM-00345_11/preprocessing_metadata.json	1737
upenn-gbm/UPENN-GBM-00345_11/volumes/FLAIR.nii.gz	6311272
upenn-gbm/UPENN-GBM-00345_11/volumes/T1.nii.gz	6269253
upenn-gbm/UPENN-GBM-00345_11/volumes/T1c.nii.gz	6317937
upenn-gbm/UPENN-GBM-00345_11/volumes/T2.nii.gz	6268634
upenn-gbm/UPENN-GBM-00345_11/volumes/brain_mask.nii.gz	309299
upenn-gbm/UPENN-GBM-00345_11/volumes/tumor_seg.nii.gz	185799
upenn-gbm/UPENN-GBM-00346_11/preprocessing_metadata.json	1729
upenn-gbm/UPENN-GBM-00346_11/volumes/FLAIR.nii.gz	6235635
upenn-gbm/UPENN-GBM-00346_11/volumes/T1.nii.gz	6207940
upenn-gbm/UPENN-GBM-00346_11/volumes/T1c.nii.gz	6242310
upenn-gbm/UPENN-GBM-00346_11/volumes/T2.nii.gz	6177030
upenn-gbm/UPENN-GBM-00346_11/volumes/brain_mask.nii.gz	310309
upenn-gbm/UPENN-GBM-00346_11/volumes/tumor_seg.nii.gz	236375
upenn-gbm/UPENN-GBM-00347_11/preprocessing_metadata.json	1736
upenn-gbm/UPENN-GBM-00347_11/volumes/FLAIR.nii.gz	6283477
upenn-gbm/UPENN-GBM-00347_11/volumes/T1.nii.gz	6254752
upenn-gbm/UPENN-GBM-00347_11/volumes/T1c.nii.gz	6302914
upenn-gbm/UPENN-GBM-00347_11/volumes/T2.nii.gz	6232583
upenn-gbm/UPENN-GBM-00347_11/volumes/brain_mask.nii.gz	308798
upenn-gbm/UPENN-GBM-00347_11/volumes/tumor_seg.nii.gz	205667
upenn-gbm/UPENN-GBM-00348_11/preprocessing_metadata.json	1720
upenn-gbm/UPENN-GBM-00348_11/volumes/FLAIR.nii.gz	5504238
upenn-gbm/UPENN-GBM-00348_11/volumes/T1.nii.gz	5444216
upenn-gbm/UPENN-GBM-00348_11/volumes/T1c.nii.gz	5508453
upenn-gbm/UPENN-GBM-00348_11/volumes/T2.nii.gz	5436627
upenn-gbm/UPENN-GBM-00348_11/volumes/brain_mask.nii.gz	300010
upenn-gbm/UPENN-GBM-00348_11/volumes/tumor_seg.nii.gz	198940
upenn-gbm/UPENN-GBM-00349_11/preprocessing_metadata.json	1741
upenn-gbm/UPENN-GBM-00349_11/volumes/FLAIR.nii.gz	6697104
upenn-gbm/UPENN-GBM-00349_11/volumes/T1.nii.gz	6654335
upenn-gbm/UPENN-GBM-00349_11/volumes/T1c.nii.gz	6708009
upenn-gbm/UPENN-GBM-00349_11/volumes/T2.nii.gz	6648943
upenn-gbm/UPENN-GBM-00349_11/volumes/brain_mask.nii.gz	325297
upenn-gbm/UPENN-GBM-00349_11/volumes/tumor_seg.nii.gz	212469
upenn-gbm/UPENN-GBM-00350_11/preprocessing_metadata.json	1738
upenn-gbm/UPENN-GBM-00350_11/volumes/FLAIR.nii.gz	6022785
upenn-gbm/UPENN-GBM-00350_11/volumes/T1.nii.gz	5983187
upenn-gbm/UPENN-GBM-00350_11/volumes/T1c.nii.gz	6032700
upenn-gbm/UPENN-GBM-00350_11/volumes/T2.nii.gz	5971282
upenn-gbm/UPENN-GBM-00350_11/volumes/brain_mask.nii.gz	306324
upenn-gbm/UPENN-GBM-00350_11/volumes/tumor_seg.nii.gz	193466
upenn-gbm/UPENN-GBM-00351_11/preprocessing_metadata.json	1726
upenn-gbm/UPENN-GBM-00351_11/volumes/FLAIR.nii.gz	5926712
upenn-gbm/UPENN-GBM-00351_11/volumes/T1.nii.gz	5885398
upenn-gbm/UPENN-GBM-00351_11/volumes/T1c.nii.gz	5921161
upenn-gbm/UPENN-GBM-00351_11/volumes/T2.nii.gz	5881759
upenn-gbm/UPENN-GBM-00351_11/volumes/brain_mask.nii.gz	304856
upenn-gbm/UPENN-GBM-00351_11/volumes/tumor_seg.nii.gz	198301
upenn-gbm/UPENN-GBM-00352_11/preprocessing_metadata.json	1738
upenn-gbm/UPENN-GBM-00352_11/volumes/FLAIR.nii.gz	6196841
upenn-gbm/UPENN-GBM-00352_11/volumes/T1.nii.gz	6154275
upenn-gbm/UPENN-GBM-00352_11/volumes/T1c.nii.gz	6198318
upenn-gbm/UPENN-GBM-00352_11/volumes/T2.nii.gz	6151959
upenn-gbm/UPENN-GBM-00352_11/volumes/brain_mask.nii.gz	314549
upenn-gbm/UPENN-GBM-00352_11/volumes/tumor_seg.nii.gz	198758
upenn-gbm/UPENN-GBM-00353_11/preprocessing_metadata.json	1740
upenn-gbm/UPENN-GBM-00353_11/volumes/FLAIR.nii.gz	5487829
upenn-gbm/UPENN-GBM-00353_11/volumes/T1.nii.gz	5454199
upenn-gbm/UPENN-GBM-00353_11/volumes/T1c.nii.gz	5491663
upenn-gbm/UPENN-GBM-00353_11/volumes/T2.nii.gz	5440173
upenn-gbm/UPENN-GBM-00353_11/volumes/brain_mask.nii.gz	289213
upenn-gbm/UPENN-GBM-00353_11/volumes/tumor_seg.nii.gz	207236
upenn-gbm/UPENN-GBM-00354_11/preprocessing_metadata.json	1725
upenn-gbm/UPENN-GBM-00354_11/volumes/FLAIR.nii.gz	5668905
upenn-gbm/UPENN-GBM-00354_11/volumes/T1.nii.gz	5630259
upenn-gbm/UPENN-GBM-00354_11/volumes/T1c.nii.gz	5673085
upenn-gbm/UPENN-GBM-00354_11/volumes/T2.nii.gz	5628264
upenn-gbm/UPENN-GBM-00354_11/volumes/brain_mask.nii.gz	303195
upenn-gbm/UPENN-GBM-00354_11/volumes/tumor_seg.nii.gz	168937
upenn-gbm/UPENN-GBM-00355_11/preprocessing_metadata.json	1737
upenn-gbm/UPENN-GBM-00355_11/volumes/FLAIR.nii.gz	5844811
upenn-gbm/UPENN-GBM-00355_11/volumes/T1.nii.gz	5799215
upenn-gbm/UPENN-GBM-00355_11/volumes/T1c.nii.gz	5838442
upenn-gbm/UPENN-GBM-00355_11/volumes/T2.nii.gz	5794866
upenn-gbm/UPENN-GBM-00355_11/volumes/brain_mask.nii.gz	302135
upenn-gbm/UPENN-GBM-00355_11/volumes/tumor_seg.nii.gz	188171
upenn-gbm/UPENN-GBM-00356_11/preprocessing_metadata.json	1716
upenn-gbm/UPENN-GBM-00356_11/volumes/FLAIR.nii.gz	5941893
upenn-gbm/UPENN-GBM-00356_11/volumes/T1.nii.gz	5896058
upenn-gbm/UPENN-GBM-00356_11/volumes/T1c.nii.gz	5939805
upenn-gbm/UPENN-GBM-00356_11/volumes/T2.nii.gz	5882414
upenn-gbm/UPENN-GBM-00356_11/volumes/brain_mask.nii.gz	303779
upenn-gbm/UPENN-GBM-00356_11/volumes/tumor_seg.nii.gz	186012
upenn-gbm/UPENN-GBM-00357_11/preprocessing_metadata.json	1739
upenn-gbm/UPENN-GBM-00357_11/volumes/FLAIR.nii.gz	5403944
upenn-gbm/UPENN-GBM-00357_11/volumes/T1.nii.gz	5401881
upenn-gbm/UPENN-GBM-00357_11/volumes/T1c.nii.gz	5426055
upenn-gbm/UPENN-GBM-00357_11/volumes/T2.nii.gz	5373301
upenn-gbm/UPENN-GBM-00357_11/volumes/brain_mask.nii.gz	296510
upenn-gbm/UPENN-GBM-00357_11/volumes/tumor_seg.nii.gz	222700
upenn-gbm/UPENN-GBM-00358_11/preprocessing_metadata.json	1736
upenn-gbm/UPENN-GBM-00358_11/volumes/FLAIR.nii.gz	5975489
upenn-gbm/UPENN-GBM-00358_11/volumes/T1.nii.gz	5904986
upenn-gbm/UPENN-GBM-00358_11/volumes/T1c.nii.gz	5964830
upenn-gbm/UPENN-GBM-00358_11/volumes/T2.nii.gz	5904839
upenn-gbm/UPENN-GBM-00358_11/volumes/brain_mask.nii.gz	295713
upenn-gbm/UPENN-GBM-00358_11/volumes/tumor_seg.nii.gz	200429
upenn-gbm/UPENN-GBM-00359_11/preprocessing_metadata.json	1728
upenn-gbm/UPENN-GBM-00359_11/volumes/FLAIR.nii.gz	4933906
upenn-gbm/UPENN-GBM-00359_11/volumes/T1.nii.gz	4907580
upenn-gbm/UPENN-GBM-00359_11/volumes/T1c.nii.gz	4947842
upenn-gbm/UPENN-GBM-00359_11/volumes/T2.nii.gz	4912081
upenn-gbm/UPENN-GBM-00359_11/volumes/brain_mask.nii.gz	275108
upenn-gbm/UPENN-GBM-00359_11/volumes/tumor_seg.nii.gz	196326
upenn-gbm/UPENN-GBM-00360_11/preprocessing_metadata.json	1726
upenn-gbm/UPENN-GBM-00360_11/volumes/FLAIR.nii.gz	6827233
upenn-gbm/UPENN-GBM-00360_11/volumes/T1.nii.gz	6815506
upenn-gbm/UPENN-GBM-00360_11/volumes/T1c.nii.gz	6865023
upenn-gbm/UPENN-GBM-00360_11/volumes/T2.nii.gz	6791930
upenn-gbm/UPENN-GBM-00360_11/volumes/brain_mask.nii.gz	326168
upenn-gbm/UPENN-GBM-00360_11/volumes/tumor_seg.nii.gz	218753
upenn-gbm/UPENN-GBM-00361_11/preprocessing_metadata.json	1736
upenn-gbm/UPENN-GBM-00361_11/volumes/FLAIR.nii.gz	5315826
upenn-gbm/UPENN-GBM-00361_11/volumes/T1.nii.gz	5270702
upenn-gbm/UPENN-GBM-00361_11/volumes/T1c.nii.gz	5309194
upenn-gbm/UPENN-GBM-00361_11/volumes/T2.nii.gz	5277578
upenn-gbm/UPENN-GBM-00361_11/volumes/brain_mask.nii.gz	291885
upenn-gbm/UPENN-GBM-00361_11/volumes/tumor_seg.nii.gz	204031
upenn-gbm/UPENN-GBM-00362_11/preprocessing_metadata.json	1727
upenn-gbm/UPENN-GBM-00362_11/volumes/FLAIR.nii.gz	5931898
upenn-gbm/UPENN-GBM-00362_11/volumes/T1.nii.gz	5874216
upenn-gbm/UPENN-GBM-00362_11/volumes/T1c.nii.gz	5923692
upenn-gbm/UPENN-GBM-00362_11/volumes/T2.nii.gz	5864085
upenn-gbm/UPENN-GBM-00362_11/volumes/brain_mask.nii.gz	300453
upenn-gbm/UPENN-GBM-00362_11/volumes/tumor_seg.nii.gz	197523
upenn-gbm/UPENN-GBM-00363_11/preprocessing_metadata.json	1737
upenn-gbm/UPENN-GBM-00363_11/volumes/FLAIR.nii.gz	6004638
upenn-gbm/UPENN-GBM-00363_11/volumes/T1.nii.gz	5958264
upenn-gbm/UPENN-GBM-00363_11/volumes/T1c.nii.gz	5995059
upenn-gbm/UPENN-GBM-00363_11/volumes/T2.nii.gz	5944709
upenn-gbm/UPENN-GBM-00363_11/volumes/brain_mask.nii.gz	311853
upenn-gbm/UPENN-GBM-00363_11/volumes/tumor_seg.nii.gz	216800
upenn-gbm/UPENN-GBM-00364_11/preprocessing_metadata.json	1738
upenn-gbm/UPENN-GBM-00364_11/volumes/FLAIR.nii.gz	5874089
upenn-gbm/UPENN-GBM-00364_11/volumes/T1.nii.gz	5855055
upenn-gbm/UPENN-GBM-00364_11/volumes/T1c.nii.gz	5897712
upenn-gbm/UPENN-GBM-00364_11/volumes/T2.nii.gz	5837696
upenn-gbm/UPENN-GBM-00364_11/volumes/brain_mask.nii.gz	301513
upenn-gbm/UPENN-GBM-00364_11/volumes/tumor_seg.nii.gz	201409
upenn-gbm/UPENN-GBM-00365_11/preprocessing_metadata.json	1741
upenn-gbm/UPENN-GBM-00365_11/volumes/FLAIR.nii.gz	5983044
upenn-gbm/UPENN-GBM-00365_11/volumes/T1.nii.gz	5957279
upenn-gbm/UPENN-GBM-00365_11/volumes/T1c.nii.gz	6002323
upenn-gbm/UPENN-GBM-00365_11/volumes/T2.nii.gz	5953340
upenn-gbm/UPENN-GBM-00365_11/volumes/brain_mask.nii.gz	309400
upenn-gbm/UPENN-GBM-00365_11/volumes/tumor_seg.nii.gz	195264
upenn-gbm/UPENN-GBM-00366_11/preprocessing_metadata.json	1733
upenn-gbm/UPENN-GBM-00366_11/volumes/FLAIR.nii.gz	5745974
upenn-gbm/UPENN-GBM-00366_11/volumes/T1.nii.gz	5688991
upenn-gbm/UPENN-GBM-00366_11/volumes/T1c.nii.gz	5727408
upenn-gbm/UPENN-GBM-00366_11/volumes/T2.nii.gz	5667531
upenn-gbm/UPENN-GBM-00366_11/volumes/brain_mask.nii.gz	303038
upenn-gbm/UPENN-GBM-00366_11/volumes/tumor_seg.nii.gz	190066
upenn-gbm/UPENN-GBM-00367_11/preprocessing_metadata.json	1725
upenn-gbm/UPENN-GBM-00367_11/volumes/FLAIR.nii.gz	6021905
upenn-gbm/UPENN-GBM-00367_11/volumes/T1.nii.gz	5985935
upenn-gbm/UPENN-GBM-00367_11/volumes/T1c.nii.gz	6030250
upenn-gbm/UPENN-GBM-00367_11/volumes/T2.nii.gz	5976382
upenn-gbm/UPENN-GBM-00367_11/volumes/brain_mask.nii.gz	310649
upenn-gbm/UPENN-GBM-00367_11/volumes/tumor_seg.nii.gz	218004
upenn-gbm/UPENN-GBM-00368_11/preprocessing_metadata.json	1726
upenn-gbm/UPENN-GBM-00368_11/volumes/FLAIR.nii.gz	6289172
upenn-gbm/UPENN-GBM-00368_11/volumes/T1.nii.gz	6240932
upenn-gbm/UPENN-GBM-00368_11/volumes/T1c.nii.gz	6282529
upenn-gbm/UPENN-GBM-00368_11/volumes/T2.nii.gz	6225020
upenn-gbm/UPENN-GBM-00368_11/volumes/brain_mask.nii.gz	311707
upenn-gbm/UPENN-GBM-00368_11/volumes/tumor_seg.nii.gz	196481
upenn-gbm/UPENN-GBM-00369_11/preprocessing_metadata.json	1741
upenn-gbm/UPENN-GBM-00369_11/volumes/FLAIR.nii.gz	5700863
upenn-gbm/UPENN-GBM-00369_11/volumes/T1.nii.gz	5670051
upenn-gbm/UPENN-GBM-00369_11/volumes/T1c.nii.gz	5710102
upenn-gbm/UPENN-GBM-00369_11/volumes/T2.nii.gz	5661143
upenn-gbm/UPENN-GBM-00369_11/volumes/brain_mask.nii.gz	299591
upenn-gbm/UPENN-GBM-00369_11/volumes/tumor_seg.nii.gz	180260
upenn-gbm/UPENN-GBM-00370_11/preprocessing_metadata.json	1738
upenn-gbm/UPENN-GBM-00370_11/volumes/FLAIR.nii.gz	6042230
upenn-gbm/UPENN-GBM-00370_11/volumes/T1.nii.gz	5992594
upenn-gbm/UPENN-GBM-00370_11/volumes/T1c.nii.gz	6043192
upenn-gbm/UPENN-GBM-00370_11/volumes/T2.nii.gz	5995439
upenn-gbm/UPENN-GBM-00370_11/volumes/brain_mask.nii.gz	302550
upenn-gbm/UPENN-GBM-00370_11/volumes/tumor_seg.nii.gz	210793
upenn-gbm/UPENN-GBM-00371_11/preprocessing_metadata.json	1709
upenn-gbm/UPENN-GBM-00371_11/volumes/FLAIR.nii.gz	6214129
upenn-gbm/UPENN-GBM-00371_11/volumes/T1.nii.gz	6152825
upenn-gbm/UPENN-GBM-00371_11/volumes/T1c.nii.gz	6209262
upenn-gbm/UPENN-GBM-00371_11/volumes/T2.nii.gz	6145667
upenn-gbm/UPENN-GBM-00371_11/volumes/brain_mask.nii.gz	302808
upenn-gbm/UPENN-GBM-00371_11/volumes/tumor_seg.nii.gz	189825
upenn-gbm/UPENN-GBM-00372_11/preprocessing_metadata.json	1723
upenn-gbm/UPENN-GBM-00372_11/volumes/FLAIR.nii.gz	5160373
upenn-gbm/UPENN-GBM-00372_11/volumes/T1.nii.gz	5110685
upenn-gbm/UPENN-GBM-00372_11/volumes/T1c.nii.gz	5151861
upenn-gbm/UPENN-GBM-00372_11/volumes/T2.nii.gz	5100114
upenn-gbm/UPENN-GBM-00372_11/volumes/brain_mask.nii.gz	288957
upenn-gbm/UPENN-GBM-00372_11/volumes/tumor_seg.nii.gz	184954
upenn-gbm/UPENN-GBM-00373_11/preprocessing_metadata.json	1725
upenn-gbm/UPENN-GBM-00373_11/volumes/FLAIR.nii.gz	5853759
upenn-gbm/UPENN-GBM-00373_11/volumes/T1.nii.gz	5816713
upenn-gbm/UPENN-GBM-00373_11/volumes/T1c.nii.gz	5864253
upenn-gbm/UPENN-GBM-00373_11/volumes/T2.nii.gz	5820744
upenn-gbm/UPENN-GBM-00373_11/volumes/brain_mask.nii.gz	303684
upenn-gbm/UPENN-GBM-00373_11/volumes/tumor_seg.nii.gz	181345
upenn-gbm/UPENN-GBM-00374_11/preprocessing_metadata.json	1741
upenn-gbm/UPENN-GBM-00374_11/volumes/FLAIR.nii.gz	4986664
upenn-gbm/UPENN-GBM-00374_11/volumes/T1.nii.gz	4951102
upenn-gbm/UPENN-GBM-00374_11/volumes/T1c.nii.gz	4986398
upenn-gbm/UPENN-GBM-00374_11/volumes/T2.nii.gz	4956428
upenn-gbm/UPENN-GBM-00374_11/volumes/brain_mask.nii.gz	275156
upenn-gbm/UPENN-GBM-00374_11/volumes/tumor_seg.nii.gz	169033
upenn-gbm/UPENN-GBM-00375_11/preprocessing_metadata.json	1708
upenn-gbm/UPENN-GBM-00375_11/volumes/FLAIR.nii.gz	6246801
upenn-gbm/UPENN-GBM-00375_11/volumes/T1.nii.gz	6230845
upenn-gbm/UPENN-GBM-00375_11/volumes/T1c.nii.gz	6262356
upenn-gbm/UPENN-GBM-00375_11/volumes/T2.nii.gz	6210350
upenn-gbm/UPENN-GBM-00375_11/volumes/brain_mask.nii.gz	311926
upenn-gbm/UPENN-GBM-00375_11/volumes/tumor_seg.nii.gz	223947
upenn-gbm/UPENN-GBM-00376_11/preprocessing_metadata.json	1724
upenn-gbm/UPENN-GBM-00376_11/volumes/FLAIR.nii.gz	6232039
upenn-gbm/UPENN-GBM-00376_11/volumes/T1.nii.gz	6217850
upenn-gbm/UPENN-GBM-00376_11/volumes/T1c.nii.gz	6255820
upenn-gbm/UPENN-GBM-00376_11/volumes/T2.nii.gz	6203063
upenn-gbm/UPENN-GBM-00376_11/volumes/brain_mask.nii.gz	308953
upenn-gbm/UPENN-GBM-00376_11/volumes/tumor_seg.nii.gz	220706
upenn-gbm/UPENN-GBM-00377_11/preprocessing_metadata.json	1726
upenn-gbm/UPENN-GBM-00377_11/volumes/FLAIR.nii.gz	6214946
upenn-gbm/UPENN-GBM-00377_11/volumes/T1.nii.gz	6149866
upenn-gbm/UPENN-GBM-00377_11/volumes/T1c.nii.gz	6208651
upenn-gbm/UPENN-GBM-00377_11/volumes/T2.nii.gz	6147212
upenn-gbm/UPENN-GBM-00377_11/volumes/brain_mask.nii.gz	310901
upenn-gbm/UPENN-GBM-00377_11/volumes/tumor_seg.nii.gz	199444
upenn-gbm/UPENN-GBM-00378_11/preprocessing_metadata.json	1741
upenn-gbm/UPENN-GBM-00378_11/volumes/FLAIR.nii.gz	6429129
upenn-gbm/UPENN-GBM-00378_11/volumes/T1.nii.gz	6430910
upenn-gbm/UPENN-GBM-00378_11/volumes/T1c.nii.gz	6467159
upenn-gbm/UPENN-GBM-00378_11/volumes/T2.nii.gz	6407176
upenn-gbm/UPENN-GBM-00378_11/volumes/brain_mask.nii.gz	322434
upenn-gbm/UPENN-GBM-00378_11/volumes/tumor_seg.nii.gz	263361
upenn-gbm/UPENN-GBM-00379_11/preprocessing_metadata.json	1733
upenn-gbm/UPENN-GBM-00379_11/volumes/FLAIR.nii.gz	5408897
upenn-gbm/UPENN-GBM-00379_11/volumes/T1.nii.gz	5376759
upenn-gbm/UPENN-GBM-00379_11/volumes/T1c.nii.gz	5410353
upenn-gbm/UPENN-GBM-00379_11/volumes/T2.nii.gz	5372265
upenn-gbm/UPENN-GBM-00379_11/volumes/brain_mask.nii.gz	289824
upenn-gbm/UPENN-GBM-00379_11/volumes/tumor_seg.nii.gz	170992
upenn-gbm/UPENN-GBM-00380_11/preprocessing_metadata.json	1720
upenn-gbm/UPENN-GBM-00380_11/volumes/FLAIR.nii.gz	6142562
upenn-gbm/UPENN-GBM-00380_11/volumes/T1.nii.gz	6099060
upenn-gbm/UPENN-GBM-00380_11/volumes/T1c.nii.gz	6144123
upenn-gbm/UPENN-GBM-00380_11/volumes/T2.nii.gz	6083705
upenn-gbm/UPENN-GBM-00380_11/volumes/brain_mask.nii.gz	315816
upenn-gbm/UPENN-GBM-00380_11/volumes/tumor_seg.nii.gz	178082
upenn-gbm/UPENN-GBM-00381_11/preprocessing_metadata.json	1739
upenn-gbm/UPENN-GBM-00381_11/volumes/FLAIR.nii.gz	6079479
upenn-gbm/UPENN-GBM-00381_11/volumes/T1.nii.gz	6024486
upenn-gbm/UPENN-GBM-00381_11/volumes/T1c.nii.gz	6068400
upenn-gbm/UPENN-GBM-00381_11/volumes/T2.nii.gz	6030852
upenn-gbm/UPENN-GBM-00381_11/volumes/brain_mask.nii.gz	309551
upenn-gbm/UPENN-GBM-00381_11/volumes/tumor_seg.nii.gz	174803
upenn-gbm/UPENN-GBM-00382_11/preprocessing_metadata.json	1737
upenn-gbm/UPENN-GBM-00382_11/volumes/FLAIR.nii.gz	4201940
upenn-gbm/UPENN-GBM-00382_11/volumes/T1.nii.gz	4168424
upenn-gbm/UPENN-GBM-00382_11/volumes/T1c.nii.gz	4205085
upenn-gbm/UPENN-GBM-00382_11/volumes/T2.nii.gz	4181741
upenn-gbm/UPENN-GBM-00382_11/volumes/brain_mask.nii.gz	273048
upenn-gbm/UPENN-GBM-00382_11/volumes/tumor_seg.nii.gz	171077
upenn-gbm/UPENN-GBM-00383_11/preprocessing_metadata.json	1738
upenn-gbm/UPENN-GBM-00383_11/volumes/FLAIR.nii.gz	5983704
upenn-gbm/UPENN-GBM-00383_11/volumes/T1.nii.gz	5983877
upenn-gbm/UPENN-GBM-00383_11/volumes/T1c.nii.gz	6014099
upenn-gbm/UPENN-GBM-00383_11/volumes/T2.nii.gz	5964072
upenn-gbm/UPENN-GBM-00383_11/volumes/brain_mask.nii.gz	310485
upenn-gbm/UPENN-GBM-00383_11/volumes/tumor_seg.nii.gz	235297
upenn-gbm/UPENN-GBM-00384_11/preprocessing_metadata.json	1724
upenn-gbm/UPENN-GBM-00384_11/volumes/FLAIR.nii.gz	5871015
upenn-gbm/UPENN-GBM-00384_11/volumes/T1.nii.gz	5830592
upenn-gbm/UPENN-GBM-00384_11/volumes/T1c.nii.gz	5878154
upenn-gbm/UPENN-GBM-00384_11/volumes/T2.nii.gz	5823125
upenn-gbm/UPENN-GBM-00384_11/volumes/brain_mask.nii.gz	303245
upenn-gbm/UPENN-GBM-00384_11/volumes/tumor_seg.nii.gz	198243
upenn-gbm/UPENN-GBM-00385_11/preprocessing_metadata.json	1717
upenn-gbm/UPENN-GBM-00385_11/volumes/FLAIR.nii.gz	6099868
upenn-gbm/UPENN-GBM-00385_11/volumes/T1.nii.gz	6067226
upenn-gbm/UPENN-GBM-00385_11/volumes/T1c.nii.gz	6113128
upenn-gbm/UPENN-GBM-00385_11/volumes/T2.nii.gz	6057808
upenn-gbm/UPENN-GBM-00385_11/volumes/brain_mask.nii.gz	311983
upenn-gbm/UPENN-GBM-00385_11/volumes/tumor_seg.nii.gz	204757
upenn-gbm/UPENN-GBM-00386_11/preprocessing_metadata.json	1737
upenn-gbm/UPENN-GBM-00386_11/volumes/FLAIR.nii.gz	5792566
upenn-gbm/UPENN-GBM-00386_11/volumes/T1.nii.gz	5755939
upenn-gbm/UPENN-GBM-00386_11/volumes/T1c.nii.gz	5790800
upenn-gbm/UPENN-GBM-00386_11/volumes/T2.nii.gz	5723867
upenn-gbm/UPENN-GBM-00386_11/volumes/brain_mask.nii.gz	298957
upenn-gbm/UPENN-GBM-00386_11/volumes/tumor_seg.nii.gz	186382
upenn-gbm/UPENN-GBM-00387_11/preprocessing_metadata.json	1741
upenn-gbm/UPENN-GBM-00387_11/volumes/FLAIR.nii.gz	6934152
upenn-gbm/UPENN-GBM-00387_11/volumes/T1.nii.gz	6918903
upenn-gbm/UPENN-GBM-00387_11/volumes/T1c.nii.gz	6960256
upenn-gbm/UPENN-GBM-00387_11/volumes/T2.nii.gz	6918147
upenn-gbm/UPENN-GBM-00387_11/volumes/brain_mask.nii.gz	328823
upenn-gbm/UPENN-GBM-00387_11/volumes/tumor_seg.nii.gz	171895
upenn-gbm/UPENN-GBM-00388_11/preprocessing_metadata.json	1718
upenn-gbm/UPENN-GBM-00388_11/volumes/FLAIR.nii.gz	5528284
upenn-gbm/UPENN-GBM-00388_11/volumes/T1.nii.gz	5520340
upenn-gbm/UPENN-GBM-00388_11/volumes/T1c.nii.gz	5561016
upenn-gbm/UPENN-GBM-00388_11/volumes/T2.nii.gz	5510208
upenn-gbm/UPENN-GBM-00388_11/volumes/brain_mask.nii.gz	306112
upenn-gbm/UPENN-GBM-00388_11/volumes/tumor_seg.nii.gz	181536
upenn-gbm/UPENN-GBM-00389_11/preprocessing_metadata.json	1741
upenn-gbm/UPENN-GBM-00389_11/volumes/FLAIR.nii.gz	6505111
upenn-gbm/UPENN-GBM-00389_11/volumes/T1.nii.gz	6461985
upenn-gbm/UPENN-GBM-00389_11/volumes/T1c.nii.gz	6507029
upenn-gbm/UPENN-GBM-00389_11/volumes/T2.nii.gz	6451987
upenn-gbm/UPENN-GBM-00389_11/volumes/brain_mask.nii.gz	313427
upenn-gbm/UPENN-GBM-00389_11/volumes/tumor_seg.nii.gz	213447
upenn-gbm/UPENN-GBM-00390_11/preprocessing_metadata.json	1722
upenn-gbm/UPENN-GBM-00390_11/volumes/FLAIR.nii.gz	5817175
upenn-gbm/UPENN-GBM-00390_11/volumes/T1.nii.gz	5758375
upenn-gbm/UPENN-GBM-00390_11/volumes/T1c.nii.gz	5806095
upenn-gbm/UPENN-GBM-00390_11/volumes/T2.nii.gz	5751308
upenn-gbm/UPENN-GBM-00390_11/volumes/brain_mask.nii.gz	308306
upenn-gbm/UPENN-GBM-00390_11/volumes/tumor_seg.nii.gz	184761
upenn-gbm/UPENN-GBM-00391_11/preprocessing_metadata.json	1724
upenn-gbm/UPENN-GBM-00391_11/volumes/FLAIR.nii.gz	5957041
upenn-gbm/UPENN-GBM-00391_11/volumes/T1.nii.gz	5918244
upenn-gbm/UPENN-GBM-00391_11/volumes/T1c.nii.gz	5965981
upenn-gbm/UPENN-GBM-00391_11/volumes/T2.nii.gz	5914834
upenn-gbm/UPENN-GBM-00391_11/volumes/brain_mask.nii.gz	313952
upenn-gbm/UPENN-GBM-00391_11/volumes/tumor_seg.nii.gz	214507
upenn-gbm/UPENN-GBM-00392_11/preprocessing_metadata.json	1725
upenn-gbm/UPENN-GBM-00392_11/volumes/FLAIR.nii.gz	5763806
upenn-gbm/UPENN-GBM-00392_11/volumes/T1.nii.gz	5727671
upenn-gbm/UPENN-GBM-00392_11/volumes/T1c.nii.gz	5761883
upenn-gbm/UPENN-GBM-00392_11/volumes/T2.nii.gz	5718831
upenn-gbm/UPENN-GBM-00392_11/volumes/brain_mask.nii.gz	302436
upenn-gbm/UPENN-GBM-00392_11/volumes/tumor_seg.nii.gz	196033
upenn-gbm/UPENN-GBM-00393_11/preprocessing_metadata.json	1721
upenn-gbm/UPENN-GBM-00393_11/volumes/FLAIR.nii.gz	5415223
upenn-gbm/UPENN-GBM-00393_11/volumes/T1.nii.gz	5370186
upenn-gbm/UPENN-GBM-00393_11/volumes/T1c.nii.gz	5414184
upenn-gbm/UPENN-GBM-00393_11/volumes/T2.nii.gz	5376948
upenn-gbm/UPENN-GBM-00393_11/volumes/brain_mask.nii.gz	290060
upenn-gbm/UPENN-GBM-00393_11/volumes/tumor_seg.nii.gz	169332
upenn-gbm/UPENN-GBM-00394_11/preprocessing_metadata.json	1726
upenn-gbm/UPENN-GBM-00394_11/volumes/FLAIR.nii.gz	5637508
upenn-gbm/UPENN-GBM-00394_11/volumes/T1.nii.gz	5599057
upenn-gbm/UPENN-GBM-00394_11/volumes/T1c.nii.gz	5626809
upenn-gbm/UPENN-GBM-00394_11/volumes/T2.nii.gz	5607054
upenn-gbm/UPENN-GBM-00394_11/volumes/brain_mask.nii.gz	297866
upenn-gbm/UPENN-GBM-00394_11/volumes/tumor_seg.nii.gz	205069
upenn-gbm/UPENN-GBM-00395_11/preprocessing_metadata.json	1719
upenn-gbm/UPENN-GBM-00395_11/volumes/FLAIR.nii.gz	5733581
upenn-gbm/UPENN-GBM-00395_11/volumes/T1.nii.gz	5682810
upenn-gbm/UPENN-GBM-00395_11/volumes/T1c.nii.gz	5724062
upenn-gbm/UPENN-GBM-00395_11/volumes/T2.nii.gz	5666469
upenn-gbm/UPENN-GBM-00395_11/volumes/brain_mask.nii.gz	312888
upenn-gbm/UPENN-GBM-00395_11/volumes/tumor_seg.nii.gz	174350
upenn-gbm/UPENN-GBM-00396_11/preprocessing_metadata.json	1725
upenn-gbm/UPENN-GBM-00396_11/volumes/FLAIR.nii.gz	6059532
upenn-gbm/UPENN-GBM-00396_11/volumes/T1.nii.gz	6011572
upenn-gbm/UPENN-GBM-00396_11/volumes/T1c.nii.gz	6057880
upenn-gbm/UPENN-GBM-00396_11/volumes/T2.nii.gz	6006568
upenn-gbm/UPENN-GBM-00396_11/volumes/brain_mask.nii.gz	310151
upenn-gbm/UPENN-GBM-00396_11/volumes/tumor_seg.nii.gz	207157
upenn-gbm/UPENN-GBM-00397_11/preprocessing_metadata.json	1712
upenn-gbm/UPENN-GBM-00397_11/volumes/FLAIR.nii.gz	4952905
upenn-gbm/UPENN-GBM-00397_11/volumes/T1.nii.gz	4913027
upenn-gbm/UPENN-GBM-00397_11/volumes/T1c.nii.gz	4955656
upenn-gbm/UPENN-GBM-00397_11/volumes/T2.nii.gz	4925835
upenn-gbm/UPENN-GBM-00397_11/volumes/brain_mask.nii.gz	283890
upenn-gbm/UPENN-GBM-00397_11/volumes/tumor_seg.nii.gz	175512
upenn-gbm/UPENN-GBM-00398_11/preprocessing_metadata.json	1724
upenn-gbm/UPENN-GBM-00398_11/volumes/FLAIR.nii.gz	6011615
upenn-gbm/UPENN-GBM-00398_11/volumes/T1.nii.gz	5988723
upenn-gbm/UPENN-GBM-00398_11/volumes/T1c.nii.gz	6029014
upenn-gbm/UPENN-GBM-00398_11/volumes/T2.nii.gz	5969520
upenn-gbm/UPENN-GBM-00398_11/volumes/brain_mask.nii.gz	310576
upenn-gbm/UPENN-GBM-00398_11/volumes/tumor_seg.nii.gz	229312
upenn-gbm/UPENN-GBM-00399_11/preprocessing_metadata.json	1719
upenn-gbm/UPENN-GBM-00399_11/volumes/FLAIR.nii.gz	5919947
upenn-gbm/UPENN-GBM-00399_11/volumes/T1.nii.gz	5891943
upenn-gbm/UPENN-GBM-00399_11/volumes/T1c.nii.gz	5935014
upenn-gbm/UPENN-GBM-00399_11/volumes/T2.nii.gz	5883118
upenn-gbm/UPENN-GBM-00399_11/volumes/brain_mask.nii.gz	306587
upenn-gbm/UPENN-GBM-00399_11/volumes/tumor_seg.nii.gz	205287
upenn-gbm/UPENN-GBM-00400_11/preprocessing_metadata.json	1720
upenn-gbm/UPENN-GBM-00400_11/volumes/FLAIR.nii.gz	5249701
upenn-gbm/UPENN-GBM-00400_11/volumes/T1.nii.gz	5173561
upenn-gbm/UPENN-GBM-00400_11/volumes/T1c.nii.gz	5225809
upenn-gbm/UPENN-GBM-00400_11/volumes/T2.nii.gz	5204313
upenn-gbm/UPENN-GBM-00400_11/volumes/brain_mask.nii.gz	278108
upenn-gbm/UPENN-GBM-00400_11/volumes/tumor_seg.nii.gz	156918
upenn-gbm/UPENN-GBM-00401_11/preprocessing_metadata.json	1721
upenn-gbm/UPENN-GBM-00401_11/volumes/FLAIR.nii.gz	5501176
upenn-gbm/UPENN-GBM-00401_11/volumes/T1.nii.gz	5447877
upenn-gbm/UPENN-GBM-00401_11/volumes/T1c.nii.gz	5478111
upenn-gbm/UPENN-GBM-00401_11/volumes/T2.nii.gz	5427570
upenn-gbm/UPENN-GBM-00401_11/volumes/brain_mask.nii.gz	295229
upenn-gbm/UPENN-GBM-00401_11/volumes/tumor_seg.nii.gz	203304
upenn-gbm/UPENN-GBM-00402_11/preprocessing_metadata.json	1727
upenn-gbm/UPENN-GBM-00402_11/volumes/FLAIR.nii.gz	5328247
upenn-gbm/UPENN-GBM-00402_11/volumes/T1.nii.gz	5288314
upenn-gbm/UPENN-GBM-00402_11/volumes/T1c.nii.gz	5307827
upenn-gbm/UPENN-GBM-00402_11/volumes/T2.nii.gz	5285198
upenn-gbm/UPENN-GBM-00402_11/volumes/brain_mask.nii.gz	299341
upenn-gbm/UPENN-GBM-00402_11/volumes/tumor_seg.nii.gz	239848
upenn-gbm/UPENN-GBM-00403_11/preprocessing_metadata.json	1743
upenn-gbm/UPENN-GBM-00403_11/volumes/FLAIR.nii.gz	6648942
upenn-gbm/UPENN-GBM-00403_11/volumes/T1.nii.gz	6600414
upenn-gbm/UPENN-GBM-00403_11/volumes/T1c.nii.gz	6662300
upenn-gbm/UPENN-GBM-00403_11/volumes/T2.nii.gz	6598801
upenn-gbm/UPENN-GBM-00403_11/volumes/brain_mask.nii.gz	320174
upenn-gbm/UPENN-GBM-00403_11/volumes/tumor_seg.nii.gz	236003
upenn-gbm/UPENN-GBM-00404_11/preprocessing_metadata.json	1726
upenn-gbm/UPENN-GBM-00404_11/volumes/FLAIR.nii.gz	5660692
upenn-gbm/UPENN-GBM-00404_11/volumes/T1.nii.gz	5636012
upenn-gbm/UPENN-GBM-00404_11/volumes/T1c.nii.gz	5683433
upenn-gbm/UPENN-GBM-00404_11/volumes/T2.nii.gz	5621168
upenn-gbm/UPENN-GBM-00404_11/volumes/brain_mask.nii.gz	299173
upenn-gbm/UPENN-GBM-00404_11/volumes/tumor_seg.nii.gz	225502
upenn-gbm/UPENN-GBM-00405_11/preprocessing_metadata.json	1734
upenn-gbm/UPENN-GBM-00405_11/volumes/FLAIR.nii.gz	5812399
upenn-gbm/UPENN-GBM-00405_11/volumes/T1.nii.gz	5782955
upenn-gbm/UPENN-GBM-00405_11/volumes/T1c.nii.gz	5833206
upenn-gbm/UPENN-GBM-00405_11/volumes/T2.nii.gz	5771662
upenn-gbm/UPENN-GBM-00405_11/volumes/brain_mask.nii.gz	300527
upenn-gbm/UPENN-GBM-00405_11/volumes/tumor_seg.nii.gz	194807
upenn-gbm/UPENN-GBM-00406_11/preprocessing_metadata.json	1739
upenn-gbm/UPENN-GBM-00406_11/volumes/FLAIR.nii.gz	6135409
upenn-gbm/UPENN-GBM-00406_11/volumes/T1.nii.gz	6090836
upenn-gbm/UPENN-GBM-00406_11/volumes/T1c.nii.gz	6153338
upenn-gbm/UPENN-GBM-00406_11/volumes/T2.nii.gz	6087369
upenn-gbm/UPENN-GBM-00406_11/volumes/brain_mask.nii.gz	307672
upenn-gbm/UPENN-GBM-00406_11/volumes/tumor_seg.nii.gz	182682
upenn-gbm/UPENN-GBM-00407_11/preprocessing_metadata.json	1726
upenn-gbm/UPENN-GBM-00407_11/volumes/FLAIR.nii.gz	5814816
upenn-gbm/UPENN-GBM-00407_11/volumes/T1.nii.gz	5768914
upenn-gbm/UPENN-GBM-00407_11/volumes/T1c.nii.gz	5827817
upenn-gbm/UPENN-GBM-00407_11/volumes/T2.nii.gz	5767970
upenn-gbm/UPENN-GBM-00407_11/volumes/brain_mask.nii.gz	300090
upenn-gbm/UPENN-GBM-00407_11/volumes/tumor_seg.nii.gz	200311
upenn-gbm/UPENN-GBM-00408_11/preprocessing_metadata.json	1740
upenn-gbm/UPENN-GBM-00408_11/volumes/FLAIR.nii.gz	5127556
upenn-gbm/UPENN-GBM-00408_11/volumes/T1.nii.gz	5103985
upenn-gbm/UPENN-GBM-00408_11/volumes/T1c.nii.gz	5136868
upenn-gbm/UPENN-GBM-00408_11/volumes/T2.nii.gz	5110104
upenn-gbm/UPENN-GBM-00408_11/volumes/brain_mask.nii.gz	286531
upenn-gbm/UPENN-GBM-00408_11/volumes/tumor_seg.nii.gz	176365
upenn-gbm/UPENN-GBM-00409_11/preprocessing_metadata.json	1735
upenn-gbm/UPENN-GBM-00409_11/volumes/FLAIR.nii.gz	5624910
upenn-gbm/UPENN-GBM-00409_11/volumes/T1.nii.gz	5584385
upenn-gbm/UPENN-GBM-00409_11/volumes/T1c.nii.gz	5628269
upenn-gbm/UPENN-GBM-00409_11/volumes/T2.nii.gz	5591438
upenn-gbm/UPENN-GBM-00409_11/volumes/brain_mask.nii.gz	287274
upenn-gbm/UPENN-GBM-00409_11/volumes/tumor_seg.nii.gz	200040
upenn-gbm/UPENN-GBM-00410_11/preprocessing_metadata.json	1738
upenn-gbm/UPENN-GBM-00410_11/volumes/FLAIR.nii.gz	6867927
upenn-gbm/UPENN-GBM-00410_11/volumes/T1.nii.gz	6811897
upenn-gbm/UPENN-GBM-00410_11/volumes/T1c.nii.gz	6867333
upenn-gbm/UPENN-GBM-00410_11/volumes/T2.nii.gz	6817773
upenn-gbm/UPENN-GBM-00410_11/volumes/brain_mask.nii.gz	325841
upenn-gbm/UPENN-GBM-00410_11/volumes/tumor_seg.nii.gz	214439
upenn-gbm/UPENN-GBM-00411_11/preprocessing_metadata.json	1738
upenn-gbm/UPENN-GBM-00411_11/volumes/FLAIR.nii.gz	6430293
upenn-gbm/UPENN-GBM-00411_11/volumes/T1.nii.gz	6396998
upenn-gbm/UPENN-GBM-00411_11/volumes/T1c.nii.gz	6443913
upenn-gbm/UPENN-GBM-00411_11/volumes/T2.nii.gz	6398675
upenn-gbm/UPENN-GBM-00411_11/volumes/brain_mask.nii.gz	317613
upenn-gbm/UPENN-GBM-00411_11/volumes/tumor_seg.nii.gz	171261
upenn-gbm/UPENN-GBM-00412_11/preprocessing_metadata.json	1741
upenn-gbm/UPENN-GBM-00412_11/volumes/FLAIR.nii.gz	5676517
upenn-gbm/UPENN-GBM-00412_11/volumes/T1.nii.gz	5627670
upenn-gbm/UPENN-GBM-00412_11/volumes/T1c.nii.gz	5677630
upenn-gbm/UPENN-GBM-00412_11/volumes/T2.nii.gz	5622028
upenn-gbm/UPENN-GBM-00412_11/volumes/brain_mask.nii.gz	300699
upenn-gbm/UPENN-GBM-00412_11/volumes/tumor_seg.nii.gz	182067
upenn-gbm/UPENN-GBM-00413_11/preprocessing_metadata.json	1736
upenn-gbm/UPENN-GBM-00413_11/volumes/FLAIR.nii.gz	6045596
upenn-gbm/UPENN-GBM-00413_11/volumes/T1.nii.gz	6005560
upenn-gbm/UPENN-GBM-00413_11/volumes/T1c.nii.gz	6058839
upenn-gbm/UPENN-GBM-00413_11/volumes/T2.nii.gz	6003900
upenn-gbm/UPENN-GBM-00413_11/volumes/brain_mask.nii.gz	302753
upenn-gbm/UPENN-GBM-00413_11/volumes/tumor_seg.nii.gz	181823
upenn-gbm/UPENN-GBM-00414_11/preprocessing_metadata.json	1739
upenn-gbm/UPENN-GBM-00414_11/volumes/FLAIR.nii.gz	6083847
upenn-gbm/UPENN-GBM-00414_11/volumes/T1.nii.gz	6092641
upenn-gbm/UPENN-GBM-00414_11/volumes/T1c.nii.gz	6123404
upenn-gbm/UPENN-GBM-00414_11/volumes/T2.nii.gz	6054233
upenn-gbm/UPENN-GBM-00414_11/volumes/brain_mask.nii.gz	310486
upenn-gbm/UPENN-GBM-00414_11/volumes/tumor_seg.nii.gz	228443
upenn-gbm/UPENN-GBM-00415_11/preprocessing_metadata.json	1736
upenn-gbm/UPENN-GBM-00415_11/volumes/FLAIR.nii.gz	5435683
upenn-gbm/UPENN-GBM-00415_11/volumes/T1.nii.gz	5402287
upenn-gbm/UPENN-GBM-00415_11/volumes/T1c.nii.gz	5426618
upenn-gbm/UPENN-GBM-00415_11/volumes/T2.nii.gz	5389764
upenn-gbm/UPENN-GBM-00415_11/volumes/brain_mask.nii.gz	291056
upenn-gbm/UPENN-GBM-00415_11/volumes/tumor_seg.nii.gz	209724
upenn-gbm/UPENN-GBM-00416_11/preprocessing_metadata.json	1739
upenn-gbm/UPENN-GBM-00416_11/volumes/FLAIR.nii.gz	5691299
upenn-gbm/UPENN-GBM-00416_11/volumes/T1.nii.gz	5661216
upenn-gbm/UPENN-GBM-00416_11/volumes/T1c.nii.gz	5699494
upenn-gbm/UPENN-GBM-00416_11/volumes/T2.nii.gz	5653882
upenn-gbm/UPENN-GBM-00416_11/volumes/brain_mask.nii.gz	308525
upenn-gbm/UPENN-GBM-00416_11/volumes/tumor_seg.nii.gz	213278
upenn-gbm/UPENN-GBM-00417_11/preprocessing_metadata.json	1735
upenn-gbm/UPENN-GBM-00417_11/volumes/FLAIR.nii.gz	5126833
upenn-gbm/UPENN-GBM-00417_11/volumes/T1.nii.gz	5094194
upenn-gbm/UPENN-GBM-00417_11/volumes/T1c.nii.gz	5126288
upenn-gbm/UPENN-GBM-00417_11/volumes/T2.nii.gz	5081636
upenn-gbm/UPENN-GBM-00417_11/volumes/brain_mask.nii.gz	278833
upenn-gbm/UPENN-GBM-00417_11/volumes/tumor_seg.nii.gz	173796
upenn-gbm/UPENN-GBM-00418_11/preprocessing_metadata.json	1724
upenn-gbm/UPENN-GBM-00418_11/volumes/FLAIR.nii.gz	5346871
upenn-gbm/UPENN-GBM-00418_11/volumes/T1.nii.gz	5321957
upenn-gbm/UPENN-GBM-00418_11/volumes/T1c.nii.gz	5359808
upenn-gbm/UPENN-GBM-00418_11/volumes/T2.nii.gz	5327678
upenn-gbm/UPENN-GBM-00418_11/volumes/brain_mask.nii.gz	295237
upenn-gbm/UPENN-GBM-00418_11/volumes/tumor_seg.nii.gz	183019
upenn-gbm/UPENN-GBM-00419_11/preprocessing_metadata.json	1737
upenn-gbm/UPENN-GBM-00419_11/volumes/FLAIR.nii.gz	6152619
upenn-gbm/UPENN-GBM-00419_11/volumes/T1.nii.gz	6117839
upenn-gbm/UPENN-GBM-00419_11/volumes/T1c.nii.gz	6149163
upenn-gbm/UPENN-GBM-00419_11/volumes/T2.nii.gz	6095410
upenn-gbm/UPENN-GBM-00419_11/volumes/brain_mask.nii.gz	309686
upenn-gbm/UPENN-GBM-00419_11/volumes/tumor_seg.nii.gz	211168
upenn-gbm/UPENN-GBM-00420_11/preprocessing_metadata.json	1738
upenn-gbm/UPENN-GBM-00420_11/volumes/FLAIR.nii.gz	5238481
upenn-gbm/UPENN-GBM-00420_11/volumes/T1.nii.gz	5201155
upenn-gbm/UPENN-GBM-00420_11/volumes/T1c.nii.gz	5233840
upenn-gbm/UPENN-GBM-00420_11/volumes/T2.nii.gz	5191945
upenn-gbm/UPENN-GBM-00420_11/volumes/brain_mask.nii.gz	287211
upenn-gbm/UPENN-GBM-00420_11/volumes/tumor_seg.nii.gz	171272
upenn-gbm/UPENN-GBM-00421_11/preprocessing_metadata.json	1726
upenn-gbm/UPENN-GBM-00421_11/volumes/FLAIR.nii.gz	6157320
upenn-gbm/UPENN-GBM-00421_11/volumes/T1.nii.gz	6132891
upenn-gbm/UPENN-GBM-00421_11/volumes/T1c.nii.gz	6175473
upenn-gbm/UPENN-GBM-00421_11/volumes/T2.nii.gz	6129947
upenn-gbm/UPENN-GBM-00421_11/volumes/brain_mask.nii.gz	307525
upenn-gbm/UPENN-GBM-00421_11/volumes/tumor_seg.nii.gz	222208
upenn-gbm/UPENN-GBM-00422_11/preprocessing_metadata.json	1739
upenn-gbm/UPENN-GBM-00422_11/volumes/FLAIR.nii.gz	6013099
upenn-gbm/UPENN-GBM-00422_11/volumes/T1.nii.gz	5957587
upenn-gbm/UPENN-GBM-00422_11/volumes/T1c.nii.gz	6009082
upenn-gbm/UPENN-GBM-00422_11/volumes/T2.nii.gz	5947056
upenn-gbm/UPENN-GBM-00422_11/volumes/brain_mask.nii.gz	316923
upenn-gbm/UPENN-GBM-00422_11/volumes/tumor_seg.nii.gz	168545
upenn-gbm/UPENN-GBM-00423_11/preprocessing_metadata.json	1736
upenn-gbm/UPENN-GBM-00423_11/volumes/FLAIR.nii.gz	5427600
upenn-gbm/UPENN-GBM-00423_11/volumes/T1.nii.gz	5381496
upenn-gbm/UPENN-GBM-00423_11/volumes/T1c.nii.gz	5422988
upenn-gbm/UPENN-GBM-00423_11/volumes/T2.nii.gz	5380663
upenn-gbm/UPENN-GBM-00423_11/volumes/brain_mask.nii.gz	294689
upenn-gbm/UPENN-GBM-00423_11/volumes/tumor_seg.nii.gz	190345
upenn-gbm/UPENN-GBM-00424_11/preprocessing_metadata.json	1733
upenn-gbm/UPENN-GBM-00424_11/volumes/FLAIR.nii.gz	5320092
upenn-gbm/UPENN-GBM-00424_11/volumes/T1.nii.gz	5268381
upenn-gbm/UPENN-GBM-00424_11/volumes/T1c.nii.gz	5305911
upenn-gbm/UPENN-GBM-00424_11/volumes/T2.nii.gz	5290241
upenn-gbm/UPENN-GBM-00424_11/volumes/brain_mask.nii.gz	291314
upenn-gbm/UPENN-GBM-00424_11/volumes/tumor_seg.nii.gz	188444
upenn-gbm/UPENN-GBM-00425_11/preprocessing_metadata.json	1737
upenn-gbm/UPENN-GBM-00425_11/volumes/FLAIR.nii.gz	5973301
upenn-gbm/UPENN-GBM-00425_11/volumes/T1.nii.gz	5929698
upenn-gbm/UPENN-GBM-00425_11/volumes/T1c.nii.gz	5977368
upenn-gbm/UPENN-GBM-00425_11/volumes/T2.nii.gz	5922088
upenn-gbm/UPENN-GBM-00425_11/volumes/brain_mask.nii.gz	308658
upenn-gbm/UPENN-GBM-00425_11/volumes/tumor_seg.nii.gz	173903
upenn-gbm/UPENN-GBM-00426_11/preprocessing_metadata.json	1734
upenn-gbm/UPENN-GBM-00426_11/volumes/FLAIR.nii.gz	5996126
upenn-gbm/UPENN-GBM-00426_11/volumes/T1.nii.gz	5956091
upenn-gbm/UPENN-GBM-00426_11/volumes/T1c.nii.gz	6001029
upenn-gbm/UPENN-GBM-00426_11/volumes/T2.nii.gz	5946352
upenn-gbm/UPENN-GBM-00426_11/volumes/brain_mask.nii.gz	307354
upenn-gbm/UPENN-GBM-00426_11/volumes/tumor_seg.nii.gz	187741
upenn-gbm/UPENN-GBM-00427_11/preprocessing_metadata.json	1742
upenn-gbm/UPENN-GBM-00427_11/volumes/FLAIR.nii.gz	5110039
upenn-gbm/UPENN-GBM-00427_11/volumes/T1.nii.gz	5067660
upenn-gbm/UPENN-GBM-00427_11/volumes/T1c.nii.gz	5099011
upenn-gbm/UPENN-GBM-00427_11/volumes/T2.nii.gz	5059920
upenn-gbm/UPENN-GBM-00427_11/volumes/brain_mask.nii.gz	285236
upenn-gbm/UPENN-GBM-00427_11/volumes/tumor_seg.nii.gz	206097
upenn-gbm/UPENN-GBM-00428_11/preprocessing_metadata.json	1706
upenn-gbm/UPENN-GBM-00428_11/volumes/FLAIR.nii.gz	5874442
upenn-gbm/UPENN-GBM-00428_11/volumes/T1.nii.gz	5826918
upenn-gbm/UPENN-GBM-00428_11/volumes/T1c.nii.gz	5875730
upenn-gbm/UPENN-GBM-00428_11/volumes/T2.nii.gz	5809399
upenn-gbm/UPENN-GBM-00428_11/volumes/brain_mask.nii.gz	301343
upenn-gbm/UPENN-GBM-00428_11/volumes/tumor_seg.nii.gz	179962
upenn-gbm/UPENN-GBM-00429_11/preprocessing_metadata.json	1739
upenn-gbm/UPENN-GBM-00429_11/volumes/FLAIR.nii.gz	5691637
upenn-gbm/UPENN-GBM-00429_11/volumes/T1.nii.gz	5638766
upenn-gbm/UPENN-GBM-00429_11/volumes/T1c.nii.gz	5690872
upenn-gbm/UPENN-GBM-00429_11/volumes/T2.nii.gz	5640179
upenn-gbm/UPENN-GBM-00429_11/volumes/brain_mask.nii.gz	293829
upenn-gbm/UPENN-GBM-00429_11/volumes/tumor_seg.nii.gz	202610
upenn-gbm/UPENN-GBM-00430_11/preprocessing_metadata.json	1729
upenn-gbm/UPENN-GBM-00430_11/volumes/FLAIR.nii.gz	4699414
upenn-gbm/UPENN-GBM-00430_11/volumes/T1.nii.gz	4720850
upenn-gbm/UPENN-GBM-00430_11/volumes/T1c.nii.gz	4746586
upenn-gbm/UPENN-GBM-00430_11/volumes/T2.nii.gz	4700495
upenn-gbm/UPENN-GBM-00430_11/volumes/brain_mask.nii.gz	279701
upenn-gbm/UPENN-GBM-00430_11/volumes/tumor_seg.nii.gz	207242
upenn-gbm/UPENN-GBM-00431_11/preprocessing_metadata.json	1738
upenn-gbm/UPENN-GBM-00431_11/volumes/FLAIR.nii.gz	5437594
upenn-gbm/UPENN-GBM-00431_11/volumes/T1.nii.gz	5378406
upenn-gbm/UPENN-GBM-00431_11/volumes/T1c.nii.gz	5432273
upenn-gbm/UPENN-GBM-00431_11/volumes/T2.nii.gz	5372147
upenn-gbm/UPENN-GBM-00431_11/volumes/brain_mask.nii.gz	288802
upenn-gbm/UPENN-GBM-00431_11/volumes/tumor_seg.nii.gz	194209
upenn-gbm/UPENN-GBM-00432_11/preprocessing_metadata.json	1741
upenn-gbm/UPENN-GBM-00432_11/volumes/FLAIR.nii.gz	5295725
upenn-gbm/UPENN-GBM-00432_11/volumes/T1.nii.gz	5257154
upenn-gbm/UPENN-GBM-00432_11/volumes/T1c.nii.gz	5301905
upenn-gbm/UPENN-GBM-00432_11/volumes/T2.nii.gz	5255104
upenn-gbm/UPENN-GBM-00432_11/volumes/brain_mask.nii.gz	290094
upenn-gbm/UPENN-GBM-00432_11/volumes/tumor_seg.nii.gz	178621
upenn-gbm/UPENN-GBM-00433_11/preprocessing_metadata.json	1738
upenn-gbm/UPENN-GBM-00433_11/volumes/FLAIR.nii.gz	6799165
upenn-gbm/UPENN-GBM-00433_11/volumes/T1.nii.gz	6762465
upenn-gbm/UPENN-GBM-00433_11/volumes/T1c.nii.gz	6808268
upenn-gbm/UPENN-GBM-00433_11/volumes/T2.nii.gz	6752244
upenn-gbm/UPENN-GBM-00433_11/volumes/brain_mask.nii.gz	329738
upenn-gbm/UPENN-GBM-00433_11/volumes/tumor_seg.nii.gz	214090
upenn-gbm/UPENN-GBM-00434_11/preprocessing_metadata.json	1740
upenn-gbm/UPENN-GBM-00434_11/volumes/FLAIR.nii.gz	4767141
upenn-gbm/UPENN-GBM-00434_11/volumes/T1.nii.gz	4758371
upenn-gbm/UPENN-GBM-00434_11/volumes/T1c.nii.gz	4784102
upenn-gbm/UPENN-GBM-00434_11/volumes/T2.nii.gz	4739542
upenn-gbm/UPENN-GBM-00434_11/volumes/brain_mask.nii.gz	279682
upenn-gbm/UPENN-GBM-00434_11/volumes/tumor_seg.nii.gz	228689
upenn-gbm/UPENN-GBM-00435_11/preprocessing_metadata.json	1740
upenn-gbm/UPENN-GBM-00435_11/volumes/FLAIR.nii.gz	5371189
upenn-gbm/UPENN-GBM-00435_11/volumes/T1.nii.gz	5351127
upenn-gbm/UPENN-GBM-00435_11/volumes/T1c.nii.gz	5378402
upenn-gbm/UPENN-GBM-00435_11/volumes/T2.nii.gz	5339540
upenn-gbm/UPENN-GBM-00435_11/volumes/brain_mask.nii.gz	294849
upenn-gbm/UPENN-GBM-00435_11/volumes/tumor_seg.nii.gz	190406
upenn-gbm/UPENN-GBM-00436_11/preprocessing_metadata.json	1721
upenn-gbm/UPENN-GBM-00436_11/volumes/FLAIR.nii.gz	5557807
upenn-gbm/UPENN-GBM-00436_11/volumes/T1.nii.gz	5493481
upenn-gbm/UPENN-GBM-00436_11/volumes/T1c.nii.gz	5542500
upenn-gbm/UPENN-GBM-00436_11/volumes/T2.nii.gz	5516112
upenn-gbm/UPENN-GBM-00436_11/volumes/brain_mask.nii.gz	302639
upenn-gbm/UPENN-GBM-00436_11/volumes/tumor_seg.nii.gz	179308
upenn-gbm/UPENN-GBM-00437_11/preprocessing_metadata.json	1728
upenn-gbm/UPENN-GBM-00437_11/volumes/FLAIR.nii.gz	4986819
upenn-gbm/UPENN-GBM-00437_11/volumes/T1.nii.gz	4972327
upenn-gbm/UPENN-GBM-00437_11/volumes/T1c.nii.gz	5008521
upenn-gbm/UPENN-GBM-00437_11/volumes/T2.nii.gz	4977473
upenn-gbm/UPENN-GBM-00437_11/volumes/brain_mask.nii.gz	293520
upenn-gbm/UPENN-GBM-00437_11/volumes/tumor_seg.nii.gz	218423
upenn-gbm/UPENN-GBM-00438_11/preprocessing_metadata.json	1724
upenn-gbm/UPENN-GBM-00438_11/volumes/FLAIR.nii.gz	5914527
upenn-gbm/UPENN-GBM-00438_11/volumes/T1.nii.gz	5840794
upenn-gbm/UPENN-GBM-00438_11/volumes/T1c.nii.gz	5891794
upenn-gbm/UPENN-GBM-00438_11/volumes/T2.nii.gz	5850915
upenn-gbm/UPENN-GBM-00438_11/volumes/brain_mask.nii.gz	305296
upenn-gbm/UPENN-GBM-00438_11/volumes/tumor_seg.nii.gz	181297
upenn-gbm/UPENN-GBM-00439_11/preprocessing_metadata.json	1726
upenn-gbm/UPENN-GBM-00439_11/volumes/FLAIR.nii.gz	5299271
upenn-gbm/UPENN-GBM-00439_11/volumes/T1.nii.gz	5266530
upenn-gbm/UPENN-GBM-00439_11/volumes/T1c.nii.gz	5294289
upenn-gbm/UPENN-GBM-00439_11/volumes/T2.nii.gz	5258125
upenn-gbm/UPENN-GBM-00439_11/volumes/brain_mask.nii.gz	300960
upenn-gbm/UPENN-GBM-00439_11/volumes/tumor_seg.nii.gz	191438
upenn-gbm/UPENN-GBM-00440_11/preprocessing_metadata.json	1725
upenn-gbm/UPENN-GBM-00440_11/volumes/FLAIR.nii.gz	6613394
upenn-gbm/UPENN-GBM-00440_11/volumes/T1.nii.gz	6565202
upenn-gbm/UPENN-GBM-00440_11/volumes/T1c.nii.gz	6621584
upenn-gbm/UPENN-GBM-00440_11/volumes/T2.nii.gz	6564810
upenn-gbm/UPENN-GBM-00440_11/volumes/brain_mask.nii.gz	314015
upenn-gbm/UPENN-GBM-00440_11/volumes/tumor_seg.nii.gz	174572
upenn-gbm/UPENN-GBM-00441_11/preprocessing_metadata.json	1736
upenn-gbm/UPENN-GBM-00441_11/volumes/FLAIR.nii.gz	6094449
upenn-gbm/UPENN-GBM-00441_11/volumes/T1.nii.gz	6078824
upenn-gbm/UPENN-GBM-00441_11/volumes/T1c.nii.gz	6120923
upenn-gbm/UPENN-GBM-00441_11/volumes/T2.nii.gz	6084257
upenn-gbm/UPENN-GBM-00441_11/volumes/brain_mask.nii.gz	306757
upenn-gbm/UPENN-GBM-00441_11/volumes/tumor_seg.nii.gz	174345
upenn-gbm/UPENN-GBM-00442_11/preprocessing_metadata.json	1740
upenn-gbm/UPENN-GBM-00442_11/volumes/FLAIR.nii.gz	5330823
upenn-gbm/UPENN-GBM-00442_11/volumes/T1.nii.gz	5285393
upenn-gbm/UPENN-GBM-00442_11/volumes/T1c.nii.gz	5331818
upenn-gbm/UPENN-GBM-00442_11/volumes/T2.nii.gz	5284196
upenn-gbm/UPENN-GBM-00442_11/volumes/brain_mask.nii.gz	280612
upenn-gbm/UPENN-GBM-00442_11/volumes/tumor_seg.nii.gz	184299
upenn-gbm/UPENN-GBM-00443_11/preprocessing_metadata.json	1739
upenn-gbm/UPENN-GBM-00443_11/volumes/FLAIR.nii.gz	6146856
upenn-gbm/UPENN-GBM-00443_11/volumes/T1.nii.gz	6070451
upenn-gbm/UPENN-GBM-00443_11/volumes/T1c.nii.gz	6117453
upenn-gbm/UPENN-GBM-00443_11/volumes/T2.nii.gz	6082884
upenn-gbm/UPENN-GBM-00443_11/volumes/brain_mask.nii.gz	305475
upenn-gbm/UPENN-GBM-00443_11/volumes/tumor_seg.nii.gz	202992
upenn-gbm/UPENN-GBM-00444_11/preprocessing_metadata.json	1733
upenn-gbm/UPENN-GBM-00444_11/volumes/FLAIR.nii.gz	6416066
upenn-gbm/UPENN-GBM-00444_11/volumes/T1.nii.gz	6376771
upenn-gbm/UPENN-GBM-00444_11/volumes/T1c.nii.gz	6411235
upenn-gbm/UPENN-GBM-00444_11/volumes/T2.nii.gz	6375400
upenn-gbm/UPENN-GBM-00444_11/volumes/brain_mask.nii.gz	310858
upenn-gbm/UPENN-GBM-00444_11/volumes/tumor_seg.nii.gz	175287
upenn-gbm/UPENN-GBM-00445_11/preprocessing_metadata.json	1741
upenn-gbm/UPENN-GBM-00445_11/volumes/FLAIR.nii.gz	5254827
upenn-gbm/UPENN-GBM-00445_11/volumes/T1.nii.gz	5250446
upenn-gbm/UPENN-GBM-00445_11/volumes/T1c.nii.gz	5275530
upenn-gbm/UPENN-GBM-00445_11/volumes/T2.nii.gz	5231439
upenn-gbm/UPENN-GBM-00445_11/volumes/brain_mask.nii.gz	291801
upenn-gbm/UPENN-GBM-00445_11/volumes/tumor_seg.nii.gz	208016
upenn-gbm/UPENN-GBM-00446_11/preprocessing_metadata.json	1741
upenn-gbm/UPENN-GBM-00446_11/volumes/FLAIR.nii.gz	5378743
upenn-gbm/UPENN-GBM-00446_11/volumes/T1.nii.gz	5337827
upenn-gbm/UPENN-GBM-00446_11/volumes/T1c.nii.gz	5388905
upenn-gbm/UPENN-GBM-00446_11/volumes/T2.nii.gz	5334860
upenn-gbm/UPENN-GBM-00446_11/volumes/brain_mask.nii.gz	293651
upenn-gbm/UPENN-GBM-00446_11/volumes/tumor_seg.nii.gz	178697
upenn-gbm/UPENN-GBM-00447_11/preprocessing_metadata.json	1722
upenn-gbm/UPENN-GBM-00447_11/volumes/FLAIR.nii.gz	5615072
upenn-gbm/UPENN-GBM-00447_11/volumes/T1.nii.gz	5575466
upenn-gbm/UPENN-GBM-00447_11/volumes/T1c.nii.gz	5617771
upenn-gbm/UPENN-GBM-00447_11/volumes/T2.nii.gz	5567250
upenn-gbm/UPENN-GBM-00447_11/volumes/brain_mask.nii.gz	290396
upenn-gbm/UPENN-GBM-00447_11/volumes/tumor_seg.nii.gz	221907
upenn-gbm/UPENN-GBM-00448_11/preprocessing_metadata.json	1731
upenn-gbm/UPENN-GBM-00448_11/volumes/FLAIR.nii.gz	5587395
upenn-gbm/UPENN-GBM-00448_11/volumes/T1.nii.gz	5545072
upenn-gbm/UPENN-GBM-00448_11/volumes/T1c.nii.gz	5592742
upenn-gbm/UPENN-GBM-00448_11/volumes/T2.nii.gz	5550838
upenn-gbm/UPENN-GBM-00448_11/volumes/brain_mask.nii.gz	299633
upenn-gbm/UPENN-GBM-00448_11/volumes/tumor_seg.nii.gz	195004
upenn-gbm/UPENN-GBM-00449_11/preprocessing_metadata.json	1740
upenn-gbm/UPENN-GBM-00449_11/volumes/FLAIR.nii.gz	6113707
upenn-gbm/UPENN-GBM-00449_11/volumes/T1.nii.gz	6079142
upenn-gbm/UPENN-GBM-00449_11/volumes/T1c.nii.gz	6120703
upenn-gbm/UPENN-GBM-00449_11/volumes/T2.nii.gz	6082378
upenn-gbm/UPENN-GBM-00449_11/volumes/brain_mask.nii.gz	318175
upenn-gbm/UPENN-GBM-00449_11/volumes/tumor_seg.nii.gz	185846
upenn-gbm/UPENN-GBM-00450_11/preprocessing_metadata.json	1734
upenn-gbm/UPENN-GBM-00450_11/volumes/FLAIR.nii.gz	5314477
upenn-gbm/UPENN-GBM-00450_11/volumes/T1.nii.gz	5276550
upenn-gbm/UPENN-GBM-00450_11/volumes/T1c.nii.gz	5316791
upenn-gbm/UPENN-GBM-00450_11/volumes/T2.nii.gz	5290270
upenn-gbm/UPENN-GBM-00450_11/volumes/brain_mask.nii.gz	296950
upenn-gbm/UPENN-GBM-00450_11/volumes/tumor_seg.nii.gz	190438
upenn-gbm/UPENN-GBM-00451_11/preprocessing_metadata.json	1741
upenn-gbm/UPENN-GBM-00451_11/volumes/FLAIR.nii.gz	4629121
upenn-gbm/UPENN-GBM-00451_11/volumes/T1.nii.gz	4600315
upenn-gbm/UPENN-GBM-00451_11/volumes/T1c.nii.gz	4643302
upenn-gbm/UPENN-GBM-00451_11/volumes/T2.nii.gz	4589533
upenn-gbm/UPENN-GBM-00451_11/volumes/brain_mask.nii.gz	275093
upenn-gbm/UPENN-GBM-00451_11/volumes/tumor_seg.nii.gz	164317
upenn-gbm/UPENN-GBM-00452_11/preprocessing_metadata.json	1734
upenn-gbm/UPENN-GBM-00452_11/volumes/FLAIR.nii.gz	5806882
upenn-gbm/UPENN-GBM-00452_11/volumes/T1.nii.gz	5785965
upenn-gbm/UPENN-GBM-00452_11/volumes/T1c.nii.gz	5786298
upenn-gbm/UPENN-GBM-00452_11/volumes/T2.nii.gz	5789644
upenn-gbm/UPENN-GBM-00452_11/volumes/brain_mask.nii.gz	303117
upenn-gbm/UPENN-GBM-00452_11/volumes/tumor_seg.nii.gz	178858
upenn-gbm/UPENN-GBM-00453_11/preprocessing_metadata.json	1740
upenn-gbm/UPENN-GBM-00453_11/volumes/FLAIR.nii.gz	6921882
upenn-gbm/UPENN-GBM-00453_11/volumes/T1.nii.gz	6854259
upenn-gbm/UPENN-GBM-00453_11/volumes/T1c.nii.gz	6904129
upenn-gbm/UPENN-GBM-00453_11/volumes/T2.nii.gz	6846524
upenn-gbm/UPENN-GBM-00453_11/volumes/brain_mask.nii.gz	324227
upenn-gbm/UPENN-GBM-00453_11/volumes/tumor_seg.nii.gz	226103
upenn-gbm/UPENN-GBM-00454_11/preprocessing_metadata.json	1738
upenn-gbm/UPENN-GBM-00454_11/volumes/FLAIR.nii.gz	5704996
upenn-gbm/UPENN-GBM-00454_11/volumes/T1.nii.gz	5653670
upenn-gbm/UPENN-GBM-00454_11/volumes/T1c.nii.gz	5702543
upenn-gbm/UPENN-GBM-00454_11/volumes/T2.nii.gz	5643614
upenn-gbm/UPENN-GBM-00454_11/volumes/brain_mask.nii.gz	302710
upenn-gbm/UPENN-GBM-00454_11/volumes/tumor_seg.nii.gz	199672
upenn-gbm/UPENN-GBM-00455_11/preprocessing_metadata.json	1734
upenn-gbm/UPENN-GBM-00455_11/volumes/FLAIR.nii.gz	6057321
upenn-gbm/UPENN-GBM-00455_11/volumes/T1.nii.gz	6043843
upenn-gbm/UPENN-GBM-00455_11/volumes/T1c.nii.gz	6082255
upenn-gbm/UPENN-GBM-00455_11/volumes/T2.nii.gz	6034340
upenn-gbm/UPENN-GBM-00455_11/volumes/brain_mask.nii.gz	310507
upenn-gbm/UPENN-GBM-00455_11/volumes/tumor_seg.nii.gz	214206
upenn-gbm/UPENN-GBM-00456_11/preprocessing_metadata.json	1720
upenn-gbm/UPENN-GBM-00456_11/volumes/FLAIR.nii.gz	5494237
upenn-gbm/UPENN-GBM-00456_11/volumes/T1.nii.gz	5450464
upenn-gbm/UPENN-GBM-00456_11/volumes/T1c.nii.gz	5490839
upenn-gbm/UPENN-GBM-00456_11/volumes/T2.nii.gz	5447777
upenn-gbm/UPENN-GBM-00456_11/volumes/brain_mask.nii.gz	296752
upenn-gbm/UPENN-GBM-00456_11/volumes/tumor_seg.nii.gz	188090
upenn-gbm/UPENN-GBM-00457_11/preprocessing_metadata.json	1740
upenn-gbm/UPENN-GBM-00457_11/volumes/FLAIR.nii.gz	5717667
upenn-gbm/UPENN-GBM-00457_11/volumes/T1.nii.gz	5692049
upenn-gbm/UPENN-GBM-00457_11/volumes/T1c.nii.gz	5728768
upenn-gbm/UPENN-GBM-00457_11/volumes/T2.nii.gz	5680635
upenn-gbm/UPENN-GBM-00457_11/volumes/brain_mask.nii.gz	303893
upenn-gbm/UPENN-GBM-00457_11/volumes/tumor_seg.nii.gz	197925
upenn-gbm/UPENN-GBM-00458_11/preprocessing_metadata.json	1732
upenn-gbm/UPENN-GBM-00458_11/volumes/FLAIR.nii.gz	5469523
upenn-gbm/UPENN-GBM-00458_11/volumes/T1.nii.gz	5435179
upenn-gbm/UPENN-GBM-00458_11/volumes/T1c.nii.gz	5469244
upenn-gbm/UPENN-GBM-00458_11/volumes/T2.nii.gz	5438271
upenn-gbm/UPENN-GBM-00458_11/volumes/brain_mask.nii.gz	300826
upenn-gbm/UPENN-GBM-00458_11/volumes/tumor_seg.nii.gz	177836
upenn-gbm/UPENN-GBM-00459_11/preprocessing_metadata.json	1739
upenn-gbm/UPENN-GBM-00459_11/volumes/FLAIR.nii.gz	6557209
upenn-gbm/UPENN-GBM-00459_11/volumes/T1.nii.gz	6504381
upenn-gbm/UPENN-GBM-00459_11/volumes/T1c.nii.gz	6563503
upenn-gbm/UPENN-GBM-00459_11/volumes/T2.nii.gz	6514562
upenn-gbm/UPENN-GBM-00459_11/volumes/brain_mask.nii.gz	320186
upenn-gbm/UPENN-GBM-00459_11/volumes/tumor_seg.nii.gz	178316
upenn-gbm/UPENN-GBM-00460_11/preprocessing_metadata.json	1742
upenn-gbm/UPENN-GBM-00460_11/volumes/FLAIR.nii.gz	6167236
upenn-gbm/UPENN-GBM-00460_11/volumes/T1.nii.gz	6158360
upenn-gbm/UPENN-GBM-00460_11/volumes/T1c.nii.gz	6194737
upenn-gbm/UPENN-GBM-00460_11/volumes/T2.nii.gz	6140393
upenn-gbm/UPENN-GBM-00460_11/volumes/brain_mask.nii.gz	310056
upenn-gbm/UPENN-GBM-00460_11/volumes/tumor_seg.nii.gz	232640
upenn-gbm/UPENN-GBM-00461_11/preprocessing_metadata.json	1738
upenn-gbm/UPENN-GBM-00461_11/volumes/FLAIR.nii.gz	5980259
upenn-gbm/UPENN-GBM-00461_11/volumes/T1.nii.gz	5932499
upenn-gbm/UPENN-GBM-00461_11/volumes/T1c.nii.gz	5974458
upenn-gbm/UPENN-GBM-00461_11/volumes/T2.nii.gz	5912116
upenn-gbm/UPENN-GBM-00461_11/volumes/brain_mask.nii.gz	306151
upenn-gbm/UPENN-GBM-00461_11/volumes/tumor_seg.nii.gz	165621
upenn-gbm/UPENN-GBM-00462_11/preprocessing_metadata.json	1729
upenn-gbm/UPENN-GBM-00462_11/volumes/FLAIR.nii.gz	5403616
upenn-gbm/UPENN-GBM-00462_11/volumes/T1.nii.gz	5359866
upenn-gbm/UPENN-GBM-00462_11/volumes/T1c.nii.gz	5400063
upenn-gbm/UPENN-GBM-00462_11/volumes/T2.nii.gz	5350412
upenn-gbm/UPENN-GBM-00462_11/volumes/brain_mask.nii.gz	297701
upenn-gbm/UPENN-GBM-00462_11/volumes/tumor_seg.nii.gz	169772
upenn-gbm/UPENN-GBM-00463_11/preprocessing_metadata.json	1738
upenn-gbm/UPENN-GBM-00463_11/volumes/FLAIR.nii.gz	6089958
upenn-gbm/UPENN-GBM-00463_11/volumes/T1.nii.gz	6075898
upenn-gbm/UPENN-GBM-00463_11/volumes/T1c.nii.gz	6118442
upenn-gbm/UPENN-GBM-00463_11/volumes/T2.nii.gz	6052487
upenn-gbm/UPENN-GBM-00463_11/volumes/brain_mask.nii.gz	311480
upenn-gbm/UPENN-GBM-00463_11/volumes/tumor_seg.nii.gz	212692
upenn-gbm/UPENN-GBM-00464_11/preprocessing_metadata.json	1738
upenn-gbm/UPENN-GBM-00464_11/volumes/FLAIR.nii.gz	5587510
upenn-gbm/UPENN-GBM-00464_11/volumes/T1.nii.gz	5562908
upenn-gbm/UPENN-GBM-00464_11/volumes/T1c.nii.gz	5589832
upenn-gbm/UPENN-GBM-00464_11/volumes/T2.nii.gz	5569181
upenn-gbm/UPENN-GBM-00464_11/volumes/brain_mask.nii.gz	304763
upenn-gbm/UPENN-GBM-00464_11/volumes/tumor_seg.nii.gz	172262
upenn-gbm/UPENN-GBM-00465_11/preprocessing_metadata.json	1728
upenn-gbm/UPENN-GBM-00465_11/volumes/FLAIR.nii.gz	5929601
upenn-gbm/UPENN-GBM-00465_11/volumes/T1.nii.gz	5880313
upenn-gbm/UPENN-GBM-00465_11/volumes/T1c.nii.gz	5919019
upenn-gbm/UPENN-GBM-00465_11/volumes/T2.nii.gz	5872841
upenn-gbm/UPENN-GBM-00465_11/volumes/brain_mask.nii.gz	308057
upenn-gbm/UPENN-GBM-00465_11/volumes/tumor_seg.nii.gz	222932
upenn-gbm/UPENN-GBM-00466_11/preprocessing_metadata.json	1723
upenn-gbm/UPENN-GBM-00466_11/volumes/FLAIR.nii.gz	5671881
upenn-gbm/UPENN-GBM-00466_11/volumes/T1.nii.gz	5624426
upenn-gbm/UPENN-GBM-00466_11/volumes/T1c.nii.gz	5668770
upenn-gbm/UPENN-GBM-00466_11/volumes/T2.nii.gz	5612420
upenn-gbm/UPENN-GBM-00466_11/volumes/brain_mask.nii.gz	301227
upenn-gbm/UPENN-GBM-00466_11/volumes/tumor_seg.nii.gz	176802
upenn-gbm/UPENN-GBM-00467_11/preprocessing_metadata.json	1727
upenn-gbm/UPENN-GBM-00467_11/volumes/FLAIR.nii.gz	6848612
upenn-gbm/UPENN-GBM-00467_11/volumes/T1.nii.gz	6805352
upenn-gbm/UPENN-GBM-00467_11/volumes/T1c.nii.gz	6858868
upenn-gbm/UPENN-GBM-00467_11/volumes/T2.nii.gz	6785421
upenn-gbm/UPENN-GBM-00467_11/volumes/brain_mask.nii.gz	327108
upenn-gbm/UPENN-GBM-00467_11/volumes/tumor_seg.nii.gz	206917
upenn-gbm/UPENN-GBM-00468_11/preprocessing_metadata.json	1721
upenn-gbm/UPENN-GBM-00468_11/volumes/FLAIR.nii.gz	6372933
upenn-gbm/UPENN-GBM-00468_11/volumes/T1.nii.gz	6319454
upenn-gbm/UPENN-GBM-00468_11/volumes/T1c.nii.gz	6367677
upenn-gbm/UPENN-GBM-00468_11/volumes/T2.nii.gz	6308448
upenn-gbm/UPENN-GBM-00468_11/volumes/brain_mask.nii.gz	308586
upenn-gbm/UPENN-GBM-00468_11/volumes/tumor_seg.nii.gz	185007
upenn-gbm/UPENN-GBM-00469_11/preprocessing_metadata.json	1742
upenn-gbm/UPENN-GBM-00469_11/volumes/FLAIR.nii.gz	5182235
upenn-gbm/UPENN-GBM-00469_11/volumes/T1.nii.gz	5167969
upenn-gbm/UPENN-GBM-00469_11/volumes/T1c.nii.gz	5202224
upenn-gbm/UPENN-GBM-00469_11/volumes/T2.nii.gz	5168223
upenn-gbm/UPENN-GBM-00469_11/volumes/brain_mask.nii.gz	296584
upenn-gbm/UPENN-GBM-00469_11/volumes/tumor_seg.nii.gz	213632
upenn-gbm/UPENN-GBM-00470_11/preprocessing_metadata.json	1737
upenn-gbm/UPENN-GBM-00470_11/volumes/FLAIR.nii.gz	5674051
upenn-gbm/UPENN-GBM-00470_11/volumes/T1.nii.gz	5628163
upenn-gbm/UPENN-GBM-00470_11/volumes/T1c.nii.gz	5674545
upenn-gbm/UPENN-GBM-00470_11/volumes/T2.nii.gz	5625088
upenn-gbm/UPENN-GBM-00470_11/volumes/brain_mask.nii.gz	305099
upenn-gbm/UPENN-GBM-00470_11/volumes/tumor_seg.nii.gz	197029
upenn-gbm/UPENN-GBM-00471_11/preprocessing_metadata.json	1732
upenn-gbm/UPENN-GBM-00471_11/volumes/FLAIR.nii.gz	5848730
upenn-gbm/UPENN-GBM-00471_11/volumes/T1.nii.gz	5797289
upenn-gbm/UPENN-GBM-00471_11/volumes/T1c.nii.gz	5854788
upenn-gbm/UPENN-GBM-00471_11/volumes/T2.nii.gz	5797069
upenn-gbm/UPENN-GBM-00471_11/volumes/brain_mask.nii.gz	300814
upenn-gbm/UPENN-GBM-00471_11/volumes/tumor_seg.nii.gz	189584
upenn-gbm/UPENN-GBM-00472_11/preprocessing_metadata.json	1741
upenn-gbm/UPENN-GBM-00472_11/volumes/FLAIR.nii.gz	5498631
upenn-gbm/UPENN-GBM-00472_11/volumes/T1.nii.gz	5491011
upenn-gbm/UPENN-GBM-00472_11/volumes/T1c.nii.gz	5523080
upenn-gbm/UPENN-GBM-00472_11/volumes/T2.nii.gz	5477284
upenn-gbm/UPENN-GBM-00472_11/volumes/brain_mask.nii.gz	294151
upenn-gbm/UPENN-GBM-00472_11/volumes/tumor_seg.nii.gz	209715
upenn-gbm/UPENN-GBM-00473_11/preprocessing_metadata.json	1722
upenn-gbm/UPENN-GBM-00473_11/volumes/FLAIR.nii.gz	4839446
upenn-gbm/UPENN-GBM-00473_11/volumes/T1.nii.gz	4810653
upenn-gbm/UPENN-GBM-00473_11/volumes/T1c.nii.gz	4855352
upenn-gbm/UPENN-GBM-00473_11/volumes/T2.nii.gz	4829921
upenn-gbm/UPENN-GBM-00473_11/volumes/brain_mask.nii.gz	273257
upenn-gbm/UPENN-GBM-00473_11/volumes/tumor_seg.nii.gz	165234
upenn-gbm/UPENN-GBM-00474_11/preprocessing_metadata.json	1723
upenn-gbm/UPENN-GBM-00474_11/volumes/FLAIR.nii.gz	5901546
upenn-gbm/UPENN-GBM-00474_11/volumes/T1.nii.gz	5880578
upenn-gbm/UPENN-GBM-00474_11/volumes/T1c.nii.gz	5920172
upenn-gbm/UPENN-GBM-00474_11/volumes/T2.nii.gz	5874069
upenn-gbm/UPENN-GBM-00474_11/volumes/brain_mask.nii.gz	305587
upenn-gbm/UPENN-GBM-00474_11/volumes/tumor_seg.nii.gz	199039
upenn-gbm/UPENN-GBM-00475_11/preprocessing_metadata.json	1733
upenn-gbm/UPENN-GBM-00475_11/volumes/FLAIR.nii.gz	6548923
upenn-gbm/UPENN-GBM-00475_11/volumes/T1.nii.gz	6493799
upenn-gbm/UPENN-GBM-00475_11/volumes/T1c.nii.gz	6554180
upenn-gbm/UPENN-GBM-00475_11/volumes/T2.nii.gz	6498393
upenn-gbm/UPENN-GBM-00475_11/volumes/brain_mask.nii.gz	313588
upenn-gbm/UPENN-GBM-00475_11/volumes/tumor_seg.nii.gz	211088
upenn-gbm/UPENN-GBM-00476_11/preprocessing_metadata.json	1723
upenn-gbm/UPENN-GBM-00476_11/volumes/FLAIR.nii.gz	5841643
upenn-gbm/UPENN-GBM-00476_11/volumes/T1.nii.gz	5805906
upenn-gbm/UPENN-GBM-00476_11/volumes/T1c.nii.gz	5851467
upenn-gbm/UPENN-GBM-00476_11/volumes/T2.nii.gz	5791269
upenn-gbm/UPENN-GBM-00476_11/volumes/brain_mask.nii.gz	311234
upenn-gbm/UPENN-GBM-00476_11/volumes/tumor_seg.nii.gz	187860
upenn-gbm/UPENN-GBM-00477_11/preprocessing_metadata.json	1742
upenn-gbm/UPENN-GBM-00477_11/volumes/FLAIR.nii.gz	5964357
upenn-gbm/UPENN-GBM-00477_11/volumes/T1.nii.gz	5919217
upenn-gbm/UPENN-GBM-00477_11/volumes/T1c.nii.gz	5953015
upenn-gbm/UPENN-GBM-00477_11/volumes/T2.nii.gz	5912282
upenn-gbm/UPENN-GBM-00477_11/volumes/brain_mask.nii.gz	300180
upenn-gbm/UPENN-GBM-00477_11/volumes/tumor_seg.nii.gz	213533
upenn-gbm/UPENN-GBM-00478_11/preprocessing_metadata.json	1722
upenn-gbm/UPENN-GBM-00478_11/volumes/FLAIR.nii.gz	6024269
upenn-gbm/UPENN-GBM-00478_11/volumes/T1.nii.gz	6016599
upenn-gbm/UPENN-GBM-00478_11/volumes/T1c.nii.gz	6054311
upenn-gbm/UPENN-GBM-00478_11/volumes/T2.nii.gz	6025654
upenn-gbm/UPENN-GBM-00478_11/volumes/brain_mask.nii.gz	312379
upenn-gbm/UPENN-GBM-00478_11/volumes/tumor_seg.nii.gz	217438
upenn-gbm/UPENN-GBM-00479_11/preprocessing_metadata.json	1740
upenn-gbm/UPENN-GBM-00479_11/volumes/FLAIR.nii.gz	5437132
upenn-gbm/UPENN-GBM-00479_11/volumes/T1.nii.gz	5379537
upenn-gbm/UPENN-GBM-00479_11/volumes/T1c.nii.gz	5429944
upenn-gbm/UPENN-GBM-00479_11/volumes/T2.nii.gz	5380033
upenn-gbm/UPENN-GBM-00479_11/volumes/brain_mask.nii.gz	294318
upenn-gbm/UPENN-GBM-00479_11/volumes/tumor_seg.nii.gz	210137
upenn-gbm/UPENN-GBM-00480_11/preprocessing_metadata.json	1737
upenn-gbm/UPENN-GBM-00480_11/volumes/FLAIR.nii.gz	6093304
upenn-gbm/UPENN-GBM-00480_11/volumes/T1.nii.gz	6070022
upenn-gbm/UPENN-GBM-00480_11/volumes/T1c.nii.gz	6097053
upenn-gbm/UPENN-GBM-00480_11/volumes/T2.nii.gz	6077826
upenn-gbm/UPENN-GBM-00480_11/volumes/brain_mask.nii.gz	308949
upenn-gbm/UPENN-GBM-00480_11/volumes/tumor_seg.nii.gz	218901
upenn-gbm/UPENN-GBM-00481_11/preprocessing_metadata.json	1720
upenn-gbm/UPENN-GBM-00481_11/volumes/FLAIR.nii.gz	5835569
upenn-gbm/UPENN-GBM-00481_11/volumes/T1.nii.gz	5789879
upenn-gbm/UPENN-GBM-00481_11/volumes/T1c.nii.gz	5823388
upenn-gbm/UPENN-GBM-00481_11/volumes/T2.nii.gz	5814294
upenn-gbm/UPENN-GBM-00481_11/volumes/brain_mask.nii.gz	303558
upenn-gbm/UPENN-GBM-00481_11/volumes/tumor_seg.nii.gz	188913
upenn-gbm/UPENN-GBM-00482_11/preprocessing_metadata.json	1731
upenn-gbm/UPENN-GBM-00482_11/volumes/FLAIR.nii.gz	5633470
upenn-gbm/UPENN-GBM-00482_11/volumes/T1.nii.gz	5619976
upenn-gbm/UPENN-GBM-00482_11/volumes/T1c.nii.gz	5642223
upenn-gbm/UPENN-GBM-00482_11/volumes/T2.nii.gz	5646078
upenn-gbm/UPENN-GBM-00482_11/volumes/brain_mask.nii.gz	296505
upenn-gbm/UPENN-GBM-00482_11/volumes/tumor_seg.nii.gz	168024
upenn-gbm/UPENN-GBM-00483_11/preprocessing_metadata.json	1740
upenn-gbm/UPENN-GBM-00483_11/volumes/FLAIR.nii.gz	5559096
upenn-gbm/UPENN-GBM-00483_11/volumes/T1.nii.gz	5528405
upenn-gbm/UPENN-GBM-00483_11/volumes/T1c.nii.gz	5535405
upenn-gbm/UPENN-GBM-00483_11/volumes/T2.nii.gz	5500502
upenn-gbm/UPENN-GBM-00483_11/volumes/brain_mask.nii.gz	299990
upenn-gbm/UPENN-GBM-00483_11/volumes/tumor_seg.nii.gz	231555
upenn-gbm/UPENN-GBM-00484_11/preprocessing_metadata.json	1737
upenn-gbm/UPENN-GBM-00484_11/volumes/FLAIR.nii.gz	5727723
upenn-gbm/UPENN-GBM-00484_11/volumes/T1.nii.gz	5675790
upenn-gbm/UPENN-GBM-00484_11/volumes/T1c.nii.gz	5702938
upenn-gbm/UPENN-GBM-00484_11/volumes/T2.nii.gz	5718611
upenn-gbm/UPENN-GBM-00484_11/volumes/brain_mask.nii.gz	301857
upenn-gbm/UPENN-GBM-00484_11/volumes/tumor_seg.nii.gz	183763
upenn-gbm/UPENN-GBM-00485_11/preprocessing_metadata.json	1733
upenn-gbm/UPENN-GBM-00485_11/volumes/FLAIR.nii.gz	5972877
upenn-gbm/UPENN-GBM-00485_11/volumes/T1.nii.gz	5920374
upenn-gbm/UPENN-GBM-00485_11/volumes/T1c.nii.gz	5940458
upenn-gbm/UPENN-GBM-00485_11/volumes/T2.nii.gz	5919165
upenn-gbm/UPENN-GBM-00485_11/volumes/brain_mask.nii.gz	306086
upenn-gbm/UPENN-GBM-00485_11/volumes/tumor_seg.nii.gz	207934
upenn-gbm/UPENN-GBM-00486_11/preprocessing_metadata.json	1735
upenn-gbm/UPENN-GBM-00486_11/volumes/FLAIR.nii.gz	5194604
upenn-gbm/UPENN-GBM-00486_11/volumes/T1.nii.gz	5194676
upenn-gbm/UPENN-GBM-00486_11/volumes/T1c.nii.gz	5208505
upenn-gbm/UPENN-GBM-00486_11/volumes/T2.nii.gz	5181817
upenn-gbm/UPENN-GBM-00486_11/volumes/brain_mask.nii.gz	287044
upenn-gbm/UPENN-GBM-00486_11/volumes/tumor_seg.nii.gz	197401
upenn-gbm/UPENN-GBM-00487_11/preprocessing_metadata.json	1735
upenn-gbm/UPENN-GBM-00487_11/volumes/FLAIR.nii.gz	5875248
upenn-gbm/UPENN-GBM-00487_11/volumes/T1.nii.gz	5855167
upenn-gbm/UPENN-GBM-00487_11/volumes/T1c.nii.gz	5892493
upenn-gbm/UPENN-GBM-00487_11/volumes/T2.nii.gz	5830997
upenn-gbm/UPENN-GBM-00487_11/volumes/brain_mask.nii.gz	306294
upenn-gbm/UPENN-GBM-00487_11/volumes/tumor_seg.nii.gz	238096
upenn-gbm/UPENN-GBM-00488_11/preprocessing_metadata.json	1736
upenn-gbm/UPENN-GBM-00488_11/volumes/FLAIR.nii.gz	5864370
upenn-gbm/UPENN-GBM-00488_11/volumes/T1.nii.gz	5847179
upenn-gbm/UPENN-GBM-00488_11/volumes/T1c.nii.gz	5878000
upenn-gbm/UPENN-GBM-00488_11/volumes/T2.nii.gz	5869088
upenn-gbm/UPENN-GBM-00488_11/volumes/brain_mask.nii.gz	306286
upenn-gbm/UPENN-GBM-00488_11/volumes/tumor_seg.nii.gz	199053
upenn-gbm/UPENN-GBM-00489_11/preprocessing_metadata.json	1740
upenn-gbm/UPENN-GBM-00489_11/volumes/FLAIR.nii.gz	6026671
upenn-gbm/UPENN-GBM-00489_11/volumes/T1.nii.gz	5968731
upenn-gbm/UPENN-GBM-00489_11/volumes/T1c.nii.gz	6011986
upenn-gbm/UPENN-GBM-00489_11/volumes/T2.nii.gz	5942136
upenn-gbm/UPENN-GBM-00489_11/volumes/brain_mask.nii.gz	302728
upenn-gbm/UPENN-GBM-00489_11/volumes/tumor_seg.nii.gz	236855
upenn-gbm/UPENN-GBM-00490_11/preprocessing_metadata.json	1723
upenn-gbm/UPENN-GBM-00490_11/volumes/FLAIR.nii.gz	6054306
upenn-gbm/UPENN-GBM-00490_11/volumes/T1.nii.gz	6012841
upenn-gbm/UPENN-GBM-00490_11/volumes/T1c.nii.gz	6061918
upenn-gbm/UPENN-GBM-00490_11/volumes/T2.nii.gz	6005799
upenn-gbm/UPENN-GBM-00490_11/volumes/brain_mask.nii.gz	308557
upenn-gbm/UPENN-GBM-00490_11/volumes/tumor_seg.nii.gz	179863
upenn-gbm/UPENN-GBM-00491_11/preprocessing_metadata.json	1720
upenn-gbm/UPENN-GBM-00491_11/volumes/FLAIR.nii.gz	5613658
upenn-gbm/UPENN-GBM-00491_11/volumes/T1.nii.gz	5594324
upenn-gbm/UPENN-GBM-00491_11/volumes/T1c.nii.gz	5628148
upenn-gbm/UPENN-GBM-00491_11/volumes/T2.nii.gz	5589956
upenn-gbm/UPENN-GBM-00491_11/volumes/brain_mask.nii.gz	300512
upenn-gbm/UPENN-GBM-00491_11/volumes/tumor_seg.nii.gz	226591
upenn-gbm/UPENN-GBM-00492_11/preprocessing_metadata.json	1736
upenn-gbm/UPENN-GBM-00492_11/volumes/FLAIR.nii.gz	5223674
upenn-gbm/UPENN-GBM-00492_11/volumes/T1.nii.gz	5181307
upenn-gbm/UPENN-GBM-00492_11/volumes/T1c.nii.gz	5216107
upenn-gbm/UPENN-GBM-00492_11/volumes/T2.nii.gz	5178045
upenn-gbm/UPENN-GBM-00492_11/volumes/brain_mask.nii.gz	294288
upenn-gbm/UPENN-GBM-00492_11/volumes/tumor_seg.nii.gz	199148
upenn-gbm/UPENN-GBM-00493_11/preprocessing_metadata.json	1742
upenn-gbm/UPENN-GBM-00493_11/volumes/FLAIR.nii.gz	5857683
upenn-gbm/UPENN-GBM-00493_11/volumes/T1.nii.gz	5839110
upenn-gbm/UPENN-GBM-00493_11/volumes/T1c.nii.gz	5844067
upenn-gbm/UPENN-GBM-00493_11/volumes/T2.nii.gz	5822567
upenn-gbm/UPENN-GBM-00493_11/volumes/brain_mask.nii.gz	306958
upenn-gbm/UPENN-GBM-00493_11/volumes/tumor_seg.nii.gz	245071
upenn-gbm/UPENN-GBM-00494_11/preprocessing_metadata.json	1718
upenn-gbm/UPENN-GBM-00494_11/volumes/FLAIR.nii.gz	6197917
upenn-gbm/UPENN-GBM-00494_11/volumes/T1.nii.gz	6159649
upenn-gbm/UPENN-GBM-00494_11/volumes/T1c.nii.gz	6182537
upenn-gbm/UPENN-GBM-00494_11/volumes/T2.nii.gz	6159884
upenn-gbm/UPENN-GBM-00494_11/volumes/brain_mask.nii.gz	310521
upenn-gbm/UPENN-GBM-00494_11/volumes/tumor_seg.nii.gz	191966
upenn-gbm/UPENN-GBM-00495_11/preprocessing_metadata.json	1738
upenn-gbm/UPENN-GBM-00495_11/volumes/FLAIR.nii.gz	6176421
upenn-gbm/UPENN-GBM-00495_11/volumes/T1.nii.gz	6137622
upenn-gbm/UPENN-GBM-00495_11/volumes/T1c.nii.gz	6160770
upenn-gbm/UPENN-GBM-00495_11/volumes/T2.nii.gz	6158763
upenn-gbm/UPENN-GBM-00495_11/volumes/brain_mask.nii.gz	316367
upenn-gbm/UPENN-GBM-00495_11/volumes/tumor_seg.nii.gz	178072
upenn-gbm/UPENN-GBM-00496_11/preprocessing_metadata.json	1740
upenn-gbm/UPENN-GBM-00496_11/volumes/FLAIR.nii.gz	5852917
upenn-gbm/UPENN-GBM-00496_11/volumes/T1.nii.gz	5824767
upenn-gbm/UPENN-GBM-00496_11/volumes/T1c.nii.gz	5863457
upenn-gbm/UPENN-GBM-00496_11/volumes/T2.nii.gz	5827318
upenn-gbm/UPENN-GBM-00496_11/volumes/brain_mask.nii.gz	312055
upenn-gbm/UPENN-GBM-00496_11/volumes/tumor_seg.nii.gz	196855
upenn-gbm/UPENN-GBM-00497_11/preprocessing_metadata.json	1735
upenn-gbm/UPENN-GBM-00497_11/volumes/FLAIR.nii.gz	6329105
upenn-gbm/UPENN-GBM-00497_11/volumes/T1.nii.gz	6272404
upenn-gbm/UPENN-GBM-00497_11/volumes/T1c.nii.gz	6286303
upenn-gbm/UPENN-GBM-00497_11/volumes/T2.nii.gz	6254178
upenn-gbm/UPENN-GBM-00497_11/volumes/brain_mask.nii.gz	319442
upenn-gbm/UPENN-GBM-00497_11/volumes/tumor_seg.nii.gz	200844
upenn-gbm/UPENN-GBM-00498_11/preprocessing_metadata.json	1740
upenn-gbm/UPENN-GBM-00498_11/volumes/FLAIR.nii.gz	5904176
upenn-gbm/UPENN-GBM-00498_11/volumes/T1.nii.gz	5875855
upenn-gbm/UPENN-GBM-00498_11/volumes/T1c.nii.gz	5908018
upenn-gbm/UPENN-GBM-00498_11/volumes/T2.nii.gz	5868855
upenn-gbm/UPENN-GBM-00498_11/volumes/brain_mask.nii.gz	303800
upenn-gbm/UPENN-GBM-00498_11/volumes/tumor_seg.nii.gz	181543
upenn-gbm/UPENN-GBM-00499_11/preprocessing_metadata.json	1739
upenn-gbm/UPENN-GBM-00499_11/volumes/FLAIR.nii.gz	6538817
upenn-gbm/UPENN-GBM-00499_11/volumes/T1.nii.gz	6478901
upenn-gbm/UPENN-GBM-00499_11/volumes/T1c.nii.gz	6523667
upenn-gbm/UPENN-GBM-00499_11/volumes/T2.nii.gz	6465110
upenn-gbm/UPENN-GBM-00499_11/volumes/brain_mask.nii.gz	312813
upenn-gbm/UPENN-GBM-00499_11/volumes/tumor_seg.nii.gz	175393
upenn-gbm/UPENN-GBM-00500_11/preprocessing_metadata.json	1739
upenn-gbm/UPENN-GBM-00500_11/volumes/FLAIR.nii.gz	5272436
upenn-gbm/UPENN-GBM-00500_11/volumes/T1.nii.gz	5234601
upenn-gbm/UPENN-GBM-00500_11/volumes/T1c.nii.gz	5248452
upenn-gbm/UPENN-GBM-00500_11/volumes/T2.nii.gz	5230753
upenn-gbm/UPENN-GBM-00500_11/volumes/brain_mask.nii.gz	284665
upenn-gbm/UPENN-GBM-00500_11/volumes/tumor_seg.nii.gz	222221
upenn-gbm/UPENN-GBM-00501_11/preprocessing_metadata.json	1736
upenn-gbm/UPENN-GBM-00501_11/volumes/FLAIR.nii.gz	6570903
upenn-gbm/UPENN-GBM-00501_11/volumes/T1.nii.gz	6510362
upenn-gbm/UPENN-GBM-00501_11/volumes/T1c.nii.gz	6523111
upenn-gbm/UPENN-GBM-00501_11/volumes/T2.nii.gz	6478537
upenn-gbm/UPENN-GBM-00501_11/volumes/brain_mask.nii.gz	321372
upenn-gbm/UPENN-GBM-00501_11/volumes/tumor_seg.nii.gz	250543
upenn-gbm/UPENN-GBM-00502_11/preprocessing_metadata.json	1727
upenn-gbm/UPENN-GBM-00502_11/volumes/FLAIR.nii.gz	5562935
upenn-gbm/UPENN-GBM-00502_11/volumes/T1.nii.gz	5544964
upenn-gbm/UPENN-GBM-00502_11/volumes/T1c.nii.gz	5577663
upenn-gbm/UPENN-GBM-00502_11/volumes/T2.nii.gz	5546489
upenn-gbm/UPENN-GBM-00502_11/volumes/brain_mask.nii.gz	296541
upenn-gbm/UPENN-GBM-00502_11/volumes/tumor_seg.nii.gz	195637
upenn-gbm/UPENN-GBM-00503_11/preprocessing_metadata.json	1721
upenn-gbm/UPENN-GBM-00503_11/volumes/FLAIR.nii.gz	4976479
upenn-gbm/UPENN-GBM-00503_11/volumes/T1.nii.gz	4954445
upenn-gbm/UPENN-GBM-00503_11/volumes/T1c.nii.gz	4964120
upenn-gbm/UPENN-GBM-00503_11/volumes/T2.nii.gz	4952174
upenn-gbm/UPENN-GBM-00503_11/volumes/brain_mask.nii.gz	282695
upenn-gbm/UPENN-GBM-00503_11/volumes/tumor_seg.nii.gz	183723
upenn-gbm/UPENN-GBM-00504_11/preprocessing_metadata.json	1723
upenn-gbm/UPENN-GBM-00504_11/volumes/FLAIR.nii.gz	5707293
upenn-gbm/UPENN-GBM-00504_11/volumes/T1.nii.gz	5680295
upenn-gbm/UPENN-GBM-00504_11/volumes/T1c.nii.gz	5717665
upenn-gbm/UPENN-GBM-00504_11/volumes/T2.nii.gz	5676589
upenn-gbm/UPENN-GBM-00504_11/volumes/brain_mask.nii.gz	301106
upenn-gbm/UPENN-GBM-00504_11/volumes/tumor_seg.nii.gz	187405
upenn-gbm/UPENN-GBM-00505_11/preprocessing_metadata.json	1719
upenn-gbm/UPENN-GBM-00505_11/volumes/FLAIR.nii.gz	5638743
upenn-gbm/UPENN-GBM-00505_11/volumes/T1.nii.gz	5585113
upenn-gbm/UPENN-GBM-00505_11/volumes/T1c.nii.gz	5634595
upenn-gbm/UPENN-GBM-00505_11/volumes/T2.nii.gz	5594604
upenn-gbm/UPENN-GBM-00505_11/volumes/brain_mask.nii.gz	304418
upenn-gbm/UPENN-GBM-00505_11/volumes/tumor_seg.nii.gz	170863
upenn-gbm/UPENN-GBM-00506_11/preprocessing_metadata.json	1740
upenn-gbm/UPENN-GBM-00506_11/volumes/FLAIR.nii.gz	6620129
upenn-gbm/UPENN-GBM-00506_11/volumes/T1.nii.gz	6566437
upenn-gbm/UPENN-GBM-00506_11/volumes/T1c.nii.gz	6592429
upenn-gbm/UPENN-GBM-00506_11/volumes/T2.nii.gz	6555323
upenn-gbm/UPENN-GBM-00506_11/volumes/brain_mask.nii.gz	316258
upenn-gbm/UPENN-GBM-00506_11/volumes/tumor_seg.nii.gz	213883
upenn-gbm/UPENN-GBM-00507_11/preprocessing_metadata.json	1736
upenn-gbm/UPENN-GBM-00507_11/volumes/FLAIR.nii.gz	6534484
upenn-gbm/UPENN-GBM-00507_11/volumes/T1.nii.gz	6518382
upenn-gbm/UPENN-GBM-00507_11/volumes/T1c.nii.gz	6574416
upenn-gbm/UPENN-GBM-00507_11/volumes/T2.nii.gz	6546058
upenn-gbm/UPENN-GBM-00507_11/volumes/brain_mask.nii.gz	315220
upenn-gbm/UPENN-GBM-00507_11/volumes/tumor_seg.nii.gz	212319
upenn-gbm/UPENN-GBM-00508_11/preprocessing_metadata.json	1736
upenn-gbm/UPENN-GBM-00508_11/volumes/FLAIR.nii.gz	5643821
upenn-gbm/UPENN-GBM-00508_11/volumes/T1.nii.gz	5604727
upenn-gbm/UPENN-GBM-00508_11/volumes/T1c.nii.gz	5645884
upenn-gbm/UPENN-GBM-00508_11/volumes/T2.nii.gz	5613799
upenn-gbm/UPENN-GBM-00508_11/volumes/brain_mask.nii.gz	300687
upenn-gbm/UPENN-GBM-00508_11/volumes/tumor_seg.nii.gz	169025
upenn-gbm/UPENN-GBM-00509_11/preprocessing_metadata.json	1732
upenn-gbm/UPENN-GBM-00509_11/volumes/FLAIR.nii.gz	5459625
upenn-gbm/UPENN-GBM-00509_11/volumes/T1.nii.gz	5423756
upenn-gbm/UPENN-GBM-00509_11/volumes/T1c.nii.gz	5466602
upenn-gbm/UPENN-GBM-00509_11/volumes/T2.nii.gz	5427259
upenn-gbm/UPENN-GBM-00509_11/volumes/brain_mask.nii.gz	291317
upenn-gbm/UPENN-GBM-00509_11/volumes/tumor_seg.nii.gz	176120
upenn-gbm/UPENN-GBM-00510_11/preprocessing_metadata.json	1738
upenn-gbm/UPENN-GBM-00510_11/volumes/FLAIR.nii.gz	5751578
upenn-gbm/UPENN-GBM-00510_11/volumes/T1.nii.gz	5747323
upenn-gbm/UPENN-GBM-00510_11/volumes/T1c.nii.gz	5781746
upenn-gbm/UPENN-GBM-00510_11/volumes/T2.nii.gz	5743223
upenn-gbm/UPENN-GBM-00510_11/volumes/brain_mask.nii.gz	304999
upenn-gbm/UPENN-GBM-00510_11/volumes/tumor_seg.nii.gz	184194
upenn-gbm/UPENN-GBM-00511_11/preprocessing_metadata.json	1726
upenn-gbm/UPENN-GBM-00511_11/volumes/FLAIR.nii.gz	5617993
upenn-gbm/UPENN-GBM-00511_11/volumes/T1.nii.gz	5616745
upenn-gbm/UPENN-GBM-00511_11/volumes/T1c.nii.gz	5619406
upenn-gbm/UPENN-GBM-00511_11/volumes/T2.nii.gz	5600190
upenn-gbm/UPENN-GBM-00511_11/volumes/brain_mask.nii.gz	288299
upenn-gbm/UPENN-GBM-00511_11/volumes/tumor_seg.nii.gz	214369
upenn-gbm/UPENN-GBM-00512_11/preprocessing_metadata.json	1734
upenn-gbm/UPENN-GBM-00512_11/volumes/FLAIR.nii.gz	5521802
upenn-gbm/UPENN-GBM-00512_11/volumes/T1.nii.gz	5486110
upenn-gbm/UPENN-GBM-00512_11/volumes/T1c.nii.gz	5511638
upenn-gbm/UPENN-GBM-00512_11/volumes/T2.nii.gz	5470515
upenn-gbm/UPENN-GBM-00512_11/volumes/brain_mask.nii.gz	296478
upenn-gbm/UPENN-GBM-00512_11/volumes/tumor_seg.nii.gz	204173
upenn-gbm/UPENN-GBM-00513_11/preprocessing_metadata.json	1740
upenn-gbm/UPENN-GBM-00513_11/volumes/FLAIR.nii.gz	5975353
upenn-gbm/UPENN-GBM-00513_11/volumes/T1.nii.gz	5969164
upenn-gbm/UPENN-GBM-00513_11/volumes/T1c.nii.gz	6026171
upenn-gbm/UPENN-GBM-00513_11/volumes/T2.nii.gz	5953063
upenn-gbm/UPENN-GBM-00513_11/volumes/brain_mask.nii.gz	306518
upenn-gbm/UPENN-GBM-00513_11/volumes/tumor_seg.nii.gz	185007
upenn-gbm/UPENN-GBM-00514_11/preprocessing_metadata.json	1728
upenn-gbm/UPENN-GBM-00514_11/volumes/FLAIR.nii.gz	5563049
upenn-gbm/UPENN-GBM-00514_11/volumes/T1.nii.gz	5519519
upenn-gbm/UPENN-GBM-00514_11/volumes/T1c.nii.gz	5561556
upenn-gbm/UPENN-GBM-00514_11/volumes/T2.nii.gz	5508121
upenn-gbm/UPENN-GBM-00514_11/volumes/brain_mask.nii.gz	295530
upenn-gbm/UPENN-GBM-00514_11/volumes/tumor_seg.nii.gz	198805
upenn-gbm/UPENN-GBM-00515_11/preprocessing_metadata.json	1721
upenn-gbm/UPENN-GBM-00515_11/volumes/FLAIR.nii.gz	4973272
upenn-gbm/UPENN-GBM-00515_11/volumes/T1.nii.gz	4952552
upenn-gbm/UPENN-GBM-00515_11/volumes/T1c.nii.gz	4978443
upenn-gbm/UPENN-GBM-00515_11/volumes/T2.nii.gz	4935798
upenn-gbm/UPENN-GBM-00515_11/volumes/brain_mask.nii.gz	289877
upenn-gbm/UPENN-GBM-00515_11/volumes/tumor_seg.nii.gz	220779
upenn-gbm/UPENN-GBM-00516_11/preprocessing_metadata.json	1737
upenn-gbm/UPENN-GBM-00516_11/volumes/FLAIR.nii.gz	5816741
upenn-gbm/UPENN-GBM-00516_11/volumes/T1.nii.gz	5774333
upenn-gbm/UPENN-GBM-00516_11/volumes/T1c.nii.gz	5822279
upenn-gbm/UPENN-GBM-00516_11/volumes/T2.nii.gz	5768555
upenn-gbm/UPENN-GBM-00516_11/volumes/brain_mask.nii.gz	301137
upenn-gbm/UPENN-GBM-00516_11/volumes/tumor_seg.nii.gz	205505
upenn-gbm/UPENN-GBM-00517_11/preprocessing_metadata.json	1720
upenn-gbm/UPENN-GBM-00517_11/volumes/FLAIR.nii.gz	5306660
upenn-gbm/UPENN-GBM-00517_11/volumes/T1.nii.gz	5264394
upenn-gbm/UPENN-GBM-00517_11/volumes/T1c.nii.gz	5310500
upenn-gbm/UPENN-GBM-00517_11/volumes/T2.nii.gz	5267914
upenn-gbm/UPENN-GBM-00517_11/volumes/brain_mask.nii.gz	285922
upenn-gbm/UPENN-GBM-00517_11/volumes/tumor_seg.nii.gz	174458
upenn-gbm/UPENN-GBM-00518_11/preprocessing_metadata.json	1738
upenn-gbm/UPENN-GBM-00518_11/volumes/FLAIR.nii.gz	6854942
upenn-gbm/UPENN-GBM-00518_11/volumes/T1.nii.gz	6805798
upenn-gbm/UPENN-GBM-00518_11/volumes/T1c.nii.gz	6859663
upenn-gbm/UPENN-GBM-00518_11/volumes/T2.nii.gz	6780314
upenn-gbm/UPENN-GBM-00518_11/volumes/brain_mask.nii.gz	325322
upenn-gbm/UPENN-GBM-00518_11/volumes/tumor_seg.nii.gz	258143
upenn-gbm/UPENN-GBM-00519_11/preprocessing_metadata.json	1742
upenn-gbm/UPENN-GBM-00519_11/volumes/FLAIR.nii.gz	6134988
upenn-gbm/UPENN-GBM-00519_11/volumes/T1.nii.gz	6138483
upenn-gbm/UPENN-GBM-00519_11/volumes/T1c.nii.gz	6159860
upenn-gbm/UPENN-GBM-00519_11/volumes/T2.nii.gz	6127891
upenn-gbm/UPENN-GBM-00519_11/volumes/brain_mask.nii.gz	314663
upenn-gbm/UPENN-GBM-00519_11/volumes/tumor_seg.nii.gz	241591
upenn-gbm/UPENN-GBM-00520_11/preprocessing_metadata.json	1738
upenn-gbm/UPENN-GBM-00520_11/volumes/FLAIR.nii.gz	5729412
upenn-gbm/UPENN-GBM-00520_11/volumes/T1.nii.gz	5690283
upenn-gbm/UPENN-GBM-00520_11/volumes/T1c.nii.gz	5740469
upenn-gbm/UPENN-GBM-00520_11/volumes/T2.nii.gz	5689445
upenn-gbm/UPENN-GBM-00520_11/volumes/brain_mask.nii.gz	305959
upenn-gbm/UPENN-GBM-00520_11/volumes/tumor_seg.nii.gz	195926
upenn-gbm/UPENN-GBM-00521_11/preprocessing_metadata.json	1736
upenn-gbm/UPENN-GBM-00521_11/volumes/FLAIR.nii.gz	5502557
upenn-gbm/UPENN-GBM-00521_11/volumes/T1.nii.gz	5474324
upenn-gbm/UPENN-GBM-00521_11/volumes/T1c.nii.gz	5513287
upenn-gbm/UPENN-GBM-00521_11/volumes/T2.nii.gz	5446825
upenn-gbm/UPENN-GBM-00521_11/volumes/brain_mask.nii.gz	298880
upenn-gbm/UPENN-GBM-00521_11/volumes/tumor_seg.nii.gz	199616
upenn-gbm/UPENN-GBM-00522_11/preprocessing_metadata.json	1719
upenn-gbm/UPENN-GBM-00522_11/volumes/FLAIR.nii.gz	5950657
upenn-gbm/UPENN-GBM-00522_11/volumes/T1.nii.gz	5910695
upenn-gbm/UPENN-GBM-00522_11/volumes/T1c.nii.gz	5954896
upenn-gbm/UPENN-GBM-00522_11/volumes/T2.nii.gz	5913505
upenn-gbm/UPENN-GBM-00522_11/volumes/brain_mask.nii.gz	310596
upenn-gbm/UPENN-GBM-00522_11/volumes/tumor_seg.nii.gz	197382
upenn-gbm/UPENN-GBM-00523_11/preprocessing_metadata.json	1724
upenn-gbm/UPENN-GBM-00523_11/volumes/FLAIR.nii.gz	6274242
upenn-gbm/UPENN-GBM-00523_11/volumes/T1.nii.gz	6250712
upenn-gbm/UPENN-GBM-00523_11/volumes/T1c.nii.gz	6287419
upenn-gbm/UPENN-GBM-00523_11/volumes/T2.nii.gz	6228663
upenn-gbm/UPENN-GBM-00523_11/volumes/brain_mask.nii.gz	311229
upenn-gbm/UPENN-GBM-00523_11/volumes/tumor_seg.nii.gz	217876
upenn-gbm/UPENN-GBM-00524_11/preprocessing_metadata.json	1738
upenn-gbm/UPENN-GBM-00524_11/volumes/FLAIR.nii.gz	6274815
upenn-gbm/UPENN-GBM-00524_11/volumes/T1.nii.gz	6215093
upenn-gbm/UPENN-GBM-00524_11/volumes/T1c.nii.gz	6278930
upenn-gbm/UPENN-GBM-00524_11/volumes/T2.nii.gz	6208127
upenn-gbm/UPENN-GBM-00524_11/volumes/brain_mask.nii.gz	312253
upenn-gbm/UPENN-GBM-00524_11/volumes/tumor_seg.nii.gz	199992
upenn-gbm/UPENN-GBM-00525_11/preprocessing_metadata.json	1739
upenn-gbm/UPENN-GBM-00525_11/volumes/FLAIR.nii.gz	6167864
upenn-gbm/UPENN-GBM-00525_11/volumes/T1.nii.gz	6134320
upenn-gbm/UPENN-GBM-00525_11/volumes/T1c.nii.gz	6179569
upenn-gbm/UPENN-GBM-00525_11/volumes/T2.nii.gz	6119389
upenn-gbm/UPENN-GBM-00525_11/volumes/brain_mask.nii.gz	307870
upenn-gbm/UPENN-GBM-00525_11/volumes/tumor_seg.nii.gz	185427
upenn-gbm/UPENN-GBM-00526_11/preprocessing_metadata.json	1740
upenn-gbm/UPENN-GBM-00526_11/volumes/FLAIR.nii.gz	5299772
upenn-gbm/UPENN-GBM-00526_11/volumes/T1.nii.gz	5245232
upenn-gbm/UPENN-GBM-00526_11/volumes/T1c.nii.gz	5301584
upenn-gbm/UPENN-GBM-00526_11/volumes/T2.nii.gz	5250234
upenn-gbm/UPENN-GBM-00526_11/volumes/brain_mask.nii.gz	284920
upenn-gbm/UPENN-GBM-00526_11/volumes/tumor_seg.nii.gz	201445
upenn-gbm/UPENN-GBM-00527_11/preprocessing_metadata.json	1724
upenn-gbm/UPENN-GBM-00527_11/volumes/FLAIR.nii.gz	6053021
upenn-gbm/UPENN-GBM-00527_11/volumes/T1.nii.gz	6012312
upenn-gbm/UPENN-GBM-00527_11/volumes/T1c.nii.gz	6036910
upenn-gbm/UPENN-GBM-00527_11/volumes/T2.nii.gz	5997727
upenn-gbm/UPENN-GBM-00527_11/volumes/brain_mask.nii.gz	309664
upenn-gbm/UPENN-GBM-00527_11/volumes/tumor_seg.nii.gz	222909
upenn-gbm/UPENN-GBM-00528_11/preprocessing_metadata.json	1738
upenn-gbm/UPENN-GBM-00528_11/volumes/FLAIR.nii.gz	5808214
upenn-gbm/UPENN-GBM-00528_11/volumes/T1.nii.gz	5767733
upenn-gbm/UPENN-GBM-00528_11/volumes/T1c.nii.gz	5790854
upenn-gbm/UPENN-GBM-00528_11/volumes/T2.nii.gz	5752067
upenn-gbm/UPENN-GBM-00528_11/volumes/brain_mask.nii.gz	306537
upenn-gbm/UPENN-GBM-00528_11/volumes/tumor_seg.nii.gz	184810
upenn-gbm/UPENN-GBM-00529_11/preprocessing_metadata.json	1740
upenn-gbm/UPENN-GBM-00529_11/volumes/FLAIR.nii.gz	5990427
upenn-gbm/UPENN-GBM-00529_11/volumes/T1.nii.gz	5934906
upenn-gbm/UPENN-GBM-00529_11/volumes/T1c.nii.gz	5973484
upenn-gbm/UPENN-GBM-00529_11/volumes/T2.nii.gz	5939491
upenn-gbm/UPENN-GBM-00529_11/volumes/brain_mask.nii.gz	309354
upenn-gbm/UPENN-GBM-00529_11/volumes/tumor_seg.nii.gz	219524
upenn-gbm/UPENN-GBM-00530_11/preprocessing_metadata.json	1743
upenn-gbm/UPENN-GBM-00530_11/volumes/FLAIR.nii.gz	5978095
upenn-gbm/UPENN-GBM-00530_11/volumes/T1.nii.gz	5913880
upenn-gbm/UPENN-GBM-00530_11/volumes/T1c.nii.gz	5943616
upenn-gbm/UPENN-GBM-00530_11/volumes/T2.nii.gz	5942484
upenn-gbm/UPENN-GBM-00530_11/volumes/brain_mask.nii.gz	308387
upenn-gbm/UPENN-GBM-00530_11/volumes/tumor_seg.nii.gz	219059
upenn-gbm/UPENN-GBM-00531_11/preprocessing_metadata.json	1721
upenn-gbm/UPENN-GBM-00531_11/volumes/FLAIR.nii.gz	5229401
upenn-gbm/UPENN-GBM-00531_11/volumes/T1.nii.gz	5190250
upenn-gbm/UPENN-GBM-00531_11/volumes/T1c.nii.gz	5224503
upenn-gbm/UPENN-GBM-00531_11/volumes/T2.nii.gz	5180017
upenn-gbm/UPENN-GBM-00531_11/volumes/brain_mask.nii.gz	285491
upenn-gbm/UPENN-GBM-00531_11/volumes/tumor_seg.nii.gz	229835
upenn-gbm/UPENN-GBM-00532_11/preprocessing_metadata.json	1742
upenn-gbm/UPENN-GBM-00532_11/volumes/FLAIR.nii.gz	5040477
upenn-gbm/UPENN-GBM-00532_11/volumes/T1.nii.gz	5025578
upenn-gbm/UPENN-GBM-00532_11/volumes/T1c.nii.gz	5047349
upenn-gbm/UPENN-GBM-00532_11/volumes/T2.nii.gz	5059118
upenn-gbm/UPENN-GBM-00532_11/volumes/brain_mask.nii.gz	285739
upenn-gbm/UPENN-GBM-00532_11/volumes/tumor_seg.nii.gz	189475
upenn-gbm/UPENN-GBM-00533_11/preprocessing_metadata.json	1723
upenn-gbm/UPENN-GBM-00533_11/volumes/FLAIR.nii.gz	5056408
upenn-gbm/UPENN-GBM-00533_11/volumes/T1.nii.gz	5023242
upenn-gbm/UPENN-GBM-00533_11/volumes/T1c.nii.gz	5068513
upenn-gbm/UPENN-GBM-00533_11/volumes/T2.nii.gz	5025272
upenn-gbm/UPENN-GBM-00533_11/volumes/brain_mask.nii.gz	279412
upenn-gbm/UPENN-GBM-00533_11/volumes/tumor_seg.nii.gz	183155
upenn-gbm/UPENN-GBM-00534_11/preprocessing_metadata.json	1740
upenn-gbm/UPENN-GBM-00534_11/volumes/FLAIR.nii.gz	6081471
upenn-gbm/UPENN-GBM-00534_11/volumes/T1.nii.gz	6022576
upenn-gbm/UPENN-GBM-00534_11/volumes/T1c.nii.gz	6080714
upenn-gbm/UPENN-GBM-00534_11/volumes/T2.nii.gz	6017789
upenn-gbm/UPENN-GBM-00534_11/volumes/brain_mask.nii.gz	314229
upenn-gbm/UPENN-GBM-00534_11/volumes/tumor_seg.nii.gz	211094
upenn-gbm/UPENN-GBM-00535_11/preprocessing_metadata.json	1720
upenn-gbm/UPENN-GBM-00535_11/volumes/FLAIR.nii.gz	5930891
upenn-gbm/UPENN-GBM-00535_11/volumes/T1.nii.gz	5897387
upenn-gbm/UPENN-GBM-00535_11/volumes/T1c.nii.gz	5937742
upenn-gbm/UPENN-GBM-00535_11/volumes/T2.nii.gz	5879922
upenn-gbm/UPENN-GBM-00535_11/volumes/brain_mask.nii.gz	308012
upenn-gbm/UPENN-GBM-00535_11/volumes/tumor_seg.nii.gz	193711
upenn-gbm/UPENN-GBM-00536_11/preprocessing_metadata.json	1732
upenn-gbm/UPENN-GBM-00536_11/volumes/FLAIR.nii.gz	5493634
upenn-gbm/UPENN-GBM-00536_11/volumes/T1.nii.gz	5457235
upenn-gbm/UPENN-GBM-00536_11/volumes/T1c.nii.gz	5466827
upenn-gbm/UPENN-GBM-00536_11/volumes/T2.nii.gz	5445149
upenn-gbm/UPENN-GBM-00536_11/volumes/brain_mask.nii.gz	292499
upenn-gbm/UPENN-GBM-00536_11/volumes/tumor_seg.nii.gz	183684
upenn-gbm/UPENN-GBM-00537_11/preprocessing_metadata.json	1739
upenn-gbm/UPENN-GBM-00537_11/volumes/FLAIR.nii.gz	6406670
upenn-gbm/UPENN-GBM-00537_11/volumes/T1.nii.gz	6377663
upenn-gbm/UPENN-GBM-00537_11/volumes/T1c.nii.gz	6413889
upenn-gbm/UPENN-GBM-00537_11/volumes/T2.nii.gz	6367706
upenn-gbm/UPENN-GBM-00537_11/volumes/brain_mask.nii.gz	317121
upenn-gbm/UPENN-GBM-00537_11/volumes/tumor_seg.nii.gz	213560
upenn-gbm/UPENN-GBM-00538_11/preprocessing_metadata.json	1739
upenn-gbm/UPENN-GBM-00538_11/volumes/FLAIR.nii.gz	6340673
upenn-gbm/UPENN-GBM-00538_11/volumes/T1.nii.gz	6308611
upenn-gbm/UPENN-GBM-00538_11/volumes/T1c.nii.gz	6351829
upenn-gbm/UPENN-GBM-00538_11/volumes/T2.nii.gz	6295317
upenn-gbm/UPENN-GBM-00538_11/volumes/brain_mask.nii.gz	307532
upenn-gbm/UPENN-GBM-00538_11/volumes/tumor_seg.nii.gz	229701
upenn-gbm/UPENN-GBM-00539_11/preprocessing_metadata.json	1740
upenn-gbm/UPENN-GBM-00539_11/volumes/FLAIR.nii.gz	5242333
upenn-gbm/UPENN-GBM-00539_11/volumes/T1.nii.gz	5207602
upenn-gbm/UPENN-GBM-00539_11/volumes/T1c.nii.gz	5246986
upenn-gbm/UPENN-GBM-00539_11/volumes/T2.nii.gz	5200011
upenn-gbm/UPENN-GBM-00539_11/volumes/brain_mask.nii.gz	285370
upenn-gbm/UPENN-GBM-00539_11/volumes/tumor_seg.nii.gz	209881
upenn-gbm/UPENN-GBM-00540_11/preprocessing_metadata.json	1724
upenn-gbm/UPENN-GBM-00540_11/volumes/FLAIR.nii.gz	6427808
upenn-gbm/UPENN-GBM-00540_11/volumes/T1.nii.gz	6370768
upenn-gbm/UPENN-GBM-00540_11/volumes/T1c.nii.gz	6422678
upenn-gbm/UPENN-GBM-00540_11/volumes/T2.nii.gz	6357610
upenn-gbm/UPENN-GBM-00540_11/volumes/brain_mask.nii.gz	307639
upenn-gbm/UPENN-GBM-00540_11/volumes/tumor_seg.nii.gz	210825
upenn-gbm/UPENN-GBM-00541_11/preprocessing_metadata.json	1725
upenn-gbm/UPENN-GBM-00541_11/volumes/FLAIR.nii.gz	5629289
upenn-gbm/UPENN-GBM-00541_11/volumes/T1.nii.gz	5600087
upenn-gbm/UPENN-GBM-00541_11/volumes/T1c.nii.gz	5634654
upenn-gbm/UPENN-GBM-00541_11/volumes/T2.nii.gz	5580146
upenn-gbm/UPENN-GBM-00541_11/volumes/brain_mask.nii.gz	304254
upenn-gbm/UPENN-GBM-00541_11/volumes/tumor_seg.nii.gz	204197
upenn-gbm/UPENN-GBM-00542_11/preprocessing_metadata.json	1738
upenn-gbm/UPENN-GBM-00542_11/volumes/FLAIR.nii.gz	5738719
upenn-gbm/UPENN-GBM-00542_11/volumes/T1.nii.gz	5704091
upenn-gbm/UPENN-GBM-00542_11/volumes/T1c.nii.gz	5738364
upenn-gbm/UPENN-GBM-00542_11/volumes/T2.nii.gz	5711231
upenn-gbm/UPENN-GBM-00542_11/volumes/brain_mask.nii.gz	305515
upenn-gbm/UPENN-GBM-00542_11/volumes/tumor_seg.nii.gz	186469
upenn-gbm/UPENN-GBM-00543_11/preprocessing_metadata.json	1737
upenn-gbm/UPENN-GBM-00543_11/volumes/FLAIR.nii.gz	6261645
upenn-gbm/UPENN-GBM-00543_11/volumes/T1.nii.gz	6192385
upenn-gbm/UPENN-GBM-00543_11/volumes/T1c.nii.gz	6240764
upenn-gbm/UPENN-GBM-00543_11/volumes/T2.nii.gz	6167975
upenn-gbm/UPENN-GBM-00543_11/volumes/brain_mask.nii.gz	314586
upenn-gbm/UPENN-GBM-00543_11/volumes/tumor_seg.nii.gz	218979
upenn-gbm/UPENN-GBM-00544_11/preprocessing_metadata.json	1741
upenn-gbm/UPENN-GBM-00544_11/volumes/FLAIR.nii.gz	6656355
upenn-gbm/UPENN-GBM-00544_11/volumes/T1.nii.gz	6641995
upenn-gbm/UPENN-GBM-00544_11/volumes/T1c.nii.gz	6670125
upenn-gbm/UPENN-GBM-00544_11/volumes/T2.nii.gz	6646415
upenn-gbm/UPENN-GBM-00544_11/volumes/brain_mask.nii.gz	323297
upenn-gbm/UPENN-GBM-00544_11/volumes/tumor_seg.nii.gz	227883
upenn-gbm/UPENN-GBM-00545_11/preprocessing_metadata.json	1739
upenn-gbm/UPENN-GBM-00545_11/volumes/FLAIR.nii.gz	5515547
upenn-gbm/UPENN-GBM-00545_11/volumes/T1.nii.gz	5488421
upenn-gbm/UPENN-GBM-00545_11/volumes/T1c.nii.gz	5525104
upenn-gbm/UPENN-GBM-00545_11/volumes/T2.nii.gz	5479683
upenn-gbm/UPENN-GBM-00545_11/volumes/brain_mask.nii.gz	297404
upenn-gbm/UPENN-GBM-00545_11/volumes/tumor_seg.nii.gz	210433
upenn-gbm/UPENN-GBM-00546_11/preprocessing_metadata.json	1735
upenn-gbm/UPENN-GBM-00546_11/volumes/FLAIR.nii.gz	5534703
upenn-gbm/UPENN-GBM-00546_11/volumes/T1.nii.gz	5517533
upenn-gbm/UPENN-GBM-00546_11/volumes/T1c.nii.gz	5552294
upenn-gbm/UPENN-GBM-00546_11/volumes/T2.nii.gz	5492028
upenn-gbm/UPENN-GBM-00546_11/volumes/brain_mask.nii.gz	302447
upenn-gbm/UPENN-GBM-00546_11/volumes/tumor_seg.nii.gz	225409
upenn-gbm/UPENN-GBM-00547_11/preprocessing_metadata.json	1722
upenn-gbm/UPENN-GBM-00547_11/volumes/FLAIR.nii.gz	5394577
upenn-gbm/UPENN-GBM-00547_11/volumes/T1.nii.gz	5365969
upenn-gbm/UPENN-GBM-00547_11/volumes/T1c.nii.gz	5385423
upenn-gbm/UPENN-GBM-00547_11/volumes/T2.nii.gz	5388670
upenn-gbm/UPENN-GBM-00547_11/volumes/brain_mask.nii.gz	296201
upenn-gbm/UPENN-GBM-00547_11/volumes/tumor_seg.nii.gz	176142
upenn-gbm/UPENN-GBM-00548_11/preprocessing_metadata.json	1727
upenn-gbm/UPENN-GBM-00548_11/volumes/FLAIR.nii.gz	6159458
upenn-gbm/UPENN-GBM-00548_11/volumes/T1.nii.gz	6127242
upenn-gbm/UPENN-GBM-00548_11/volumes/T1c.nii.gz	6163236
upenn-gbm/UPENN-GBM-00548_11/volumes/T2.nii.gz	6138241
upenn-gbm/UPENN-GBM-00548_11/volumes/brain_mask.nii.gz	310371
upenn-gbm/UPENN-GBM-00548_11/volumes/tumor_seg.nii.gz	227116
upenn-gbm/UPENN-GBM-00549_11/preprocessing_metadata.json	1738
upenn-gbm/UPENN-GBM-00549_11/volumes/FLAIR.nii.gz	5289102
upenn-gbm/UPENN-GBM-00549_11/volumes/T1.nii.gz	5252791
upenn-gbm/UPENN-GBM-00549_11/volumes/T1c.nii.gz	4801494
upenn-gbm/UPENN-GBM-00549_11/volumes/T2.nii.gz	5251227
upenn-gbm/UPENN-GBM-00549_11/volumes/brain_mask.nii.gz	295518
upenn-gbm/UPENN-GBM-00549_11/volumes/tumor_seg.nii.gz	171678
upenn-gbm/UPENN-GBM-00550_11/preprocessing_metadata.json	1741
upenn-gbm/UPENN-GBM-00550_11/volumes/FLAIR.nii.gz	5935199
upenn-gbm/UPENN-GBM-00550_11/volumes/T1.nii.gz	5888433
upenn-gbm/UPENN-GBM-00550_11/volumes/T1c.nii.gz	5937836
upenn-gbm/UPENN-GBM-00550_11/volumes/T2.nii.gz	5889123
upenn-gbm/UPENN-GBM-00550_11/volumes/brain_mask.nii.gz	306588
upenn-gbm/UPENN-GBM-00550_11/volumes/tumor_seg.nii.gz	196616
upenn-gbm/UPENN-GBM-00551_11/preprocessing_metadata.json	1740
upenn-gbm/UPENN-GBM-00551_11/volumes/FLAIR.nii.gz	6130055
upenn-gbm/UPENN-GBM-00551_11/volumes/T1.nii.gz	6074163
upenn-gbm/UPENN-GBM-00551_11/volumes/T1c.nii.gz	6126851
upenn-gbm/UPENN-GBM-00551_11/volumes/T2.nii.gz	6074094
upenn-gbm/UPENN-GBM-00551_11/volumes/brain_mask.nii.gz	308767
upenn-gbm/UPENN-GBM-00551_11/volumes/tumor_seg.nii.gz	179922
upenn-gbm/UPENN-GBM-00552_11/preprocessing_metadata.json	1737
upenn-gbm/UPENN-GBM-00552_11/volumes/FLAIR.nii.gz	6012454
upenn-gbm/UPENN-GBM-00552_11/volumes/T1.nii.gz	5956695
upenn-gbm/UPENN-GBM-00552_11/volumes/T1c.nii.gz	5998457
upenn-gbm/UPENN-GBM-00552_11/volumes/T2.nii.gz	5940241
upenn-gbm/UPENN-GBM-00552_11/volumes/brain_mask.nii.gz	304584
upenn-gbm/UPENN-GBM-00552_11/volumes/tumor_seg.nii.gz	200811
upenn-gbm/UPENN-GBM-00553_11/preprocessing_metadata.json	1737
upenn-gbm/UPENN-GBM-00553_11/volumes/FLAIR.nii.gz	5021054
upenn-gbm/UPENN-GBM-00553_11/volumes/T1.nii.gz	4994432
upenn-gbm/UPENN-GBM-00553_11/volumes/T1c.nii.gz	5030673
upenn-gbm/UPENN-GBM-00553_11/volumes/T2.nii.gz	4996778
upenn-gbm/UPENN-GBM-00553_11/volumes/brain_mask.nii.gz	282495
upenn-gbm/UPENN-GBM-00553_11/volumes/tumor_seg.nii.gz	190022
upenn-gbm/UPENN-GBM-00554_11/preprocessing_metadata.json	1723
upenn-gbm/UPENN-GBM-00554_11/volumes/FLAIR.nii.gz	6340197
upenn-gbm/UPENN-GBM-00554_11/volumes/T1.nii.gz	6334937
upenn-gbm/UPENN-GBM-00554_11/volumes/T1c.nii.gz	6379440
upenn-gbm/UPENN-GBM-00554_11/volumes/T2.nii.gz	6324617
upenn-gbm/UPENN-GBM-00554_11/volumes/brain_mask.nii.gz	308295
upenn-gbm/UPENN-GBM-00554_11/volumes/tumor_seg.nii.gz	193011
upenn-gbm/UPENN-GBM-00555_11/preprocessing_metadata.json	1737
upenn-gbm/UPENN-GBM-00555_11/volumes/FLAIR.nii.gz	5641077
upenn-gbm/UPENN-GBM-00555_11/volumes/T1.nii.gz	5588074
upenn-gbm/UPENN-GBM-00555_11/volumes/T1c.nii.gz	5595481
upenn-gbm/UPENN-GBM-00555_11/volumes/T2.nii.gz	5556143
upenn-gbm/UPENN-GBM-00555_11/volumes/brain_mask.nii.gz	294700
upenn-gbm/UPENN-GBM-00555_11/volumes/tumor_seg.nii.gz	218720
upenn-gbm/UPENN-GBM-00556_11/preprocessing_metadata.json	1740
upenn-gbm/UPENN-GBM-00556_11/volumes/FLAIR.nii.gz	6135801
upenn-gbm/UPENN-GBM-00556_11/volumes/T1.nii.gz	6083781
upenn-gbm/UPENN-GBM-00556_11/volumes/T1c.nii.gz	6139475
upenn-gbm/UPENN-GBM-00556_11/volumes/T2.nii.gz	6073665
upenn-gbm/UPENN-GBM-00556_11/volumes/brain_mask.nii.gz	308396
upenn-gbm/UPENN-GBM-00556_11/volumes/tumor_seg.nii.gz	175026
upenn-gbm/UPENN-GBM-00557_11/preprocessing_metadata.json	1735
upenn-gbm/UPENN-GBM-00557_11/volumes/FLAIR.nii.gz	4961927
upenn-gbm/UPENN-GBM-00557_11/volumes/T1.nii.gz	4935766
upenn-gbm/UPENN-GBM-00557_11/volumes/T1c.nii.gz	4959499
upenn-gbm/UPENN-GBM-00557_11/volumes/T2.nii.gz	4927586
upenn-gbm/UPENN-GBM-00557_11/volumes/brain_mask.nii.gz	278109
upenn-gbm/UPENN-GBM-00557_11/volumes/tumor_seg.nii.gz	194072
upenn-gbm/UPENN-GBM-00558_11/preprocessing_metadata.json	1739
upenn-gbm/UPENN-GBM-00558_11/volumes/FLAIR.nii.gz	4763882
upenn-gbm/UPENN-GBM-00558_11/volumes/T1.nii.gz	4718775
upenn-gbm/UPENN-GBM-00558_11/volumes/T1c.nii.gz	4729216
upenn-gbm/UPENN-GBM-00558_11/volumes/T2.nii.gz	4723393
upenn-gbm/UPENN-GBM-00558_11/volumes/brain_mask.nii.gz	269880
upenn-gbm/UPENN-GBM-00558_11/volumes/tumor_seg.nii.gz	184752
upenn-gbm/UPENN-GBM-00559_11/preprocessing_metadata.json	1739
upenn-gbm/UPENN-GBM-00559_11/volumes/FLAIR.nii.gz	5352738
upenn-gbm/UPENN-GBM-00559_11/volumes/T1.nii.gz	5306549
upenn-gbm/UPENN-GBM-00559_11/volumes/T1c.nii.gz	5345894
upenn-gbm/UPENN-GBM-00559_11/volumes/T2.nii.gz	5297918
upenn-gbm/UPENN-GBM-00559_11/volumes/brain_mask.nii.gz	287303
upenn-gbm/UPENN-GBM-00559_11/volumes/tumor_seg.nii.gz	189498
upenn-gbm/UPENN-GBM-00560_11/preprocessing_metadata.json	1719
upenn-gbm/UPENN-GBM-00560_11/volumes/FLAIR.nii.gz	5959777
upenn-gbm/UPENN-GBM-00560_11/volumes/T1.nii.gz	5930978
upenn-gbm/UPENN-GBM-00560_11/volumes/T1c.nii.gz	5970846
upenn-gbm/UPENN-GBM-00560_11/volumes/T2.nii.gz	5922827
upenn-gbm/UPENN-GBM-00560_11/volumes/brain_mask.nii.gz	306124
upenn-gbm/UPENN-GBM-00560_11/volumes/tumor_seg.nii.gz	227512
upenn-gbm/UPENN-GBM-00561_11/preprocessing_metadata.json	1726
upenn-gbm/UPENN-GBM-00561_11/volumes/FLAIR.nii.gz	5680299
upenn-gbm/UPENN-GBM-00561_11/volumes/T1.nii.gz	5635689
upenn-gbm/UPENN-GBM-00561_11/volumes/T1c.nii.gz	5683764
upenn-gbm/UPENN-GBM-00561_11/volumes/T2.nii.gz	5647197
upenn-gbm/UPENN-GBM-00561_11/volumes/brain_mask.nii.gz	300435
upenn-gbm/UPENN-GBM-00561_11/volumes/tumor_seg.nii.gz	215636
upenn-gbm/UPENN-GBM-00562_11/preprocessing_metadata.json	1736
upenn-gbm/UPENN-GBM-00562_11/volumes/FLAIR.nii.gz	6104424
upenn-gbm/UPENN-GBM-00562_11/volumes/T1.nii.gz	6110396
upenn-gbm/UPENN-GBM-00562_11/volumes/T1c.nii.gz	6137775
upenn-gbm/UPENN-GBM-00562_11/volumes/T2.nii.gz	6091599
upenn-gbm/UPENN-GBM-00562_11/volumes/brain_mask.nii.gz	301075
upenn-gbm/UPENN-GBM-00562_11/volumes/tumor_seg.nii.gz	185171
upenn-gbm/UPENN-GBM-00563_11/preprocessing_metadata.json	1735
upenn-gbm/UPENN-GBM-00563_11/volumes/FLAIR.nii.gz	6787791
upenn-gbm/UPENN-GBM-00563_11/volumes/T1.nii.gz	6732523
upenn-gbm/UPENN-GBM-00563_11/volumes/T1c.nii.gz	6755584
upenn-gbm/UPENN-GBM-00563_11/volumes/T2.nii.gz	6758178
upenn-gbm/UPENN-GBM-00563_11/volumes/brain_mask.nii.gz	310718
upenn-gbm/UPENN-GBM-00563_11/volumes/tumor_seg.nii.gz	193518
upenn-gbm/UPENN-GBM-00564_11/preprocessing_metadata.json	1739
upenn-gbm/UPENN-GBM-00564_11/volumes/FLAIR.nii.gz	5589477
upenn-gbm/UPENN-GBM-00564_11/volumes/T1.nii.gz	5547353
upenn-gbm/UPENN-GBM-00564_11/volumes/T1c.nii.gz	5586140
upenn-gbm/UPENN-GBM-00564_11/volumes/T2.nii.gz	5532165
upenn-gbm/UPENN-GBM-00564_11/volumes/brain_mask.nii.gz	299173
upenn-gbm/UPENN-GBM-00564_11/volumes/tumor_seg.nii.gz	213477
upenn-gbm/UPENN-GBM-00565_11/preprocessing_metadata.json	1741
upenn-gbm/UPENN-GBM-00565_11/volumes/FLAIR.nii.gz	5461608
upenn-gbm/UPENN-GBM-00565_11/volumes/T1.nii.gz	5428559
upenn-gbm/UPENN-GBM-00565_11/volumes/T1c.nii.gz	5468852
upenn-gbm/UPENN-GBM-00565_11/volumes/T2.nii.gz	5423069
upenn-gbm/UPENN-GBM-00565_11/volumes/brain_mask.nii.gz	296492
upenn-gbm/UPENN-GBM-00565_11/volumes/tumor_seg.nii.gz	180904
upenn-gbm/UPENN-GBM-00566_11/preprocessing_metadata.json	1722
upenn-gbm/UPENN-GBM-00566_11/volumes/FLAIR.nii.gz	7316203
upenn-gbm/UPENN-GBM-00566_11/volumes/T1.nii.gz	7250288
upenn-gbm/UPENN-GBM-00566_11/volumes/T1c.nii.gz	7310888
upenn-gbm/UPENN-GBM-00566_11/volumes/T2.nii.gz	7218104
upenn-gbm/UPENN-GBM-00566_11/volumes/brain_mask.nii.gz	329696
upenn-gbm/UPENN-GBM-00566_11/volumes/tumor_seg.nii.gz	212628
upenn-gbm/UPENN-GBM-00567_11/preprocessing_metadata.json	1722
upenn-gbm/UPENN-GBM-00567_11/volumes/FLAIR.nii.gz	6198106
upenn-gbm/UPENN-GBM-00567_11/volumes/T1.nii.gz	6165022
upenn-gbm/UPENN-GBM-00567_11/volumes/T1c.nii.gz	6204344
upenn-gbm/UPENN-GBM-00567_11/volumes/T2.nii.gz	6138794
upenn-gbm/UPENN-GBM-00567_11/volumes/brain_mask.nii.gz	311926
upenn-gbm/UPENN-GBM-00567_11/volumes/tumor_seg.nii.gz	185842
upenn-gbm/UPENN-GBM-00568_11/preprocessing_metadata.json	1740
upenn-gbm/UPENN-GBM-00568_11/volumes/FLAIR.nii.gz	5728931
upenn-gbm/UPENN-GBM-00568_11/volumes/T1.nii.gz	5708118
upenn-gbm/UPENN-GBM-00568_11/volumes/T1c.nii.gz	5749438
upenn-gbm/UPENN-GBM-00568_11/volumes/T2.nii.gz	5693563
upenn-gbm/UPENN-GBM-00568_11/volumes/brain_mask.nii.gz	302798
upenn-gbm/UPENN-GBM-00568_11/volumes/tumor_seg.nii.gz	229399
upenn-gbm/UPENN-GBM-00569_11/preprocessing_metadata.json	1738
upenn-gbm/UPENN-GBM-00569_11/volumes/FLAIR.nii.gz	7519503
upenn-gbm/UPENN-GBM-00569_11/volumes/T1.nii.gz	7490624
upenn-gbm/UPENN-GBM-00569_11/volumes/T1c.nii.gz	7546137
upenn-gbm/UPENN-GBM-00569_11/volumes/T2.nii.gz	7456418
upenn-gbm/UPENN-GBM-00569_11/volumes/brain_mask.nii.gz	338060
upenn-gbm/UPENN-GBM-00569_11/volumes/tumor_seg.nii.gz	213802
upenn-gbm/UPENN-GBM-00570_11/preprocessing_metadata.json	1737
upenn-gbm/UPENN-GBM-00570_11/volumes/FLAIR.nii.gz	6628577
upenn-gbm/UPENN-GBM-00570_11/volumes/T1.nii.gz	6562597
upenn-gbm/UPENN-GBM-00570_11/volumes/T1c.nii.gz	6605480
upenn-gbm/UPENN-GBM-00570_11/volumes/T2.nii.gz	6584793
upenn-gbm/UPENN-GBM-00570_11/volumes/brain_mask.nii.gz	311149
upenn-gbm/UPENN-GBM-00570_11/volumes/tumor_seg.nii.gz	194984
upenn-gbm/UPENN-GBM-00571_11/preprocessing_metadata.json	1742
upenn-gbm/UPENN-GBM-00571_11/volumes/FLAIR.nii.gz	4861254
upenn-gbm/UPENN-GBM-00571_11/volumes/T1.nii.gz	4822812
upenn-gbm/UPENN-GBM-00571_11/volumes/T1c.nii.gz	4847756
upenn-gbm/UPENN-GBM-00571_11/volumes/T2.nii.gz	4819920
upenn-gbm/UPENN-GBM-00571_11/volumes/brain_mask.nii.gz	274882
upenn-gbm/UPENN-GBM-00571_11/volumes/tumor_seg.nii.gz	245331
upenn-gbm/UPENN-GBM-00572_11/preprocessing_metadata.json	1743
upenn-gbm/UPENN-GBM-00572_11/volumes/FLAIR.nii.gz	5985729
upenn-gbm/UPENN-GBM-00572_11/volumes/T1.nii.gz	5938447
upenn-gbm/UPENN-GBM-00572_11/volumes/T1c.nii.gz	5979194
upenn-gbm/UPENN-GBM-00572_11/volumes/T2.nii.gz	5928108
upenn-gbm/UPENN-GBM-00572_11/volumes/brain_mask.nii.gz	308636
upenn-gbm/UPENN-GBM-00572_11/volumes/tumor_seg.nii.gz	215769
upenn-gbm/UPENN-GBM-00573_11/preprocessing_metadata.json	1741
upenn-gbm/UPENN-GBM-00573_11/volumes/FLAIR.nii.gz	5789299
upenn-gbm/UPENN-GBM-00573_11/volumes/T1.nii.gz	5739447
upenn-gbm/UPENN-GBM-00573_11/volumes/T1c.nii.gz	5791593
upenn-gbm/UPENN-GBM-00573_11/volumes/T2.nii.gz	5763131
upenn-gbm/UPENN-GBM-00573_11/volumes/brain_mask.nii.gz	296944
upenn-gbm/UPENN-GBM-00573_11/volumes/tumor_seg.nii.gz	204888
upenn-gbm/UPENN-GBM-00574_11/preprocessing_metadata.json	1737
upenn-gbm/UPENN-GBM-00574_11/volumes/FLAIR.nii.gz	5654105
upenn-gbm/UPENN-GBM-00574_11/volumes/T1.nii.gz	5600200
upenn-gbm/UPENN-GBM-00574_11/volumes/T1c.nii.gz	5643768
upenn-gbm/UPENN-GBM-00574_11/volumes/T2.nii.gz	5600040
upenn-gbm/UPENN-GBM-00574_11/volumes/brain_mask.nii.gz	298273
upenn-gbm/UPENN-GBM-00574_11/volumes/tumor_seg.nii.gz	213514
upenn-gbm/UPENN-GBM-00575_11/preprocessing_metadata.json	1740
upenn-gbm/UPENN-GBM-00575_11/volumes/FLAIR.nii.gz	5364356
upenn-gbm/UPENN-GBM-00575_11/volumes/T1.nii.gz	5323331
upenn-gbm/UPENN-GBM-00575_11/volumes/T1c.nii.gz	5356150
upenn-gbm/UPENN-GBM-00575_11/volumes/T2.nii.gz	5311854
upenn-gbm/UPENN-GBM-00575_11/volumes/brain_mask.nii.gz	286256
upenn-gbm/UPENN-GBM-00575_11/volumes/tumor_seg.nii.gz	225360
upenn-gbm/UPENN-GBM-00576_11/preprocessing_metadata.json	1722
upenn-gbm/UPENN-GBM-00576_11/volumes/FLAIR.nii.gz	6430252
upenn-gbm/UPENN-GBM-00576_11/volumes/T1.nii.gz	6441003
upenn-gbm/UPENN-GBM-00576_11/volumes/T1c.nii.gz	6487376
upenn-gbm/UPENN-GBM-00576_11/volumes/T2.nii.gz	6402749
upenn-gbm/UPENN-GBM-00576_11/volumes/brain_mask.nii.gz	317358
upenn-gbm/UPENN-GBM-00576_11/volumes/tumor_seg.nii.gz	211707
upenn-gbm/UPENN-GBM-00577_11/preprocessing_metadata.json	1722
upenn-gbm/UPENN-GBM-00577_11/volumes/FLAIR.nii.gz	5963705
upenn-gbm/UPENN-GBM-00577_11/volumes/T1.nii.gz	5941872
upenn-gbm/UPENN-GBM-00577_11/volumes/T1c.nii.gz	5979795
upenn-gbm/UPENN-GBM-00577_11/volumes/T2.nii.gz	5937108
upenn-gbm/UPENN-GBM-00577_11/volumes/brain_mask.nii.gz	304469
upenn-gbm/UPENN-GBM-00577_11/volumes/tumor_seg.nii.gz	219887
upenn-gbm/UPENN-GBM-00578_11/preprocessing_metadata.json	1735
upenn-gbm/UPENN-GBM-00578_11/volumes/FLAIR.nii.gz	5752806
upenn-gbm/UPENN-GBM-00578_11/volumes/T1.nii.gz	5715033
upenn-gbm/UPENN-GBM-00578_11/volumes/T1c.nii.gz	5747253
upenn-gbm/UPENN-GBM-00578_11/volumes/T2.nii.gz	5714290
upenn-gbm/UPENN-GBM-00578_11/volumes/brain_mask.nii.gz	300847
upenn-gbm/UPENN-GBM-00578_11/volumes/tumor_seg.nii.gz	213526
upenn-gbm/UPENN-GBM-00579_11/preprocessing_metadata.json	1724
upenn-gbm/UPENN-GBM-00579_11/volumes/FLAIR.nii.gz	4785462
upenn-gbm/UPENN-GBM-00579_11/volumes/T1.nii.gz	4749938
upenn-gbm/UPENN-GBM-00579_11/volumes/T1c.nii.gz	4781167
upenn-gbm/UPENN-GBM-00579_11/volumes/T2.nii.gz	4754824
upenn-gbm/UPENN-GBM-00579_11/volumes/brain_mask.nii.gz	273938
upenn-gbm/UPENN-GBM-00579_11/volumes/tumor_seg.nii.gz	199531
upenn-gbm/UPENN-GBM-00580_11/preprocessing_metadata.json	1721
upenn-gbm/UPENN-GBM-00580_11/volumes/FLAIR.nii.gz	5401856
upenn-gbm/UPENN-GBM-00580_11/volumes/T1.nii.gz	5361216
upenn-gbm/UPENN-GBM-00580_11/volumes/T1c.nii.gz	5388524
upenn-gbm/UPENN-GBM-00580_11/volumes/T2.nii.gz	5371424
upenn-gbm/UPENN-GBM-00580_11/volumes/brain_mask.nii.gz	292307
upenn-gbm/UPENN-GBM-00580_11/volumes/tumor_seg.nii.gz	211701
upenn-gbm/UPENN-GBM-00581_11/preprocessing_metadata.json	1737
upenn-gbm/UPENN-GBM-00581_11/volumes/FLAIR.nii.gz	5179211
upenn-gbm/UPENN-GBM-00581_11/volumes/T1.nii.gz	5187557
upenn-gbm/UPENN-GBM-00581_11/volumes/T1c.nii.gz	5210110
upenn-gbm/UPENN-GBM-00581_11/volumes/T2.nii.gz	5163398
upenn-gbm/UPENN-GBM-00581_11/volumes/brain_mask.nii.gz	290070
upenn-gbm/UPENN-GBM-00581_11/volumes/tumor_seg.nii.gz	225359
upenn-gbm/UPENN-GBM-00582_11/preprocessing_metadata.json	1725
upenn-gbm/UPENN-GBM-00582_11/volumes/FLAIR.nii.gz	5706535
upenn-gbm/UPENN-GBM-00582_11/volumes/T1.nii.gz	5641222
upenn-gbm/UPENN-GBM-00582_11/volumes/T1c.nii.gz	5694111
upenn-gbm/UPENN-GBM-00582_11/volumes/T2.nii.gz	5638616
upenn-gbm/UPENN-GBM-00582_11/volumes/brain_mask.nii.gz	299086
upenn-gbm/UPENN-GBM-00582_11/volumes/tumor_seg.nii.gz	193218
upenn-gbm/UPENN-GBM-00583_11/preprocessing_metadata.json	1736
upenn-gbm/UPENN-GBM-00583_11/volumes/FLAIR.nii.gz	6557353
upenn-gbm/UPENN-GBM-00583_11/volumes/T1.nii.gz	6516353
upenn-gbm/UPENN-GBM-00583_11/volumes/T1c.nii.gz	6564338
upenn-gbm/UPENN-GBM-00583_11/volumes/T2.nii.gz	6511991
upenn-gbm/UPENN-GBM-00583_11/volumes/brain_mask.nii.gz	318186
upenn-gbm/UPENN-GBM-00583_11/volumes/tumor_seg.nii.gz	233508
upenn-gbm/UPENN-GBM-00584_11/preprocessing_metadata.json	1738
upenn-gbm/UPENN-GBM-00584_11/volumes/FLAIR.nii.gz	5787199
upenn-gbm/UPENN-GBM-00584_11/volumes/T1.nii.gz	5734384
upenn-gbm/UPENN-GBM-00584_11/volumes/T1c.nii.gz	5774149
upenn-gbm/UPENN-GBM-00584_11/volumes/T2.nii.gz	5729372
upenn-gbm/UPENN-GBM-00584_11/volumes/brain_mask.nii.gz	307594
upenn-gbm/UPENN-GBM-00584_11/volumes/tumor_seg.nii.gz	186560
upenn-gbm/UPENN-GBM-00585_11/preprocessing_metadata.json	1726
upenn-gbm/UPENN-GBM-00585_11/volumes/FLAIR.nii.gz	5862777
upenn-gbm/UPENN-GBM-00585_11/volumes/T1.nii.gz	5836477
upenn-gbm/UPENN-GBM-00585_11/volumes/T1c.nii.gz	5875468
upenn-gbm/UPENN-GBM-00585_11/volumes/T2.nii.gz	5824822
upenn-gbm/UPENN-GBM-00585_11/volumes/brain_mask.nii.gz	307541
upenn-gbm/UPENN-GBM-00585_11/volumes/tumor_seg.nii.gz	224644
upenn-gbm/UPENN-GBM-00586_11/preprocessing_metadata.json	1734
upenn-gbm/UPENN-GBM-00586_11/volumes/FLAIR.nii.gz	5191600
upenn-gbm/UPENN-GBM-00586_11/volumes/T1.nii.gz	5177158
upenn-gbm/UPENN-GBM-00586_11/volumes/T1c.nii.gz	5191845
upenn-gbm/UPENN-GBM-00586_11/volumes/T2.nii.gz	5186624
upenn-gbm/UPENN-GBM-00586_11/volumes/brain_mask.nii.gz	287346
upenn-gbm/UPENN-GBM-00586_11/volumes/tumor_seg.nii.gz	178649
upenn-gbm/UPENN-GBM-00587_11/preprocessing_metadata.json	1734
upenn-gbm/UPENN-GBM-00587_11/volumes/FLAIR.nii.gz	6332681
upenn-gbm/UPENN-GBM-00587_11/volumes/T1.nii.gz	6287258
upenn-gbm/UPENN-GBM-00587_11/volumes/T1c.nii.gz	6347199
upenn-gbm/UPENN-GBM-00587_11/volumes/T2.nii.gz	6286410
upenn-gbm/UPENN-GBM-00587_11/volumes/brain_mask.nii.gz	313353
upenn-gbm/UPENN-GBM-00587_11/volumes/tumor_seg.nii.gz	182760
upenn-gbm/UPENN-GBM-00588_11/preprocessing_metadata.json	1740
upenn-gbm/UPENN-GBM-00588_11/volumes/FLAIR.nii.gz	5928783
upenn-gbm/UPENN-GBM-00588_11/volumes/T1.nii.gz	5887706
upenn-gbm/UPENN-GBM-00588_11/volumes/T1c.nii.gz	5931377
upenn-gbm/UPENN-GBM-00588_11/volumes/T2.nii.gz	5886376
upenn-gbm/UPENN-GBM-00588_11/volumes/brain_mask.nii.gz	308919
upenn-gbm/UPENN-GBM-00588_11/volumes/tumor_seg.nii.gz	175237
upenn-gbm/UPENN-GBM-00589_11/preprocessing_metadata.json	1738
upenn-gbm/UPENN-GBM-00589_11/volumes/FLAIR.nii.gz	6641661
upenn-gbm/UPENN-GBM-00589_11/volumes/T1.nii.gz	6549740
upenn-gbm/UPENN-GBM-00589_11/volumes/T1c.nii.gz	6622657
upenn-gbm/UPENN-GBM-00589_11/volumes/T2.nii.gz	6557292
upenn-gbm/UPENN-GBM-00589_11/volumes/brain_mask.nii.gz	320812
upenn-gbm/UPENN-GBM-00589_11/volumes/tumor_seg.nii.gz	190444
upenn-gbm/UPENN-GBM-00590_11/preprocessing_metadata.json	1742
upenn-gbm/UPENN-GBM-00590_11/volumes/FLAIR.nii.gz	5410096
upenn-gbm/UPENN-GBM-00590_11/volumes/T1.nii.gz	5324310
upenn-gbm/UPENN-GBM-00590_11/volumes/T1c.nii.gz	5393732
upenn-gbm/UPENN-GBM-00590_11/volumes/T2.nii.gz	5372660
upenn-gbm/UPENN-GBM-00590_11/volumes/brain_mask.nii.gz	294776
upenn-gbm/UPENN-GBM-00590_11/volumes/tumor_seg.nii.gz	174481
upenn-gbm/UPENN-GBM-00591_11/preprocessing_metadata.json	1738
upenn-gbm/UPENN-GBM-00591_11/volumes/FLAIR.nii.gz	5838126
upenn-gbm/UPENN-GBM-00591_11/volumes/T1.nii.gz	5781398
upenn-gbm/UPENN-GBM-00591_11/volumes/T1c.nii.gz	5806353
upenn-gbm/UPENN-GBM-00591_11/volumes/T2.nii.gz	5788820
upenn-gbm/UPENN-GBM-00591_11/volumes/brain_mask.nii.gz	303224
upenn-gbm/UPENN-GBM-00591_11/volumes/tumor_seg.nii.gz	177557
upenn-gbm/UPENN-GBM-00592_11/preprocessing_metadata.json	1721
upenn-gbm/UPENN-GBM-00592_11/volumes/FLAIR.nii.gz	4269608
upenn-gbm/UPENN-GBM-00592_11/volumes/T1.nii.gz	4248569
upenn-gbm/UPENN-GBM-00592_11/volumes/T1c.nii.gz	4280327
upenn-gbm/UPENN-GBM-00592_11/volumes/T2.nii.gz	4258569
upenn-gbm/UPENN-GBM-00592_11/volumes/brain_mask.nii.gz	259729
upenn-gbm/UPENN-GBM-00592_11/volumes/tumor_seg.nii.gz	169836
upenn-gbm/UPENN-GBM-00593_11/preprocessing_metadata.json	1739
upenn-gbm/UPENN-GBM-00593_11/volumes/FLAIR.nii.gz	5574931
upenn-gbm/UPENN-GBM-00593_11/volumes/T1.nii.gz	5548532
upenn-gbm/UPENN-GBM-00593_11/volumes/T1c.nii.gz	5576484
upenn-gbm/UPENN-GBM-00593_11/volumes/T2.nii.gz	5549633
upenn-gbm/UPENN-GBM-00593_11/volumes/brain_mask.nii.gz	307802
upenn-gbm/UPENN-GBM-00593_11/volumes/tumor_seg.nii.gz	259878
upenn-gbm/UPENN-GBM-00594_11/preprocessing_metadata.json	1733
upenn-gbm/UPENN-GBM-00594_11/volumes/FLAIR.nii.gz	6807209
upenn-gbm/UPENN-GBM-00594_11/volumes/T1.nii.gz	6755201
upenn-gbm/UPENN-GBM-00594_11/volumes/T1c.nii.gz	6783018
upenn-gbm/UPENN-GBM-00594_11/volumes/T2.nii.gz	6742738
upenn-gbm/UPENN-GBM-00594_11/volumes/brain_mask.nii.gz	323850
upenn-gbm/UPENN-GBM-00594_11/volumes/tumor_seg.nii.gz	203903
upenn-gbm/UPENN-GBM-00595_11/preprocessing_metadata.json	1738
upenn-gbm/UPENN-GBM-00595_11/volumes/FLAIR.nii.gz	6623928
upenn-gbm/UPENN-GBM-00595_11/volumes/T1.nii.gz	6535355
upenn-gbm/UPENN-GBM-00595_11/volumes/T1c.nii.gz	6590659
upenn-gbm/UPENN-GBM-00595_11/volumes/T2.nii.gz	6546079
upenn-gbm/UPENN-GBM-00595_11/volumes/brain_mask.nii.gz	318021
upenn-gbm/UPENN-GBM-00595_11/volumes/tumor_seg.nii.gz	174604
upenn-gbm/UPENN-GBM-00596_11/preprocessing_metadata.json	1734
upenn-gbm/UPENN-GBM-00596_11/volumes/FLAIR.nii.gz	4650909
upenn-gbm/UPENN-GBM-00596_11/volumes/T1.nii.gz	4607808
upenn-gbm/UPENN-GBM-00596_11/volumes/T1c.nii.gz	4654190
upenn-gbm/UPENN-GBM-00596_11/volumes/T2.nii.gz	4615405
upenn-gbm/UPENN-GBM-00596_11/volumes/brain_mask.nii.gz	274728
upenn-gbm/UPENN-GBM-00596_11/volumes/tumor_seg.nii.gz	184546
upenn-gbm/UPENN-GBM-00597_11/preprocessing_metadata.json	1741
upenn-gbm/UPENN-GBM-00597_11/volumes/FLAIR.nii.gz	6473639
upenn-gbm/UPENN-GBM-00597_11/volumes/T1.nii.gz	6448826
upenn-gbm/UPENN-GBM-00597_11/volumes/T1c.nii.gz	6486178
upenn-gbm/UPENN-GBM-00597_11/volumes/T2.nii.gz	6406440
upenn-gbm/UPENN-GBM-00597_11/volumes/brain_mask.nii.gz	318291
upenn-gbm/UPENN-GBM-00597_11/volumes/tumor_seg.nii.gz	268870
upenn-gbm/UPENN-GBM-00598_11/preprocessing_metadata.json	1722
upenn-gbm/UPENN-GBM-00598_11/volumes/FLAIR.nii.gz	5563316
upenn-gbm/UPENN-GBM-00598_11/volumes/T1.nii.gz	5538677
upenn-gbm/UPENN-GBM-00598_11/volumes/T1c.nii.gz	5518679
upenn-gbm/UPENN-GBM-00598_11/volumes/T2.nii.gz	5529092
upenn-gbm/UPENN-GBM-00598_11/volumes/brain_mask.nii.gz	297326
upenn-gbm/UPENN-GBM-00598_11/volumes/tumor_seg.nii.gz	192264
upenn-gbm/UPENN-GBM-00599_11/preprocessing_metadata.json	1738
upenn-gbm/UPENN-GBM-00599_11/volumes/FLAIR.nii.gz	5995749
upenn-gbm/UPENN-GBM-00599_11/volumes/T1.nii.gz	5961251
upenn-gbm/UPENN-GBM-00599_11/volumes/T1c.nii.gz	6004747
upenn-gbm/UPENN-GBM-00599_11/volumes/T2.nii.gz	5949446
upenn-gbm/UPENN-GBM-00599_11/volumes/brain_mask.nii.gz	286144
upenn-gbm/UPENN-GBM-00599_11/volumes/tumor_seg.nii.gz	171640
upenn-gbm/UPENN-GBM-00600_11/preprocessing_metadata.json	1722
upenn-gbm/UPENN-GBM-00600_11/volumes/FLAIR.nii.gz	5899373
upenn-gbm/UPENN-GBM-00600_11/volumes/T1.nii.gz	5861090
upenn-gbm/UPENN-GBM-00600_11/volumes/T1c.nii.gz	5906171
upenn-gbm/UPENN-GBM-00600_11/volumes/T2.nii.gz	5858654
upenn-gbm/UPENN-GBM-00600_11/volumes/brain_mask.nii.gz	313302
upenn-gbm/UPENN-GBM-00600_11/volumes/tumor_seg.nii.gz	180848
upenn-gbm/UPENN-GBM-00601_11/preprocessing_metadata.json	1726
upenn-gbm/UPENN-GBM-00601_11/volumes/FLAIR.nii.gz	5718762
upenn-gbm/UPENN-GBM-00601_11/volumes/T1.nii.gz	5707948
upenn-gbm/UPENN-GBM-00601_11/volumes/T1c.nii.gz	5739221
upenn-gbm/UPENN-GBM-00601_11/volumes/T2.nii.gz	5695356
upenn-gbm/UPENN-GBM-00601_11/volumes/brain_mask.nii.gz	305804
upenn-gbm/UPENN-GBM-00601_11/volumes/tumor_seg.nii.gz	222597
upenn-gbm/UPENN-GBM-00602_11/preprocessing_metadata.json	1743
upenn-gbm/UPENN-GBM-00602_11/volumes/FLAIR.nii.gz	5658239
upenn-gbm/UPENN-GBM-00602_11/volumes/T1.nii.gz	5626661
upenn-gbm/UPENN-GBM-00602_11/volumes/T1c.nii.gz	5674726
upenn-gbm/UPENN-GBM-00602_11/volumes/T2.nii.gz	5615387
upenn-gbm/UPENN-GBM-00602_11/volumes/brain_mask.nii.gz	306579
upenn-gbm/UPENN-GBM-00602_11/volumes/tumor_seg.nii.gz	236184
upenn-gbm/UPENN-GBM-00603_11/preprocessing_metadata.json	1741
upenn-gbm/UPENN-GBM-00603_11/volumes/FLAIR.nii.gz	6911160
upenn-gbm/UPENN-GBM-00603_11/volumes/T1.nii.gz	6873535
upenn-gbm/UPENN-GBM-00603_11/volumes/T1c.nii.gz	6916714
upenn-gbm/UPENN-GBM-00603_11/volumes/T2.nii.gz	6863420
upenn-gbm/UPENN-GBM-00603_11/volumes/brain_mask.nii.gz	326429
upenn-gbm/UPENN-GBM-00603_11/volumes/tumor_seg.nii.gz	259924
upenn-gbm/UPENN-GBM-00604_11/preprocessing_metadata.json	1737
upenn-gbm/UPENN-GBM-00604_11/volumes/FLAIR.nii.gz	5342586
upenn-gbm/UPENN-GBM-00604_11/volumes/T1.nii.gz	5298558
upenn-gbm/UPENN-GBM-00604_11/volumes/T1c.nii.gz	5328802
upenn-gbm/UPENN-GBM-00604_11/volumes/T2.nii.gz	5314084
upenn-gbm/UPENN-GBM-00604_11/volumes/brain_mask.nii.gz	297955
upenn-gbm/UPENN-GBM-00604_11/volumes/tumor_seg.nii.gz	183042
upenn-gbm/UPENN-GBM-00605_11/preprocessing_metadata.json	1739
upenn-gbm/UPENN-GBM-00605_11/volumes/FLAIR.nii.gz	6090048
upenn-gbm/UPENN-GBM-00605_11/volumes/T1.nii.gz	6048762
upenn-gbm/UPENN-GBM-00605_11/volumes/T1c.nii.gz	6091128
upenn-gbm/UPENN-GBM-00605_11/volumes/T2.nii.gz	6049360
upenn-gbm/UPENN-GBM-00605_11/volumes/brain_mask.nii.gz	312990
upenn-gbm/UPENN-GBM-00605_11/volumes/tumor_seg.nii.gz	213235
upenn-gbm/UPENN-GBM-00606_11/preprocessing_metadata.json	1725
upenn-gbm/UPENN-GBM-00606_11/volumes/FLAIR.nii.gz	5823477
upenn-gbm/UPENN-GBM-00606_11/volumes/T1.nii.gz	5812840
upenn-gbm/UPENN-GBM-00606_11/volumes/T1c.nii.gz	5852195
upenn-gbm/UPENN-GBM-00606_11/volumes/T2.nii.gz	5805440
upenn-gbm/UPENN-GBM-00606_11/volumes/brain_mask.nii.gz	301872
upenn-gbm/UPENN-GBM-00606_11/volumes/tumor_seg.nii.gz	242676
upenn-gbm/UPENN-GBM-00607_11/preprocessing_metadata.json	1728
upenn-gbm/UPENN-GBM-00607_11/volumes/FLAIR.nii.gz	5355041
upenn-gbm/UPENN-GBM-00607_11/volumes/T1.nii.gz	5348258
upenn-gbm/UPENN-GBM-00607_11/volumes/T1c.nii.gz	5380971
upenn-gbm/UPENN-GBM-00607_11/volumes/T2.nii.gz	5325622
upenn-gbm/UPENN-GBM-00607_11/volumes/brain_mask.nii.gz	289577
upenn-gbm/UPENN-GBM-00607_11/volumes/tumor_seg.nii.gz	220800
upenn-gbm/UPENN-GBM-00608_11/preprocessing_metadata.json	1726
upenn-gbm/UPENN-GBM-00608_11/volumes/FLAIR.nii.gz	5185752
upenn-gbm/UPENN-GBM-00608_11/volumes/T1.nii.gz	5164944
upenn-gbm/UPENN-GBM-00608_11/volumes/T1c.nii.gz	5204698
upenn-gbm/UPENN-GBM-00608_11/volumes/T2.nii.gz	5148508
upenn-gbm/UPENN-GBM-00608_11/volumes/brain_mask.nii.gz	283232
upenn-gbm/UPENN-GBM-00608_11/volumes/tumor_seg.nii.gz	220246
upenn-gbm/UPENN-GBM-00609_11/preprocessing_metadata.json	1722
upenn-gbm/UPENN-GBM-00609_11/volumes/FLAIR.nii.gz	5499797
upenn-gbm/UPENN-GBM-00609_11/volumes/T1.nii.gz	5472231
upenn-gbm/UPENN-GBM-00609_11/volumes/T1c.nii.gz	5496782
upenn-gbm/UPENN-GBM-00609_11/volumes/T2.nii.gz	5499886
upenn-gbm/UPENN-GBM-00609_11/volumes/brain_mask.nii.gz	297323
upenn-gbm/UPENN-GBM-00609_11/volumes/tumor_seg.nii.gz	187152
upenn-gbm/UPENN-GBM-00610_11/preprocessing_metadata.json	1739
upenn-gbm/UPENN-GBM-00610_11/volumes/FLAIR.nii.gz	5941232
upenn-gbm/UPENN-GBM-00610_11/volumes/T1.nii.gz	5897972
upenn-gbm/UPENN-GBM-00610_11/volumes/T1c.nii.gz	5926615
upenn-gbm/UPENN-GBM-00610_11/volumes/T2.nii.gz	5924270
upenn-gbm/UPENN-GBM-00610_11/volumes/brain_mask.nii.gz	313928
upenn-gbm/UPENN-GBM-00610_11/volumes/tumor_seg.nii.gz	160677
upenn-gbm/UPENN-GBM-00611_11/preprocessing_metadata.json	1738
upenn-gbm/UPENN-GBM-00611_11/volumes/FLAIR.nii.gz	7002452
upenn-gbm/UPENN-GBM-00611_11/volumes/T1.nii.gz	6979507
upenn-gbm/UPENN-GBM-00611_11/volumes/T1c.nii.gz	7033326
upenn-gbm/UPENN-GBM-00611_11/volumes/T2.nii.gz	6963802
upenn-gbm/UPENN-GBM-00611_11/volumes/brain_mask.nii.gz	319654
upenn-gbm/UPENN-GBM-00611_11/volumes/tumor_seg.nii.gz	209260
utsw-glioma/BT0001/preprocessing_metadata.json	1719
utsw-glioma/BT0001/volumes/FLAIR.nii.gz	5380781
utsw-glioma/BT0001/volumes/T1.nii.gz	5356840
utsw-glioma/BT0001/volumes/T1c.nii.gz	5388828
utsw-glioma/BT0001/volumes/T2.nii.gz	5355872
utsw-glioma/BT0001/volumes/brain_mask.nii.gz	301131
utsw-glioma/BT0001/volumes/tumor_seg.nii.gz	231570
utsw-glioma/BT0002/preprocessing_metadata.json	1703
utsw-glioma/BT0002/volumes/FLAIR.nii.gz	5925175
utsw-glioma/BT0002/volumes/T1.nii.gz	5895469
utsw-glioma/BT0002/volumes/T1c.nii.gz	5932874
utsw-glioma/BT0002/volumes/T2.nii.gz	5910461
utsw-glioma/BT0002/volumes/brain_mask.nii.gz	308083
utsw-glioma/BT0002/volumes/tumor_seg.nii.gz	166314
utsw-glioma/BT0003/preprocessing_metadata.json	1706
utsw-glioma/BT0003/volumes/FLAIR.nii.gz	5760571
utsw-glioma/BT0003/volumes/T1.nii.gz	5707397
utsw-glioma/BT0003/volumes/T1c.nii.gz	5730708
utsw-glioma/BT0003/volumes/T2.nii.gz	5732921
utsw-glioma/BT0003/volumes/brain_mask.nii.gz	307824
utsw-glioma/BT0003/volumes/tumor_seg.nii.gz	198418
utsw-glioma/BT0005/preprocessing_metadata.json	1720
utsw-glioma/BT0005/volumes/FLAIR.nii.gz	5669283
utsw-glioma/BT0005/volumes/T1.nii.gz	5645794
utsw-glioma/BT0005/volumes/T1c.nii.gz	5680771
utsw-glioma/BT0005/volumes/T2.nii.gz	5623571
utsw-glioma/BT0005/volumes/brain_mask.nii.gz	299168
utsw-glioma/BT0005/volumes/tumor_seg.nii.gz	233056
utsw-glioma/BT0007/preprocessing_metadata.json	1724
utsw-glioma/BT0007/volumes/FLAIR.nii.gz	5649892
utsw-glioma/BT0007/volumes/T1.nii.gz	5620639
utsw-glioma/BT0007/volumes/T1c.nii.gz	5632498
utsw-glioma/BT0007/volumes/T2.nii.gz	5614513
utsw-glioma/BT0007/volumes/brain_mask.nii.gz	299721
utsw-glioma/BT0007/volumes/tumor_seg.nii.gz	207609
utsw-glioma/BT0008/preprocessing_metadata.json	1646
utsw-glioma/BT0008/volumes/FLAIR.nii.gz	6550493
utsw-glioma/BT0008/volumes/T1.nii.gz	6470359
utsw-glioma/BT0008/volumes/T1c.nii.gz	6512625
utsw-glioma/BT0008/volumes/T2.nii.gz	6481776
utsw-glioma/BT0008/volumes/brain_mask.nii.gz	317609
utsw-glioma/BT0008/volumes/tumor_seg.nii.gz	252192
utsw-glioma/BT0009/preprocessing_metadata.json	1724
utsw-glioma/BT0009/volumes/FLAIR.nii.gz	5446835
utsw-glioma/BT0009/volumes/T1.nii.gz	5416919
utsw-glioma/BT0009/volumes/T1c.nii.gz	5431617
utsw-glioma/BT0009/volumes/T2.nii.gz	5424598
utsw-glioma/BT0009/volumes/brain_mask.nii.gz	291435
utsw-glioma/BT0009/volumes/tumor_seg.nii.gz	187682
utsw-glioma/BT0011/preprocessing_metadata.json	1715
utsw-glioma/BT0011/volumes/FLAIR.nii.gz	6150398
utsw-glioma/BT0011/volumes/T1.nii.gz	6131597
utsw-glioma/BT0011/volumes/T1c.nii.gz	6150022
utsw-glioma/BT0011/volumes/T2.nii.gz	6142799
utsw-glioma/BT0011/volumes/brain_mask.nii.gz	317883
utsw-glioma/BT0011/volumes/tumor_seg.nii.gz	234119
utsw-glioma/BT0013/preprocessing_metadata.json	1713
utsw-glioma/BT0013/volumes/FLAIR.nii.gz	5315894
utsw-glioma/BT0013/volumes/T1.nii.gz	5287858
utsw-glioma/BT0013/volumes/T1c.nii.gz	5311946
utsw-glioma/BT0013/volumes/T2.nii.gz	5285693
utsw-glioma/BT0013/volumes/brain_mask.nii.gz	286770
utsw-glioma/BT0013/volumes/tumor_seg.nii.gz	204245
utsw-glioma/BT0015/preprocessing_metadata.json	1713
utsw-glioma/BT0015/volumes/FLAIR.nii.gz	5765202
utsw-glioma/BT0015/volumes/T1.nii.gz	5726752
utsw-glioma/BT0015/volumes/T1c.nii.gz	5744835
utsw-glioma/BT0015/volumes/T2.nii.gz	5746094
utsw-glioma/BT0015/volumes/brain_mask.nii.gz	293321
utsw-glioma/BT0015/volumes/tumor_seg.nii.gz	173129
utsw-glioma/BT0018/preprocessing_metadata.json	1642
utsw-glioma/BT0018/volumes/FLAIR.nii.gz	5793975
utsw-glioma/BT0018/volumes/T1.nii.gz	5804384
utsw-glioma/BT0018/volumes/T1c.nii.gz	5777507
utsw-glioma/BT0018/volumes/T2.nii.gz	5835641
utsw-glioma/BT0018/volumes/brain_mask.nii.gz	300639
utsw-glioma/BT0018/volumes/tumor_seg.nii.gz	180571
utsw-glioma/BT0019/preprocessing_metadata.json	1726
utsw-glioma/BT0019/volumes/FLAIR.nii.gz	4822535
utsw-glioma/BT0019/volumes/T1.nii.gz	4803240
utsw-glioma/BT0019/volumes/T1c.nii.gz	4820811
utsw-glioma/BT0019/volumes/T2.nii.gz	4776908
utsw-glioma/BT0019/volumes/brain_mask.nii.gz	276110
utsw-glioma/BT0019/volumes/tumor_seg.nii.gz	249360
utsw-glioma/BT0020/preprocessing_metadata.json	1696
utsw-glioma/BT0020/volumes/FLAIR.nii.gz	4461881
utsw-glioma/BT0020/volumes/T1.nii.gz	4437571
utsw-glioma/BT0020/volumes/T1c.nii.gz	4438198
utsw-glioma/BT0020/volumes/T2.nii.gz	4446261
utsw-glioma/BT0020/volumes/brain_mask.nii.gz	277637
utsw-glioma/BT0020/volumes/tumor_seg.nii.gz	167302
utsw-glioma/BT0021/preprocessing_metadata.json	1704
utsw-glioma/BT0021/volumes/FLAIR.nii.gz	4986727
utsw-glioma/BT0021/volumes/T1.nii.gz	4956053
utsw-glioma/BT0021/volumes/T1c.nii.gz	4943522
utsw-glioma/BT0021/volumes/T2.nii.gz	4952090
utsw-glioma/BT0021/volumes/brain_mask.nii.gz	274757
utsw-glioma/BT0021/volumes/tumor_seg.nii.gz	177040
utsw-glioma/BT0023/preprocessing_metadata.json	1631
utsw-glioma/BT0023/volumes/FLAIR.nii.gz	4337173
utsw-glioma/BT0023/volumes/T1.nii.gz	4328853
utsw-glioma/BT0023/volumes/T1c.nii.gz	4329074
utsw-glioma/BT0023/volumes/T2.nii.gz	4320579
utsw-glioma/BT0023/volumes/brain_mask.nii.gz	262802
utsw-glioma/BT0023/volumes/tumor_seg.nii.gz	156090
utsw-glioma/BT0024/preprocessing_metadata.json	1630
utsw-glioma/BT0024/volumes/FLAIR.nii.gz	5717714
utsw-glioma/BT0024/volumes/T1.nii.gz	5670833
utsw-glioma/BT0024/volumes/T1c.nii.gz	5688805
utsw-glioma/BT0024/volumes/T2.nii.gz	5697572
utsw-glioma/BT0024/volumes/brain_mask.nii.gz	305431
utsw-glioma/BT0024/volumes/tumor_seg.nii.gz	172775
utsw-glioma/BT0026/preprocessing_metadata.json	1698
utsw-glioma/BT0026/volumes/FLAIR.nii.gz	5559158
utsw-glioma/BT0026/volumes/T1.nii.gz	5532297
utsw-glioma/BT0026/volumes/T1c.nii.gz	5561948
utsw-glioma/BT0026/volumes/T2.nii.gz	5524393
utsw-glioma/BT0026/volumes/brain_mask.nii.gz	299269
utsw-glioma/BT0026/volumes/tumor_seg.nii.gz	206961
utsw-glioma/BT0027/preprocessing_metadata.json	1717
utsw-glioma/BT0027/volumes/FLAIR.nii.gz	5268378
utsw-glioma/BT0027/volumes/T1.nii.gz	5238675
utsw-glioma/BT0027/volumes/T1c.nii.gz	5262968
utsw-glioma/BT0027/volumes/T2.nii.gz	5242240
utsw-glioma/BT0027/volumes/brain_mask.nii.gz	302269
utsw-glioma/BT0027/volumes/tumor_seg.nii.gz	211182
utsw-glioma/BT0029/preprocessing_metadata.json	1723
utsw-glioma/BT0029/volumes/FLAIR.nii.gz	5728661
utsw-glioma/BT0029/volumes/T1.nii.gz	5669259
utsw-glioma/BT0029/volumes/T1c.nii.gz	5701500
utsw-glioma/BT0029/volumes/T2.nii.gz	5663109
utsw-glioma/BT0029/volumes/brain_mask.nii.gz	302791
utsw-glioma/BT0029/volumes/tumor_seg.nii.gz	229969
utsw-glioma/BT0030/preprocessing_metadata.json	1730
utsw-glioma/BT0030/volumes/FLAIR.nii.gz	6096952
utsw-glioma/BT0030/volumes/T1.nii.gz	6119472
utsw-glioma/BT0030/volumes/T1c.nii.gz	6143245
utsw-glioma/BT0030/volumes/T2.nii.gz	6091316
utsw-glioma/BT0030/volumes/brain_mask.nii.gz	316161
utsw-glioma/BT0030/volumes/tumor_seg.nii.gz	241396
utsw-glioma/BT0033/preprocessing_metadata.json	1665
utsw-glioma/BT0033/volumes/FLAIR.nii.gz	4726631
utsw-glioma/BT0033/volumes/T1.nii.gz	4686227
utsw-glioma/BT0033/volumes/T1c.nii.gz	4707019
utsw-glioma/BT0033/volumes/T2.nii.gz	4686910
utsw-glioma/BT0033/volumes/brain_mask.nii.gz	277933
utsw-glioma/BT0033/volumes/tumor_seg.nii.gz	192892
utsw-glioma/BT0034/preprocessing_metadata.json	1723
utsw-glioma/BT0034/volumes/FLAIR.nii.gz	4067312
utsw-glioma/BT0034/volumes/T1.nii.gz	4064705
utsw-glioma/BT0034/volumes/T1c.nii.gz	4080870
utsw-glioma/BT0034/volumes/T2.nii.gz	4044581
utsw-glioma/BT0034/volumes/brain_mask.nii.gz	269491
utsw-glioma/BT0034/volumes/tumor_seg.nii.gz	235339
utsw-glioma/BT0035/preprocessing_metadata.json	1725
utsw-glioma/BT0035/volumes/FLAIR.nii.gz	6398151
utsw-glioma/BT0035/volumes/T1.nii.gz	6374558
utsw-glioma/BT0035/volumes/T1c.nii.gz	6417934
utsw-glioma/BT0035/volumes/T2.nii.gz	6379366
utsw-glioma/BT0035/volumes/brain_mask.nii.gz	317124
utsw-glioma/BT0035/volumes/tumor_seg.nii.gz	193236
utsw-glioma/BT0036/preprocessing_metadata.json	1715
utsw-glioma/BT0036/volumes/FLAIR.nii.gz	4575525
utsw-glioma/BT0036/volumes/T1.nii.gz	4551211
utsw-glioma/BT0036/volumes/T1c.nii.gz	4571434
utsw-glioma/BT0036/volumes/T2.nii.gz	4552438
utsw-glioma/BT0036/volumes/brain_mask.nii.gz	269379
utsw-glioma/BT0036/volumes/tumor_seg.nii.gz	176635
utsw-glioma/BT0041/preprocessing_metadata.json	1698
utsw-glioma/BT0041/volumes/FLAIR.nii.gz	5982735
utsw-glioma/BT0041/volumes/T1.nii.gz	5956975
utsw-glioma/BT0041/volumes/T1c.nii.gz	5982875
utsw-glioma/BT0041/volumes/T2.nii.gz	5978733
utsw-glioma/BT0041/volumes/brain_mask.nii.gz	298016
utsw-glioma/BT0041/volumes/tumor_seg.nii.gz	172900
utsw-glioma/BT0042/preprocessing_metadata.json	1727
utsw-glioma/BT0042/volumes/FLAIR.nii.gz	4264868
utsw-glioma/BT0042/volumes/T1.nii.gz	4237673
utsw-glioma/BT0042/volumes/T1c.nii.gz	4250509
utsw-glioma/BT0042/volumes/T2.nii.gz	4222872
utsw-glioma/BT0042/volumes/brain_mask.nii.gz	276362
utsw-glioma/BT0042/volumes/tumor_seg.nii.gz	195180
utsw-glioma/BT0045/preprocessing_metadata.json	1706
utsw-glioma/BT0045/volumes/FLAIR.nii.gz	5505239
utsw-glioma/BT0045/volumes/T1.nii.gz	5465676
utsw-glioma/BT0045/volumes/T1c.nii.gz	5500914
utsw-glioma/BT0045/volumes/T2.nii.gz	5452893
utsw-glioma/BT0045/volumes/brain_mask.nii.gz	294141
utsw-glioma/BT0045/volumes/tumor_seg.nii.gz	231895
utsw-glioma/BT0048/preprocessing_metadata.json	1691
utsw-glioma/BT0048/volumes/FLAIR.nii.gz	5654625
utsw-glioma/BT0048/volumes/T1.nii.gz	5649702
utsw-glioma/BT0048/volumes/T1c.nii.gz	5683547
utsw-glioma/BT0048/volumes/T2.nii.gz	5685892
utsw-glioma/BT0048/volumes/brain_mask.nii.gz	291391
utsw-glioma/BT0048/volumes/tumor_seg.nii.gz	174735
utsw-glioma/BT0050/preprocessing_metadata.json	1713
utsw-glioma/BT0050/volumes/FLAIR.nii.gz	5897337
utsw-glioma/BT0050/volumes/T1.nii.gz	5868269
utsw-glioma/BT0050/volumes/T1c.nii.gz	5872233
utsw-glioma/BT0050/volumes/T2.nii.gz	5887697
utsw-glioma/BT0050/volumes/brain_mask.nii.gz	300254
utsw-glioma/BT0050/volumes/tumor_seg.nii.gz	162725
utsw-glioma/BT0053/preprocessing_metadata.json	1719
utsw-glioma/BT0053/volumes/FLAIR.nii.gz	5225000
utsw-glioma/BT0053/volumes/T1.nii.gz	5217158
utsw-glioma/BT0053/volumes/T1c.nii.gz	5233009
utsw-glioma/BT0053/volumes/T2.nii.gz	5207534
utsw-glioma/BT0053/volumes/brain_mask.nii.gz	281221
utsw-glioma/BT0053/volumes/tumor_seg.nii.gz	184573
utsw-glioma/BT0055/preprocessing_metadata.json	1707
utsw-glioma/BT0055/volumes/FLAIR.nii.gz	5813338
utsw-glioma/BT0055/volumes/T1.nii.gz	5760182
utsw-glioma/BT0055/volumes/T1c.nii.gz	5777591
utsw-glioma/BT0055/volumes/T2.nii.gz	5783742
utsw-glioma/BT0055/volumes/brain_mask.nii.gz	309471
utsw-glioma/BT0055/volumes/tumor_seg.nii.gz	182154
utsw-glioma/BT0059/preprocessing_metadata.json	1729
utsw-glioma/BT0059/volumes/FLAIR.nii.gz	4582771
utsw-glioma/BT0059/volumes/T1.nii.gz	4554727
utsw-glioma/BT0059/volumes/T1c.nii.gz	4575927
utsw-glioma/BT0059/volumes/T2.nii.gz	4544475
utsw-glioma/BT0059/volumes/brain_mask.nii.gz	259074
utsw-glioma/BT0059/volumes/tumor_seg.nii.gz	235253
utsw-glioma/BT0060/preprocessing_metadata.json	1701
utsw-glioma/BT0060/volumes/FLAIR.nii.gz	3975833
utsw-glioma/BT0060/volumes/T1.nii.gz	3951087
utsw-glioma/BT0060/volumes/T1c.nii.gz	3958834
utsw-glioma/BT0060/volumes/T2.nii.gz	3954424
utsw-glioma/BT0060/volumes/brain_mask.nii.gz	263541
utsw-glioma/BT0060/volumes/tumor_seg.nii.gz	171025
utsw-glioma/BT0061/preprocessing_metadata.json	1698
utsw-glioma/BT0061/volumes/FLAIR.nii.gz	5731443
utsw-glioma/BT0061/volumes/T1.nii.gz	5727160
utsw-glioma/BT0061/volumes/T1c.nii.gz	5748486
utsw-glioma/BT0061/volumes/T2.nii.gz	5745244
utsw-glioma/BT0061/volumes/brain_mask.nii.gz	306706
utsw-glioma/BT0061/volumes/tumor_seg.nii.gz	170364
utsw-glioma/BT0062/preprocessing_metadata.json	1724
utsw-glioma/BT0062/volumes/FLAIR.nii.gz	5461238
utsw-glioma/BT0062/volumes/T1.nii.gz	5428576
utsw-glioma/BT0062/volumes/T1c.nii.gz	5438960
utsw-glioma/BT0062/volumes/T2.nii.gz	5430525
utsw-glioma/BT0062/volumes/brain_mask.nii.gz	290013
utsw-glioma/BT0062/volumes/tumor_seg.nii.gz	201314
utsw-glioma/BT0063/preprocessing_metadata.json	1706
utsw-glioma/BT0063/volumes/FLAIR.nii.gz	4425371
utsw-glioma/BT0063/volumes/T1.nii.gz	4408645
utsw-glioma/BT0063/volumes/T1c.nii.gz	4414844
utsw-glioma/BT0063/volumes/T2.nii.gz	4389640
utsw-glioma/BT0063/volumes/brain_mask.nii.gz	273375
utsw-glioma/BT0063/volumes/tumor_seg.nii.gz	175768
utsw-glioma/BT0065/preprocessing_metadata.json	1700
utsw-glioma/BT0065/volumes/FLAIR.nii.gz	5552844
utsw-glioma/BT0065/volumes/T1.nii.gz	5527676
utsw-glioma/BT0065/volumes/T1c.nii.gz	5563303
utsw-glioma/BT0065/volumes/T2.nii.gz	5528622
utsw-glioma/BT0065/volumes/brain_mask.nii.gz	303768
utsw-glioma/BT0065/volumes/tumor_seg.nii.gz	201991
utsw-glioma/BT0066/preprocessing_metadata.json	1700
utsw-glioma/BT0066/volumes/FLAIR.nii.gz	5009980
utsw-glioma/BT0066/volumes/T1.nii.gz	5013578
utsw-glioma/BT0066/volumes/T1c.nii.gz	5022213
utsw-glioma/BT0066/volumes/T2.nii.gz	5036629
utsw-glioma/BT0066/volumes/brain_mask.nii.gz	285466
utsw-glioma/BT0066/volumes/tumor_seg.nii.gz	177235
utsw-glioma/BT0068/preprocessing_metadata.json	1729
utsw-glioma/BT0068/volumes/FLAIR.nii.gz	6017124
utsw-glioma/BT0068/volumes/T1.nii.gz	5983587
utsw-glioma/BT0068/volumes/T1c.nii.gz	6039728
utsw-glioma/BT0068/volumes/T2.nii.gz	6025325
utsw-glioma/BT0068/volumes/brain_mask.nii.gz	305648
utsw-glioma/BT0068/volumes/tumor_seg.nii.gz	290877
utsw-glioma/BT0070/preprocessing_metadata.json	1710
utsw-glioma/BT0070/volumes/FLAIR.nii.gz	5945456
utsw-glioma/BT0070/volumes/T1.nii.gz	5926331
utsw-glioma/BT0070/volumes/T1c.nii.gz	5953394
utsw-glioma/BT0070/volumes/T2.nii.gz	5948427
utsw-glioma/BT0070/volumes/brain_mask.nii.gz	309990
utsw-glioma/BT0070/volumes/tumor_seg.nii.gz	264238
utsw-glioma/BT0075/preprocessing_metadata.json	1711
utsw-glioma/BT0075/volumes/FLAIR.nii.gz	5715322
utsw-glioma/BT0075/volumes/T1.nii.gz	5688043
utsw-glioma/BT0075/volumes/T1c.nii.gz	5710711
utsw-glioma/BT0075/volumes/T2.nii.gz	5690948
utsw-glioma/BT0075/volumes/brain_mask.nii.gz	298828
utsw-glioma/BT0075/volumes/tumor_seg.nii.gz	176138
utsw-glioma/BT0076/preprocessing_metadata.json	1720
utsw-glioma/BT0076/volumes/FLAIR.nii.gz	6164351
utsw-glioma/BT0076/volumes/T1.nii.gz	6129429
utsw-glioma/BT0076/volumes/T1c.nii.gz	6138500
utsw-glioma/BT0076/volumes/T2.nii.gz	6138400
utsw-glioma/BT0076/volumes/brain_mask.nii.gz	308385
utsw-glioma/BT0076/volumes/tumor_seg.nii.gz	186290
utsw-glioma/BT0078/preprocessing_metadata.json	1720
utsw-glioma/BT0078/volumes/FLAIR.nii.gz	5773398
utsw-glioma/BT0078/volumes/T1.nii.gz	5739505
utsw-glioma/BT0078/volumes/T1c.nii.gz	5753474
utsw-glioma/BT0078/volumes/T2.nii.gz	5744317
utsw-glioma/BT0078/volumes/brain_mask.nii.gz	286275
utsw-glioma/BT0078/volumes/tumor_seg.nii.gz	227710
utsw-glioma/BT0079/preprocessing_metadata.json	1629
utsw-glioma/BT0079/volumes/FLAIR.nii.gz	3786680
utsw-glioma/BT0079/volumes/T1.nii.gz	3782703
utsw-glioma/BT0079/volumes/T1c.nii.gz	3794082
utsw-glioma/BT0079/volumes/T2.nii.gz	3775736
utsw-glioma/BT0079/volumes/brain_mask.nii.gz	238908
utsw-glioma/BT0079/volumes/tumor_seg.nii.gz	187976
utsw-glioma/BT0081/preprocessing_metadata.json	1690
utsw-glioma/BT0081/volumes/FLAIR.nii.gz	5680132
utsw-glioma/BT0081/volumes/T1.nii.gz	5681373
utsw-glioma/BT0081/volumes/T1c.nii.gz	5714321
utsw-glioma/BT0081/volumes/T2.nii.gz	5693615
utsw-glioma/BT0081/volumes/brain_mask.nii.gz	298146
utsw-glioma/BT0081/volumes/tumor_seg.nii.gz	183803
utsw-glioma/BT0083/preprocessing_metadata.json	1718
utsw-glioma/BT0083/volumes/FLAIR.nii.gz	6330618
utsw-glioma/BT0083/volumes/T1.nii.gz	6290927
utsw-glioma/BT0083/volumes/T1c.nii.gz	6302397
utsw-glioma/BT0083/volumes/T2.nii.gz	6297155
utsw-glioma/BT0083/volumes/brain_mask.nii.gz	313962
utsw-glioma/BT0083/volumes/tumor_seg.nii.gz	175083
utsw-glioma/BT0084/preprocessing_metadata.json	1646
utsw-glioma/BT0084/volumes/FLAIR.nii.gz	4816506
utsw-glioma/BT0084/volumes/T1.nii.gz	4783679
utsw-glioma/BT0084/volumes/T1c.nii.gz	4810188
utsw-glioma/BT0084/volumes/T2.nii.gz	4743700
utsw-glioma/BT0084/volumes/brain_mask.nii.gz	265566
utsw-glioma/BT0084/volumes/tumor_seg.nii.gz	228764
utsw-glioma/BT0086/preprocessing_metadata.json	1732
utsw-glioma/BT0086/volumes/FLAIR.nii.gz	5281054
utsw-glioma/BT0086/volumes/T1.nii.gz	5246622
utsw-glioma/BT0086/volumes/T1c.nii.gz	5288912
utsw-glioma/BT0086/volumes/T2.nii.gz	5256776
utsw-glioma/BT0086/volumes/brain_mask.nii.gz	292530
utsw-glioma/BT0086/volumes/tumor_seg.nii.gz	249458
utsw-glioma/BT0087/preprocessing_metadata.json	1729
utsw-glioma/BT0087/volumes/FLAIR.nii.gz	4792447
utsw-glioma/BT0087/volumes/T1.nii.gz	4782646
utsw-glioma/BT0087/volumes/T1c.nii.gz	4772411
utsw-glioma/BT0087/volumes/T2.nii.gz	4760771
utsw-glioma/BT0087/volumes/brain_mask.nii.gz	272343
utsw-glioma/BT0087/volumes/tumor_seg.nii.gz	209759
utsw-glioma/BT0089/preprocessing_metadata.json	1710
utsw-glioma/BT0089/volumes/FLAIR.nii.gz	6333415
utsw-glioma/BT0089/volumes/T1.nii.gz	6285942
utsw-glioma/BT0089/volumes/T1c.nii.gz	6313788
utsw-glioma/BT0089/volumes/T2.nii.gz	6300429
utsw-glioma/BT0089/volumes/brain_mask.nii.gz	311851
utsw-glioma/BT0089/volumes/tumor_seg.nii.gz	186814
utsw-glioma/BT0090/preprocessing_metadata.json	1724
utsw-glioma/BT0090/volumes/FLAIR.nii.gz	4719903
utsw-glioma/BT0090/volumes/T1.nii.gz	4700387
utsw-glioma/BT0090/volumes/T1c.nii.gz	4734078
utsw-glioma/BT0090/volumes/T2.nii.gz	4700966
utsw-glioma/BT0090/volumes/brain_mask.nii.gz	274764
utsw-glioma/BT0090/volumes/tumor_seg.nii.gz	222156
utsw-glioma/BT0091/preprocessing_metadata.json	1729
utsw-glioma/BT0091/volumes/FLAIR.nii.gz	3568725
utsw-glioma/BT0091/volumes/T1.nii.gz	3555534
utsw-glioma/BT0091/volumes/T1c.nii.gz	3575632
utsw-glioma/BT0091/volumes/T2.nii.gz	3548903
utsw-glioma/BT0091/volumes/brain_mask.nii.gz	229200
utsw-glioma/BT0091/volumes/tumor_seg.nii.gz	258115
utsw-glioma/BT0095/preprocessing_metadata.json	1719
utsw-glioma/BT0095/volumes/FLAIR.nii.gz	6066077
utsw-glioma/BT0095/volumes/T1.nii.gz	6023964
utsw-glioma/BT0095/volumes/T1c.nii.gz	6059652
utsw-glioma/BT0095/volumes/T2.nii.gz	6032817
utsw-glioma/BT0095/volumes/brain_mask.nii.gz	301667
utsw-glioma/BT0095/volumes/tumor_seg.nii.gz	172728
utsw-glioma/BT0096/preprocessing_metadata.json	1644
utsw-glioma/BT0096/volumes/FLAIR.nii.gz	6701330
utsw-glioma/BT0096/volumes/T1.nii.gz	6666394
utsw-glioma/BT0096/volumes/T1c.nii.gz	6704679
utsw-glioma/BT0096/volumes/T2.nii.gz	6652506
utsw-glioma/BT0096/volumes/brain_mask.nii.gz	308250
utsw-glioma/BT0096/volumes/tumor_seg.nii.gz	214840
utsw-glioma/BT0099/preprocessing_metadata.json	1720
utsw-glioma/BT0099/volumes/FLAIR.nii.gz	6557197
utsw-glioma/BT0099/volumes/T1.nii.gz	6503589
utsw-glioma/BT0099/volumes/T1c.nii.gz	6540418
utsw-glioma/BT0099/volumes/T2.nii.gz	6480981
utsw-glioma/BT0099/volumes/brain_mask.nii.gz	309275
utsw-glioma/BT0099/volumes/tumor_seg.nii.gz	232873
utsw-glioma/BT0101/preprocessing_metadata.json	1646
utsw-glioma/BT0101/volumes/FLAIR.nii.gz	3790420
utsw-glioma/BT0101/volumes/T1.nii.gz	3770024
utsw-glioma/BT0101/volumes/T1c.nii.gz	3776267
utsw-glioma/BT0101/volumes/T2.nii.gz	3766760
utsw-glioma/BT0101/volumes/brain_mask.nii.gz	234614
utsw-glioma/BT0101/volumes/tumor_seg.nii.gz	174829
utsw-glioma/BT0102/preprocessing_metadata.json	1648
utsw-glioma/BT0102/volumes/FLAIR.nii.gz	4332160
utsw-glioma/BT0102/volumes/T1.nii.gz	4324123
utsw-glioma/BT0102/volumes/T1c.nii.gz	4349740
utsw-glioma/BT0102/volumes/T2.nii.gz	4307426
utsw-glioma/BT0102/volumes/brain_mask.nii.gz	262990
utsw-glioma/BT0102/volumes/tumor_seg.nii.gz	212738
utsw-glioma/BT0103/preprocessing_metadata.json	1680
utsw-glioma/BT0103/volumes/FLAIR.nii.gz	4850409
utsw-glioma/BT0103/volumes/T1.nii.gz	4852491
utsw-glioma/BT0103/volumes/T1c.nii.gz	4865234
utsw-glioma/BT0103/volumes/T2.nii.gz	4846176
utsw-glioma/BT0103/volumes/brain_mask.nii.gz	278050
utsw-glioma/BT0103/volumes/tumor_seg.nii.gz	163519
utsw-glioma/BT0104/preprocessing_metadata.json	1722
utsw-glioma/BT0104/volumes/FLAIR.nii.gz	5538341
utsw-glioma/BT0104/volumes/T1.nii.gz	5516723
utsw-glioma/BT0104/volumes/T1c.nii.gz	5536371
utsw-glioma/BT0104/volumes/T2.nii.gz	5501014
utsw-glioma/BT0104/volumes/brain_mask.nii.gz	305273
utsw-glioma/BT0104/volumes/tumor_seg.nii.gz	220449
utsw-glioma/BT0107/preprocessing_metadata.json	1723
utsw-glioma/BT0107/volumes/FLAIR.nii.gz	6033454
utsw-glioma/BT0107/volumes/T1.nii.gz	6009372
utsw-glioma/BT0107/volumes/T1c.nii.gz	6036091
utsw-glioma/BT0107/volumes/T2.nii.gz	6018294
utsw-glioma/BT0107/volumes/brain_mask.nii.gz	294717
utsw-glioma/BT0107/volumes/tumor_seg.nii.gz	211859
utsw-glioma/BT0108/preprocessing_metadata.json	1726
utsw-glioma/BT0108/volumes/FLAIR.nii.gz	6390539
utsw-glioma/BT0108/volumes/T1.nii.gz	6338077
utsw-glioma/BT0108/volumes/T1c.nii.gz	6376909
utsw-glioma/BT0108/volumes/T2.nii.gz	6327751
utsw-glioma/BT0108/volumes/brain_mask.nii.gz	319694
utsw-glioma/BT0108/volumes/tumor_seg.nii.gz	254518
utsw-glioma/BT0112/preprocessing_metadata.json	1700
utsw-glioma/BT0112/volumes/FLAIR.nii.gz	3662323
utsw-glioma/BT0112/volumes/T1.nii.gz	3656045
utsw-glioma/BT0112/volumes/T1c.nii.gz	3656733
utsw-glioma/BT0112/volumes/T2.nii.gz	3646829
utsw-glioma/BT0112/volumes/brain_mask.nii.gz	249617
utsw-glioma/BT0112/volumes/tumor_seg.nii.gz	211365
utsw-glioma/BT0113/preprocessing_metadata.json	1719
utsw-glioma/BT0113/volumes/FLAIR.nii.gz	5805396
utsw-glioma/BT0113/volumes/T1.nii.gz	5792311
utsw-glioma/BT0113/volumes/T1c.nii.gz	5822322
utsw-glioma/BT0113/volumes/T2.nii.gz	5797019
utsw-glioma/BT0113/volumes/brain_mask.nii.gz	303678
utsw-glioma/BT0113/volumes/tumor_seg.nii.gz	222701
utsw-glioma/BT0115/preprocessing_metadata.json	1728
utsw-glioma/BT0115/volumes/FLAIR.nii.gz	5486781
utsw-glioma/BT0115/volumes/T1.nii.gz	5462929
utsw-glioma/BT0115/volumes/T1c.nii.gz	5460301
utsw-glioma/BT0115/volumes/T2.nii.gz	5471425
utsw-glioma/BT0115/volumes/brain_mask.nii.gz	290113
utsw-glioma/BT0115/volumes/tumor_seg.nii.gz	181020
utsw-glioma/BT0119/preprocessing_metadata.json	1629
utsw-glioma/BT0119/volumes/FLAIR.nii.gz	5644029
utsw-glioma/BT0119/volumes/T1.nii.gz	5603759
utsw-glioma/BT0119/volumes/T1c.nii.gz	5612896
utsw-glioma/BT0119/volumes/T2.nii.gz	5618261
utsw-glioma/BT0119/volumes/brain_mask.nii.gz	288420
utsw-glioma/BT0119/volumes/tumor_seg.nii.gz	175149
utsw-glioma/BT0120/preprocessing_metadata.json	1700
utsw-glioma/BT0120/volumes/FLAIR.nii.gz	5518620
utsw-glioma/BT0120/volumes/T1.nii.gz	5479428
utsw-glioma/BT0120/volumes/T1c.nii.gz	5482945
utsw-glioma/BT0120/volumes/T2.nii.gz	5485442
utsw-glioma/BT0120/volumes/brain_mask.nii.gz	307989
utsw-glioma/BT0120/volumes/tumor_seg.nii.gz	175856
utsw-glioma/BT0122/preprocessing_metadata.json	1715
utsw-glioma/BT0122/volumes/FLAIR.nii.gz	5695746
utsw-glioma/BT0122/volumes/T1.nii.gz	5657154
utsw-glioma/BT0122/volumes/T1c.nii.gz	5675502
utsw-glioma/BT0122/volumes/T2.nii.gz	5639053
utsw-glioma/BT0122/volumes/brain_mask.nii.gz	295421
utsw-glioma/BT0122/volumes/tumor_seg.nii.gz	260050
utsw-glioma/BT0124/preprocessing_metadata.json	1714
utsw-glioma/BT0124/volumes/FLAIR.nii.gz	3660216
utsw-glioma/BT0124/volumes/T1.nii.gz	3653187
utsw-glioma/BT0124/volumes/T1c.nii.gz	3663329
utsw-glioma/BT0124/volumes/T2.nii.gz	3626491
utsw-glioma/BT0124/volumes/brain_mask.nii.gz	238762
utsw-glioma/BT0124/volumes/tumor_seg.nii.gz	164664
utsw-glioma/BT0126/preprocessing_metadata.json	1710
utsw-glioma/BT0126/volumes/FLAIR.nii.gz	5154028
utsw-glioma/BT0126/volumes/T1.nii.gz	5118556
utsw-glioma/BT0126/volumes/T1c.nii.gz	5119980
utsw-glioma/BT0126/volumes/T2.nii.gz	5125618
utsw-glioma/BT0126/volumes/brain_mask.nii.gz	290740
utsw-glioma/BT0126/volumes/tumor_seg.nii.gz	205968
utsw-glioma/BT0127/preprocessing_metadata.json	1721
utsw-glioma/BT0127/volumes/FLAIR.nii.gz	4937997
utsw-glioma/BT0127/volumes/T1.nii.gz	4903507
utsw-glioma/BT0127/volumes/T1c.nii.gz	4913054
utsw-glioma/BT0127/volumes/T2.nii.gz	4924158
utsw-glioma/BT0127/volumes/brain_mask.nii.gz	289012
utsw-glioma/BT0127/volumes/tumor_seg.nii.gz	183490
utsw-glioma/BT0128/preprocessing_metadata.json	1722
utsw-glioma/BT0128/volumes/FLAIR.nii.gz	6092803
utsw-glioma/BT0128/volumes/T1.nii.gz	6062599
utsw-glioma/BT0128/volumes/T1c.nii.gz	6114332
utsw-glioma/BT0128/volumes/T2.nii.gz	6043472
utsw-glioma/BT0128/volumes/brain_mask.nii.gz	305664
utsw-glioma/BT0128/volumes/tumor_seg.nii.gz	221218
utsw-glioma/BT0129/preprocessing_metadata.json	1714
utsw-glioma/BT0129/volumes/FLAIR.nii.gz	5624889
utsw-glioma/BT0129/volumes/T1.nii.gz	5587708
utsw-glioma/BT0129/volumes/T1c.nii.gz	5601644
utsw-glioma/BT0129/volumes/T2.nii.gz	5601505
utsw-glioma/BT0129/volumes/brain_mask.nii.gz	294255
utsw-glioma/BT0129/volumes/tumor_seg.nii.gz	189532
utsw-glioma/BT0130/preprocessing_metadata.json	1706
utsw-glioma/BT0130/volumes/FLAIR.nii.gz	6403819
utsw-glioma/BT0130/volumes/T1.nii.gz	6359782
utsw-glioma/BT0130/volumes/T1c.nii.gz	6368658
utsw-glioma/BT0130/volumes/T2.nii.gz	6376408
utsw-glioma/BT0130/volumes/brain_mask.nii.gz	311778
utsw-glioma/BT0130/volumes/tumor_seg.nii.gz	202276
utsw-glioma/BT0133/preprocessing_metadata.json	1722
utsw-glioma/BT0133/volumes/FLAIR.nii.gz	5954988
utsw-glioma/BT0133/volumes/T1.nii.gz	5924833
utsw-glioma/BT0133/volumes/T1c.nii.gz	5926833
utsw-glioma/BT0133/volumes/T2.nii.gz	5922526
utsw-glioma/BT0133/volumes/brain_mask.nii.gz	295032
utsw-glioma/BT0133/volumes/tumor_seg.nii.gz	207844
utsw-glioma/BT0136/preprocessing_metadata.json	1726
utsw-glioma/BT0136/volumes/FLAIR.nii.gz	5018898
utsw-glioma/BT0136/volumes/T1.nii.gz	4998777
utsw-glioma/BT0136/volumes/T1c.nii.gz	5018797
utsw-glioma/BT0136/volumes/T2.nii.gz	5003779
utsw-glioma/BT0136/volumes/brain_mask.nii.gz	284591
utsw-glioma/BT0136/volumes/tumor_seg.nii.gz	212579
utsw-glioma/BT0137/preprocessing_metadata.json	1723
utsw-glioma/BT0137/volumes/FLAIR.nii.gz	5069113
utsw-glioma/BT0137/volumes/T1.nii.gz	5031435
utsw-glioma/BT0137/volumes/T1c.nii.gz	5059204
utsw-glioma/BT0137/volumes/T2.nii.gz	5031733
utsw-glioma/BT0137/volumes/brain_mask.nii.gz	286404
utsw-glioma/BT0137/volumes/tumor_seg.nii.gz	204637
utsw-glioma/BT0138/preprocessing_metadata.json	1705
utsw-glioma/BT0138/volumes/FLAIR.nii.gz	4730479
utsw-glioma/BT0138/volumes/T1.nii.gz	4701993
utsw-glioma/BT0138/volumes/T1c.nii.gz	4684898
utsw-glioma/BT0138/volumes/T2.nii.gz	4709544
utsw-glioma/BT0138/volumes/brain_mask.nii.gz	275701
utsw-glioma/BT0138/volumes/tumor_seg.nii.gz	192664
utsw-glioma/BT0139/preprocessing_metadata.json	1716
utsw-glioma/BT0139/volumes/FLAIR.nii.gz	5969456
utsw-glioma/BT0139/volumes/T1.nii.gz	5923832
utsw-glioma/BT0139/volumes/T1c.nii.gz	5929439
utsw-glioma/BT0139/volumes/T2.nii.gz	5943861
utsw-glioma/BT0139/volumes/brain_mask.nii.gz	304833
utsw-glioma/BT0139/volumes/tumor_seg.nii.gz	184285
utsw-glioma/BT0140/preprocessing_metadata.json	1718
utsw-glioma/BT0140/volumes/FLAIR.nii.gz	5901582
utsw-glioma/BT0140/volumes/T1.nii.gz	5866011
utsw-glioma/BT0140/volumes/T1c.nii.gz	5891782
utsw-glioma/BT0140/volumes/T2.nii.gz	5877564
utsw-glioma/BT0140/volumes/brain_mask.nii.gz	302157
utsw-glioma/BT0140/volumes/tumor_seg.nii.gz	178956
utsw-glioma/BT0141/preprocessing_metadata.json	1704
utsw-glioma/BT0141/volumes/FLAIR.nii.gz	6166134
utsw-glioma/BT0141/volumes/T1.nii.gz	6124594
utsw-glioma/BT0141/volumes/T1c.nii.gz	6168827
utsw-glioma/BT0141/volumes/T2.nii.gz	6128045
utsw-glioma/BT0141/volumes/brain_mask.nii.gz	301787
utsw-glioma/BT0141/volumes/tumor_seg.nii.gz	172335
utsw-glioma/BT0142/preprocessing_metadata.json	1719
utsw-glioma/BT0142/volumes/FLAIR.nii.gz	4485426
utsw-glioma/BT0142/volumes/T1.nii.gz	4475884
utsw-glioma/BT0142/volumes/T1c.nii.gz	4480570
utsw-glioma/BT0142/volumes/T2.nii.gz	4485085
utsw-glioma/BT0142/volumes/brain_mask.nii.gz	276421
utsw-glioma/BT0142/volumes/tumor_seg.nii.gz	162660
utsw-glioma/BT0143/preprocessing_metadata.json	1716
utsw-glioma/BT0143/volumes/FLAIR.nii.gz	4206198
utsw-glioma/BT0143/volumes/T1.nii.gz	4172099
utsw-glioma/BT0143/volumes/T1c.nii.gz	4179087
utsw-glioma/BT0143/volumes/T2.nii.gz	4140638
utsw-glioma/BT0143/volumes/brain_mask.nii.gz	257493
utsw-glioma/BT0143/volumes/tumor_seg.nii.gz	171029
utsw-glioma/BT0144/preprocessing_metadata.json	1703
utsw-glioma/BT0144/volumes/FLAIR.nii.gz	3584226
utsw-glioma/BT0144/volumes/T1.nii.gz	3566847
utsw-glioma/BT0144/volumes/T1c.nii.gz	3568802
utsw-glioma/BT0144/volumes/T2.nii.gz	3568890
utsw-glioma/BT0144/volumes/brain_mask.nii.gz	237831
utsw-glioma/BT0144/volumes/tumor_seg.nii.gz	157060
utsw-glioma/BT0145/preprocessing_metadata.json	1705
utsw-glioma/BT0145/volumes/FLAIR.nii.gz	4603676
utsw-glioma/BT0145/volumes/T1.nii.gz	4579237
utsw-glioma/BT0145/volumes/T1c.nii.gz	4572678
utsw-glioma/BT0145/volumes/T2.nii.gz	4568144
utsw-glioma/BT0145/volumes/brain_mask.nii.gz	280385
utsw-glioma/BT0145/volumes/tumor_seg.nii.gz	176559
utsw-glioma/BT0146/preprocessing_metadata.json	1708
utsw-glioma/BT0146/volumes/FLAIR.nii.gz	5996421
utsw-glioma/BT0146/volumes/T1.nii.gz	5994137
utsw-glioma/BT0146/volumes/T1c.nii.gz	6043685
utsw-glioma/BT0146/volumes/T2.nii.gz	5979573
utsw-glioma/BT0146/volumes/brain_mask.nii.gz	306666
utsw-glioma/BT0146/volumes/tumor_seg.nii.gz	246035
utsw-glioma/BT0147/preprocessing_metadata.json	1644
utsw-glioma/BT0147/volumes/FLAIR.nii.gz	5203688
utsw-glioma/BT0147/volumes/T1.nii.gz	5178308
utsw-glioma/BT0147/volumes/T1c.nii.gz	5198354
utsw-glioma/BT0147/volumes/T2.nii.gz	5198924
utsw-glioma/BT0147/volumes/brain_mask.nii.gz	290441
utsw-glioma/BT0147/volumes/tumor_seg.nii.gz	205474
utsw-glioma/BT0148/preprocessing_metadata.json	1720
utsw-glioma/BT0148/volumes/FLAIR.nii.gz	5266805
utsw-glioma/BT0148/volumes/T1.nii.gz	5237045
utsw-glioma/BT0148/volumes/T1c.nii.gz	5266049
utsw-glioma/BT0148/volumes/T2.nii.gz	5254622
utsw-glioma/BT0148/volumes/brain_mask.nii.gz	293006
utsw-glioma/BT0148/volumes/tumor_seg.nii.gz	186403
utsw-glioma/BT0149/preprocessing_metadata.json	1720
utsw-glioma/BT0149/volumes/FLAIR.nii.gz	5288145
utsw-glioma/BT0149/volumes/T1.nii.gz	5232167
utsw-glioma/BT0149/volumes/T1c.nii.gz	5268450
utsw-glioma/BT0149/volumes/T2.nii.gz	5246849
utsw-glioma/BT0149/volumes/brain_mask.nii.gz	291151
utsw-glioma/BT0149/volumes/tumor_seg.nii.gz	173050
utsw-glioma/BT0150/preprocessing_metadata.json	1704
utsw-glioma/BT0150/volumes/FLAIR.nii.gz	5188302
utsw-glioma/BT0150/volumes/T1.nii.gz	5157381
utsw-glioma/BT0150/volumes/T1c.nii.gz	5165906
utsw-glioma/BT0150/volumes/T2.nii.gz	5186944
utsw-glioma/BT0150/volumes/brain_mask.nii.gz	291309
utsw-glioma/BT0150/volumes/tumor_seg.nii.gz	182939
utsw-glioma/BT0152/preprocessing_metadata.json	1726
utsw-glioma/BT0152/volumes/FLAIR.nii.gz	5854177
utsw-glioma/BT0152/volumes/T1.nii.gz	5803090
utsw-glioma/BT0152/volumes/T1c.nii.gz	5842057
utsw-glioma/BT0152/volumes/T2.nii.gz	5802746
utsw-glioma/BT0152/volumes/brain_mask.nii.gz	312072
utsw-glioma/BT0152/volumes/tumor_seg.nii.gz	231662
utsw-glioma/BT0155/preprocessing_metadata.json	1710
utsw-glioma/BT0155/volumes/FLAIR.nii.gz	4308936
utsw-glioma/BT0155/volumes/T1.nii.gz	4295589
utsw-glioma/BT0155/volumes/T1c.nii.gz	4323859
utsw-glioma/BT0155/volumes/T2.nii.gz	4275424
utsw-glioma/BT0155/volumes/brain_mask.nii.gz	259190
utsw-glioma/BT0155/volumes/tumor_seg.nii.gz	175309
utsw-glioma/BT0156/preprocessing_metadata.json	1702
utsw-glioma/BT0156/volumes/FLAIR.nii.gz	5235679
utsw-glioma/BT0156/volumes/T1.nii.gz	5217261
utsw-glioma/BT0156/volumes/T1c.nii.gz	5262026
utsw-glioma/BT0156/volumes/T2.nii.gz	5236499
utsw-glioma/BT0156/volumes/brain_mask.nii.gz	292420
utsw-glioma/BT0156/volumes/tumor_seg.nii.gz	180093
utsw-glioma/BT0157/preprocessing_metadata.json	1703
utsw-glioma/BT0157/volumes/FLAIR.nii.gz	5699634
utsw-glioma/BT0157/volumes/T1.nii.gz	5701913
utsw-glioma/BT0157/volumes/T1c.nii.gz	5708267
utsw-glioma/BT0157/volumes/T2.nii.gz	5712384
utsw-glioma/BT0157/volumes/brain_mask.nii.gz	303223
utsw-glioma/BT0157/volumes/tumor_seg.nii.gz	177086
utsw-glioma/BT0158/preprocessing_metadata.json	1687
utsw-glioma/BT0158/volumes/FLAIR.nii.gz	5707081
utsw-glioma/BT0158/volumes/T1.nii.gz	5714053
utsw-glioma/BT0158/volumes/T1c.nii.gz	5734692
utsw-glioma/BT0158/volumes/T2.nii.gz	5738562
utsw-glioma/BT0158/volumes/brain_mask.nii.gz	304057
utsw-glioma/BT0158/volumes/tumor_seg.nii.gz	174926
utsw-glioma/BT0159/preprocessing_metadata.json	1628
utsw-glioma/BT0159/volumes/FLAIR.nii.gz	5734060
utsw-glioma/BT0159/volumes/T1.nii.gz	5690194
utsw-glioma/BT0159/volumes/T1c.nii.gz	5713149
utsw-glioma/BT0159/volumes/T2.nii.gz	5711064
utsw-glioma/BT0159/volumes/brain_mask.nii.gz	305423
utsw-glioma/BT0159/volumes/tumor_seg.nii.gz	205686
utsw-glioma/BT0160/preprocessing_metadata.json	1698
utsw-glioma/BT0160/volumes/FLAIR.nii.gz	5033371
utsw-glioma/BT0160/volumes/T1.nii.gz	5006677
utsw-glioma/BT0160/volumes/T1c.nii.gz	5015264
utsw-glioma/BT0160/volumes/T2.nii.gz	5026030
utsw-glioma/BT0160/volumes/brain_mask.nii.gz	284320
utsw-glioma/BT0160/volumes/tumor_seg.nii.gz	194627
utsw-glioma/BT0162/preprocessing_metadata.json	1709
utsw-glioma/BT0162/volumes/FLAIR.nii.gz	5470172
utsw-glioma/BT0162/volumes/T1.nii.gz	5445907
utsw-glioma/BT0162/volumes/T1c.nii.gz	5469310
utsw-glioma/BT0162/volumes/T2.nii.gz	5430989
utsw-glioma/BT0162/volumes/brain_mask.nii.gz	291100
utsw-glioma/BT0162/volumes/tumor_seg.nii.gz	243682
utsw-glioma/BT0165/preprocessing_metadata.json	1732
utsw-glioma/BT0165/volumes/FLAIR.nii.gz	4278524
utsw-glioma/BT0165/volumes/T1.nii.gz	4260203
utsw-glioma/BT0165/volumes/T1c.nii.gz	4284778
utsw-glioma/BT0165/volumes/T2.nii.gz	4256812
utsw-glioma/BT0165/volumes/brain_mask.nii.gz	256506
utsw-glioma/BT0165/volumes/tumor_seg.nii.gz	226264
utsw-glioma/BT0166/preprocessing_metadata.json	1704
utsw-glioma/BT0166/volumes/FLAIR.nii.gz	5476256
utsw-glioma/BT0166/volumes/T1.nii.gz	5437757
utsw-glioma/BT0166/volumes/T1c.nii.gz	5450935
utsw-glioma/BT0166/volumes/T2.nii.gz	5462148
utsw-glioma/BT0166/volumes/brain_mask.nii.gz	299228
utsw-glioma/BT0166/volumes/tumor_seg.nii.gz	178669
utsw-glioma/BT0168/preprocessing_metadata.json	1712
utsw-glioma/BT0168/volumes/FLAIR.nii.gz	6562682
utsw-glioma/BT0168/volumes/T1.nii.gz	6483732
utsw-glioma/BT0168/volumes/T1c.nii.gz	6502207
utsw-glioma/BT0168/volumes/T2.nii.gz	6492365
utsw-glioma/BT0168/volumes/brain_mask.nii.gz	308724
utsw-glioma/BT0168/volumes/tumor_seg.nii.gz	222021
utsw-glioma/BT0169/preprocessing_metadata.json	1725
utsw-glioma/BT0169/volumes/FLAIR.nii.gz	6094185
utsw-glioma/BT0169/volumes/T1.nii.gz	6093295
utsw-glioma/BT0169/volumes/T1c.nii.gz	6131397
utsw-glioma/BT0169/volumes/T2.nii.gz	6111459
utsw-glioma/BT0169/volumes/brain_mask.nii.gz	312566
utsw-glioma/BT0169/volumes/tumor_seg.nii.gz	229957
utsw-glioma/BT0170/preprocessing_metadata.json	1724
utsw-glioma/BT0170/volumes/FLAIR.nii.gz	4736702
utsw-glioma/BT0170/volumes/T1.nii.gz	4722218
utsw-glioma/BT0170/volumes/T1c.nii.gz	4723772
utsw-glioma/BT0170/volumes/T2.nii.gz	4708646
utsw-glioma/BT0170/volumes/brain_mask.nii.gz	279745
utsw-glioma/BT0170/volumes/tumor_seg.nii.gz	162690
utsw-glioma/BT0172/preprocessing_metadata.json	1697
utsw-glioma/BT0172/volumes/FLAIR.nii.gz	5608620
utsw-glioma/BT0172/volumes/T1.nii.gz	5567734
utsw-glioma/BT0172/volumes/T1c.nii.gz	5582499
utsw-glioma/BT0172/volumes/T2.nii.gz	5580169
utsw-glioma/BT0172/volumes/brain_mask.nii.gz	299050
utsw-glioma/BT0172/volumes/tumor_seg.nii.gz	187793
utsw-glioma/BT0173/preprocessing_metadata.json	1726
utsw-glioma/BT0173/volumes/FLAIR.nii.gz	5216060
utsw-glioma/BT0173/volumes/T1.nii.gz	5175056
utsw-glioma/BT0173/volumes/T1c.nii.gz	5189516
utsw-glioma/BT0173/volumes/T2.nii.gz	5198463
utsw-glioma/BT0173/volumes/brain_mask.nii.gz	291239
utsw-glioma/BT0173/volumes/tumor_seg.nii.gz	175488
utsw-glioma/BT0179/preprocessing_metadata.json	1689
utsw-glioma/BT0179/volumes/FLAIR.nii.gz	5226193
utsw-glioma/BT0179/volumes/T1.nii.gz	5195995
utsw-glioma/BT0179/volumes/T1c.nii.gz	5202478
utsw-glioma/BT0179/volumes/T2.nii.gz	5175589
utsw-glioma/BT0179/volumes/brain_mask.nii.gz	299506
utsw-glioma/BT0179/volumes/tumor_seg.nii.gz	171191
utsw-glioma/BT0181/preprocessing_metadata.json	1702
utsw-glioma/BT0181/volumes/FLAIR.nii.gz	5217626
utsw-glioma/BT0181/volumes/T1.nii.gz	5194209
utsw-glioma/BT0181/volumes/T1c.nii.gz	5206843
utsw-glioma/BT0181/volumes/T2.nii.gz	5212100
utsw-glioma/BT0181/volumes/brain_mask.nii.gz	286146
utsw-glioma/BT0181/volumes/tumor_seg.nii.gz	215711
utsw-glioma/BT0182/preprocessing_metadata.json	1699
utsw-glioma/BT0182/volumes/FLAIR.nii.gz	6425131
utsw-glioma/BT0182/volumes/T1.nii.gz	6366582
utsw-glioma/BT0182/volumes/T1c.nii.gz	6388863
utsw-glioma/BT0182/volumes/T2.nii.gz	6402533
utsw-glioma/BT0182/volumes/brain_mask.nii.gz	314726
utsw-glioma/BT0182/volumes/tumor_seg.nii.gz	185022
utsw-glioma/BT0183/preprocessing_metadata.json	1690
utsw-glioma/BT0183/volumes/FLAIR.nii.gz	5493427
utsw-glioma/BT0183/volumes/T1.nii.gz	5452708
utsw-glioma/BT0183/volumes/T1c.nii.gz	5485539
utsw-glioma/BT0183/volumes/T2.nii.gz	5482131
utsw-glioma/BT0183/volumes/brain_mask.nii.gz	302667
utsw-glioma/BT0183/volumes/tumor_seg.nii.gz	189108
utsw-glioma/BT0184/preprocessing_metadata.json	1718
utsw-glioma/BT0184/volumes/FLAIR.nii.gz	6121134
utsw-glioma/BT0184/volumes/T1.nii.gz	6111959
utsw-glioma/BT0184/volumes/T1c.nii.gz	6136003
utsw-glioma/BT0184/volumes/T2.nii.gz	6136244
utsw-glioma/BT0184/volumes/brain_mask.nii.gz	302922
utsw-glioma/BT0184/volumes/tumor_seg.nii.gz	206608
utsw-glioma/BT0187/preprocessing_metadata.json	1629
utsw-glioma/BT0187/volumes/FLAIR.nii.gz	5121684
utsw-glioma/BT0187/volumes/T1.nii.gz	5086360
utsw-glioma/BT0187/volumes/T1c.nii.gz	5093057
utsw-glioma/BT0187/volumes/T2.nii.gz	5099880
utsw-glioma/BT0187/volumes/brain_mask.nii.gz	292739
utsw-glioma/BT0187/volumes/tumor_seg.nii.gz	188091
utsw-glioma/BT0188/preprocessing_metadata.json	1711
utsw-glioma/BT0188/volumes/FLAIR.nii.gz	5183042
utsw-glioma/BT0188/volumes/T1.nii.gz	5155084
utsw-glioma/BT0188/volumes/T1c.nii.gz	5164560
utsw-glioma/BT0188/volumes/T2.nii.gz	5168559
utsw-glioma/BT0188/volumes/brain_mask.nii.gz	292495
utsw-glioma/BT0188/volumes/tumor_seg.nii.gz	185075
utsw-glioma/BT0189/preprocessing_metadata.json	1706
utsw-glioma/BT0189/volumes/FLAIR.nii.gz	6520693
utsw-glioma/BT0189/volumes/T1.nii.gz	6483512
utsw-glioma/BT0189/volumes/T1c.nii.gz	6493872
utsw-glioma/BT0189/volumes/T2.nii.gz	6498649
utsw-glioma/BT0189/volumes/brain_mask.nii.gz	326515
utsw-glioma/BT0189/volumes/tumor_seg.nii.gz	211673
utsw-glioma/BT0190/preprocessing_metadata.json	1715
utsw-glioma/BT0190/volumes/FLAIR.nii.gz	5764760
utsw-glioma/BT0190/volumes/T1.nii.gz	5744003
utsw-glioma/BT0190/volumes/T1c.nii.gz	5744190
utsw-glioma/BT0190/volumes/T2.nii.gz	5718910
utsw-glioma/BT0190/volumes/brain_mask.nii.gz	297622
utsw-glioma/BT0190/volumes/tumor_seg.nii.gz	191991
utsw-glioma/BT0191/preprocessing_metadata.json	1709
utsw-glioma/BT0191/volumes/FLAIR.nii.gz	4479306
utsw-glioma/BT0191/volumes/T1.nii.gz	4460567
utsw-glioma/BT0191/volumes/T1c.nii.gz	4481125
utsw-glioma/BT0191/volumes/T2.nii.gz	4474906
utsw-glioma/BT0191/volumes/brain_mask.nii.gz	276087
utsw-glioma/BT0191/volumes/tumor_seg.nii.gz	167659
utsw-glioma/BT0193/preprocessing_metadata.json	1651
utsw-glioma/BT0193/volumes/FLAIR.nii.gz	5539889
utsw-glioma/BT0193/volumes/T1.nii.gz	5532561
utsw-glioma/BT0193/volumes/T1c.nii.gz	5538445
utsw-glioma/BT0193/volumes/T2.nii.gz	5519562
utsw-glioma/BT0193/volumes/brain_mask.nii.gz	299497
utsw-glioma/BT0193/volumes/tumor_seg.nii.gz	214187
utsw-glioma/BT0194/preprocessing_metadata.json	1693
utsw-glioma/BT0194/volumes/FLAIR.nii.gz	5308692
utsw-glioma/BT0194/volumes/T1.nii.gz	5288474
utsw-glioma/BT0194/volumes/T1c.nii.gz	5285698
utsw-glioma/BT0194/volumes/T2.nii.gz	5283727
utsw-glioma/BT0194/volumes/brain_mask.nii.gz	294579
utsw-glioma/BT0194/volumes/tumor_seg.nii.gz	167981
utsw-glioma/BT0196/preprocessing_metadata.json	1710
utsw-glioma/BT0196/volumes/FLAIR.nii.gz	5224845
utsw-glioma/BT0196/volumes/T1.nii.gz	5190432
utsw-glioma/BT0196/volumes/T1c.nii.gz	5211846
utsw-glioma/BT0196/volumes/T2.nii.gz	5199361
utsw-glioma/BT0196/volumes/brain_mask.nii.gz	292787
utsw-glioma/BT0196/volumes/tumor_seg.nii.gz	234416
utsw-glioma/BT0197/preprocessing_metadata.json	1717
utsw-glioma/BT0197/volumes/FLAIR.nii.gz	5955768
utsw-glioma/BT0197/volumes/T1.nii.gz	5940108
utsw-glioma/BT0197/volumes/T1c.nii.gz	5958464
utsw-glioma/BT0197/volumes/T2.nii.gz	5980880
utsw-glioma/BT0197/volumes/brain_mask.nii.gz	311574
utsw-glioma/BT0197/volumes/tumor_seg.nii.gz	169727
utsw-glioma/BT0199/preprocessing_metadata.json	1706
utsw-glioma/BT0199/volumes/FLAIR.nii.gz	5339670
utsw-glioma/BT0199/volumes/T1.nii.gz	5300938
utsw-glioma/BT0199/volumes/T1c.nii.gz	5312597
utsw-glioma/BT0199/volumes/T2.nii.gz	5306268
utsw-glioma/BT0199/volumes/brain_mask.nii.gz	294605
utsw-glioma/BT0199/volumes/tumor_seg.nii.gz	189695
utsw-glioma/BT0204/preprocessing_metadata.json	1708
utsw-glioma/BT0204/volumes/FLAIR.nii.gz	4344588
utsw-glioma/BT0204/volumes/T1.nii.gz	4318488
utsw-glioma/BT0204/volumes/T1c.nii.gz	4330751
utsw-glioma/BT0204/volumes/T2.nii.gz	4329458
utsw-glioma/BT0204/volumes/brain_mask.nii.gz	271988
utsw-glioma/BT0204/volumes/tumor_seg.nii.gz	164684
utsw-glioma/BT0205/preprocessing_metadata.json	1649
utsw-glioma/BT0205/volumes/FLAIR.nii.gz	5316280
utsw-glioma/BT0205/volumes/T1.nii.gz	5306615
utsw-glioma/BT0205/volumes/T1c.nii.gz	5318017
utsw-glioma/BT0205/volumes/T2.nii.gz	5307210
utsw-glioma/BT0205/volumes/brain_mask.nii.gz	295597
utsw-glioma/BT0205/volumes/tumor_seg.nii.gz	168000
utsw-glioma/BT0206/preprocessing_metadata.json	1692
utsw-glioma/BT0206/volumes/FLAIR.nii.gz	5603526
utsw-glioma/BT0206/volumes/T1.nii.gz	5567695
utsw-glioma/BT0206/volumes/T1c.nii.gz	5574929
utsw-glioma/BT0206/volumes/T2.nii.gz	5576627
utsw-glioma/BT0206/volumes/brain_mask.nii.gz	293634
utsw-glioma/BT0206/volumes/tumor_seg.nii.gz	183408
utsw-glioma/BT0210/preprocessing_metadata.json	1709
utsw-glioma/BT0210/volumes/FLAIR.nii.gz	5242501
utsw-glioma/BT0210/volumes/T1.nii.gz	5256270
utsw-glioma/BT0210/volumes/T1c.nii.gz	5285497
utsw-glioma/BT0210/volumes/T2.nii.gz	5259498
utsw-glioma/BT0210/volumes/brain_mask.nii.gz	287100
utsw-glioma/BT0210/volumes/tumor_seg.nii.gz	210069
utsw-glioma/BT0211/preprocessing_metadata.json	1707
utsw-glioma/BT0211/volumes/FLAIR.nii.gz	4260775
utsw-glioma/BT0211/volumes/T1.nii.gz	4241408
utsw-glioma/BT0211/volumes/T1c.nii.gz	4250782
utsw-glioma/BT0211/volumes/T2.nii.gz	4229258
utsw-glioma/BT0211/volumes/brain_mask.nii.gz	257913
utsw-glioma/BT0211/volumes/tumor_seg.nii.gz	177859
utsw-glioma/BT0212/preprocessing_metadata.json	1729
utsw-glioma/BT0212/volumes/FLAIR.nii.gz	6696077
utsw-glioma/BT0212/volumes/T1.nii.gz	6677964
utsw-glioma/BT0212/volumes/T1c.nii.gz	6720647
utsw-glioma/BT0212/volumes/T2.nii.gz	6695385
utsw-glioma/BT0212/volumes/brain_mask.nii.gz	328103
utsw-glioma/BT0212/volumes/tumor_seg.nii.gz	199128
utsw-glioma/BT0213/preprocessing_metadata.json	1731
utsw-glioma/BT0213/volumes/FLAIR.nii.gz	4715705
utsw-glioma/BT0213/volumes/T1.nii.gz	4681669
utsw-glioma/BT0213/volumes/T1c.nii.gz	4690473
utsw-glioma/BT0213/volumes/T2.nii.gz	4677326
utsw-glioma/BT0213/volumes/brain_mask.nii.gz	273852
utsw-glioma/BT0213/volumes/tumor_seg.nii.gz	232271
utsw-glioma/BT0216/preprocessing_metadata.json	1714
utsw-glioma/BT0216/volumes/FLAIR.nii.gz	4722630
utsw-glioma/BT0216/volumes/T1.nii.gz	4704377
utsw-glioma/BT0216/volumes/T1c.nii.gz	4710796
utsw-glioma/BT0216/volumes/T2.nii.gz	4695409
utsw-glioma/BT0216/volumes/brain_mask.nii.gz	264961
utsw-glioma/BT0216/volumes/tumor_seg.nii.gz	198379
utsw-glioma/BT0219/preprocessing_metadata.json	1633
utsw-glioma/BT0219/volumes/FLAIR.nii.gz	6295282
utsw-glioma/BT0219/volumes/T1.nii.gz	6242304
utsw-glioma/BT0219/volumes/T1c.nii.gz	6319656
utsw-glioma/BT0219/volumes/T2.nii.gz	6261182
utsw-glioma/BT0219/volumes/brain_mask.nii.gz	315254
utsw-glioma/BT0219/volumes/tumor_seg.nii.gz	231314
utsw-glioma/BT0220/preprocessing_metadata.json	1707
utsw-glioma/BT0220/volumes/FLAIR.nii.gz	5956702
utsw-glioma/BT0220/volumes/T1.nii.gz	5945243
utsw-glioma/BT0220/volumes/T1c.nii.gz	5959851
utsw-glioma/BT0220/volumes/T2.nii.gz	5956265
utsw-glioma/BT0220/volumes/brain_mask.nii.gz	300968
utsw-glioma/BT0220/volumes/tumor_seg.nii.gz	171143
utsw-glioma/BT0221/preprocessing_metadata.json	1703
utsw-glioma/BT0221/volumes/FLAIR.nii.gz	6108358
utsw-glioma/BT0221/volumes/T1.nii.gz	6087002
utsw-glioma/BT0221/volumes/T1c.nii.gz	6119704
utsw-glioma/BT0221/volumes/T2.nii.gz	6106498
utsw-glioma/BT0221/volumes/brain_mask.nii.gz	305928
utsw-glioma/BT0221/volumes/tumor_seg.nii.gz	181402
utsw-glioma/BT0222/preprocessing_metadata.json	1701
utsw-glioma/BT0222/volumes/FLAIR.nii.gz	6165266
utsw-glioma/BT0222/volumes/T1.nii.gz	6146929
utsw-glioma/BT0222/volumes/T1c.nii.gz	6175204
utsw-glioma/BT0222/volumes/T2.nii.gz	6173067
utsw-glioma/BT0222/volumes/brain_mask.nii.gz	311999
utsw-glioma/BT0222/volumes/tumor_seg.nii.gz	224228
utsw-glioma/BT0223/preprocessing_metadata.json	1707
utsw-glioma/BT0223/volumes/FLAIR.nii.gz	5200729
utsw-glioma/BT0223/volumes/T1.nii.gz	5176373
utsw-glioma/BT0223/volumes/T1c.nii.gz	5202049
utsw-glioma/BT0223/volumes/T2.nii.gz	5153860
utsw-glioma/BT0223/volumes/brain_mask.nii.gz	283657
utsw-glioma/BT0223/volumes/tumor_seg.nii.gz	172253
utsw-glioma/BT0224/preprocessing_metadata.json	1704
utsw-glioma/BT0224/volumes/FLAIR.nii.gz	4572014
utsw-glioma/BT0224/volumes/T1.nii.gz	4546220
utsw-glioma/BT0224/volumes/T1c.nii.gz	4546790
utsw-glioma/BT0224/volumes/T2.nii.gz	4541605
utsw-glioma/BT0224/volumes/brain_mask.nii.gz	272085
utsw-glioma/BT0224/volumes/tumor_seg.nii.gz	179441
utsw-glioma/BT0225/preprocessing_metadata.json	1710
utsw-glioma/BT0225/volumes/FLAIR.nii.gz	4025689
utsw-glioma/BT0225/volumes/T1.nii.gz	4009177
utsw-glioma/BT0225/volumes/T1c.nii.gz	4016527
utsw-glioma/BT0225/volumes/T2.nii.gz	4013654
utsw-glioma/BT0225/volumes/brain_mask.nii.gz	257031
utsw-glioma/BT0225/volumes/tumor_seg.nii.gz	167470
utsw-glioma/BT0226/preprocessing_metadata.json	1721
utsw-glioma/BT0226/volumes/FLAIR.nii.gz	5460967
utsw-glioma/BT0226/volumes/T1.nii.gz	5438556
utsw-glioma/BT0226/volumes/T1c.nii.gz	5458639
utsw-glioma/BT0226/volumes/T2.nii.gz	5463039
utsw-glioma/BT0226/volumes/brain_mask.nii.gz	288101
utsw-glioma/BT0226/volumes/tumor_seg.nii.gz	172953
utsw-glioma/BT0227/preprocessing_metadata.json	1707
utsw-glioma/BT0227/volumes/FLAIR.nii.gz	6435945
utsw-glioma/BT0227/volumes/T1.nii.gz	6375273
utsw-glioma/BT0227/volumes/T1c.nii.gz	6406301
utsw-glioma/BT0227/volumes/T2.nii.gz	6411057
utsw-glioma/BT0227/volumes/brain_mask.nii.gz	320520
utsw-glioma/BT0227/volumes/tumor_seg.nii.gz	183853
utsw-glioma/BT0228/preprocessing_metadata.json	1719
utsw-glioma/BT0228/volumes/FLAIR.nii.gz	5078158
utsw-glioma/BT0228/volumes/T1.nii.gz	5058662
utsw-glioma/BT0228/volumes/T1c.nii.gz	5072966
utsw-glioma/BT0228/volumes/T2.nii.gz	5033534
utsw-glioma/BT0228/volumes/brain_mask.nii.gz	286306
utsw-glioma/BT0228/volumes/tumor_seg.nii.gz	198055
utsw-glioma/BT0233/preprocessing_metadata.json	1712
utsw-glioma/BT0233/volumes/FLAIR.nii.gz	4876420
utsw-glioma/BT0233/volumes/T1.nii.gz	4845239
utsw-glioma/BT0233/volumes/T1c.nii.gz	4844498
utsw-glioma/BT0233/volumes/T2.nii.gz	4849844
utsw-glioma/BT0233/volumes/brain_mask.nii.gz	287611
utsw-glioma/BT0233/volumes/tumor_seg.nii.gz	172915
utsw-glioma/BT0234/preprocessing_metadata.json	1729
utsw-glioma/BT0234/volumes/FLAIR.nii.gz	6048342
utsw-glioma/BT0234/volumes/T1.nii.gz	6024742
utsw-glioma/BT0234/volumes/T1c.nii.gz	6060026
utsw-glioma/BT0234/volumes/T2.nii.gz	6027934
utsw-glioma/BT0234/volumes/brain_mask.nii.gz	300094
utsw-glioma/BT0234/volumes/tumor_seg.nii.gz	254580
utsw-glioma/BT0235/preprocessing_metadata.json	1716
utsw-glioma/BT0235/volumes/FLAIR.nii.gz	5369514
utsw-glioma/BT0235/volumes/T1.nii.gz	5325967
utsw-glioma/BT0235/volumes/T1c.nii.gz	5342314
utsw-glioma/BT0235/volumes/T2.nii.gz	5352716
utsw-glioma/BT0235/volumes/brain_mask.nii.gz	286080
utsw-glioma/BT0235/volumes/tumor_seg.nii.gz	181201
utsw-glioma/BT0236/preprocessing_metadata.json	1709
utsw-glioma/BT0236/volumes/FLAIR.nii.gz	4430184
utsw-glioma/BT0236/volumes/T1.nii.gz	4404693
utsw-glioma/BT0236/volumes/T1c.nii.gz	4421072
utsw-glioma/BT0236/volumes/T2.nii.gz	4403634
utsw-glioma/BT0236/volumes/brain_mask.nii.gz	278493
utsw-glioma/BT0236/volumes/tumor_seg.nii.gz	241284
utsw-glioma/BT0237/preprocessing_metadata.json	1724
utsw-glioma/BT0237/volumes/FLAIR.nii.gz	4993811
utsw-glioma/BT0237/volumes/T1.nii.gz	4968607
utsw-glioma/BT0237/volumes/T1c.nii.gz	4972081
utsw-glioma/BT0237/volumes/T2.nii.gz	4962139
utsw-glioma/BT0237/volumes/brain_mask.nii.gz	290410
utsw-glioma/BT0237/volumes/tumor_seg.nii.gz	232276
utsw-glioma/BT0240/preprocessing_metadata.json	1720
utsw-glioma/BT0240/volumes/FLAIR.nii.gz	5534832
utsw-glioma/BT0240/volumes/T1.nii.gz	5523595
utsw-glioma/BT0240/volumes/T1c.nii.gz	5550072
utsw-glioma/BT0240/volumes/T2.nii.gz	5522141
utsw-glioma/BT0240/volumes/brain_mask.nii.gz	298031
utsw-glioma/BT0240/volumes/tumor_seg.nii.gz	224952
utsw-glioma/BT0242/preprocessing_metadata.json	1707
utsw-glioma/BT0242/volumes/FLAIR.nii.gz	6011448
utsw-glioma/BT0242/volumes/T1.nii.gz	5964556
utsw-glioma/BT0242/volumes/T1c.nii.gz	5973172
utsw-glioma/BT0242/volumes/T2.nii.gz	5971900
utsw-glioma/BT0242/volumes/brain_mask.nii.gz	300400
utsw-glioma/BT0242/volumes/tumor_seg.nii.gz	187323
utsw-glioma/BT0243/preprocessing_metadata.json	1638
utsw-glioma/BT0243/volumes/FLAIR.nii.gz	6163290
utsw-glioma/BT0243/volumes/T1.nii.gz	6147045
utsw-glioma/BT0243/volumes/T1c.nii.gz	6181425
utsw-glioma/BT0243/volumes/T2.nii.gz	6162580
utsw-glioma/BT0243/volumes/brain_mask.nii.gz	310399
utsw-glioma/BT0243/volumes/tumor_seg.nii.gz	189875
utsw-glioma/BT0244/preprocessing_metadata.json	1698
utsw-glioma/BT0244/volumes/FLAIR.nii.gz	4739837
utsw-glioma/BT0244/volumes/T1.nii.gz	4732173
utsw-glioma/BT0244/volumes/T1c.nii.gz	4745982
utsw-glioma/BT0244/volumes/T2.nii.gz	4718429
utsw-glioma/BT0244/volumes/brain_mask.nii.gz	284725
utsw-glioma/BT0244/volumes/tumor_seg.nii.gz	171939
utsw-glioma/BT0246/preprocessing_metadata.json	1718
utsw-glioma/BT0246/volumes/FLAIR.nii.gz	5852411
utsw-glioma/BT0246/volumes/T1.nii.gz	5820661
utsw-glioma/BT0246/volumes/T1c.nii.gz	5830276
utsw-glioma/BT0246/volumes/T2.nii.gz	5826038
utsw-glioma/BT0246/volumes/brain_mask.nii.gz	292881
utsw-glioma/BT0246/volumes/tumor_seg.nii.gz	169966
utsw-glioma/BT0248/preprocessing_metadata.json	1704
utsw-glioma/BT0248/volumes/FLAIR.nii.gz	5414280
utsw-glioma/BT0248/volumes/T1.nii.gz	5385088
utsw-glioma/BT0248/volumes/T1c.nii.gz	5389680
utsw-glioma/BT0248/volumes/T2.nii.gz	5390117
utsw-glioma/BT0248/volumes/brain_mask.nii.gz	289097
utsw-glioma/BT0248/volumes/tumor_seg.nii.gz	175921
utsw-glioma/BT0250/preprocessing_metadata.json	1707
utsw-glioma/BT0250/volumes/FLAIR.nii.gz	6275861
utsw-glioma/BT0250/volumes/T1.nii.gz	6249456
utsw-glioma/BT0250/volumes/T1c.nii.gz	6277606
utsw-glioma/BT0250/volumes/T2.nii.gz	6256670
utsw-glioma/BT0250/volumes/brain_mask.nii.gz	315251
utsw-glioma/BT0250/volumes/tumor_seg.nii.gz	242113
utsw-glioma/BT0251/preprocessing_metadata.json	1702
utsw-glioma/BT0251/volumes/FLAIR.nii.gz	6323307
utsw-glioma/BT0251/volumes/T1.nii.gz	6298201
utsw-glioma/BT0251/volumes/T1c.nii.gz	6284208
utsw-glioma/BT0251/volumes/T2.nii.gz	6307576
utsw-glioma/BT0251/volumes/brain_mask.nii.gz	314426
utsw-glioma/BT0251/volumes/tumor_seg.nii.gz	195470
utsw-glioma/BT0252/preprocessing_metadata.json	1705
utsw-glioma/BT0252/volumes/FLAIR.nii.gz	6137118
utsw-glioma/BT0252/volumes/T1.nii.gz	6112997
utsw-glioma/BT0252/volumes/T1c.nii.gz	6115323
utsw-glioma/BT0252/volumes/T2.nii.gz	6126295
utsw-glioma/BT0252/volumes/brain_mask.nii.gz	300466
utsw-glioma/BT0252/volumes/tumor_seg.nii.gz	169996
utsw-glioma/BT0254/preprocessing_metadata.json	1721
utsw-glioma/BT0254/volumes/FLAIR.nii.gz	5682716
utsw-glioma/BT0254/volumes/T1.nii.gz	5647519
utsw-glioma/BT0254/volumes/T1c.nii.gz	5663654
utsw-glioma/BT0254/volumes/T2.nii.gz	5677964
utsw-glioma/BT0254/volumes/brain_mask.nii.gz	303211
utsw-glioma/BT0254/volumes/tumor_seg.nii.gz	188661
utsw-glioma/BT0255/preprocessing_metadata.json	1720
utsw-glioma/BT0255/volumes/FLAIR.nii.gz	5431930
utsw-glioma/BT0255/volumes/T1.nii.gz	5389680
utsw-glioma/BT0255/volumes/T1c.nii.gz	5411299
utsw-glioma/BT0255/volumes/T2.nii.gz	5403753
utsw-glioma/BT0255/volumes/brain_mask.nii.gz	287234
utsw-glioma/BT0255/volumes/tumor_seg.nii.gz	181983
utsw-glioma/BT0258/preprocessing_metadata.json	1719
utsw-glioma/BT0258/volumes/FLAIR.nii.gz	5067538
utsw-glioma/BT0258/volumes/T1.nii.gz	5040873
utsw-glioma/BT0258/volumes/T1c.nii.gz	5045038
utsw-glioma/BT0258/volumes/T2.nii.gz	5045558
utsw-glioma/BT0258/volumes/brain_mask.nii.gz	287859
utsw-glioma/BT0258/volumes/tumor_seg.nii.gz	175034
utsw-glioma/BT0261/preprocessing_metadata.json	1714
utsw-glioma/BT0261/volumes/FLAIR.nii.gz	5317718
utsw-glioma/BT0261/volumes/T1.nii.gz	5312271
utsw-glioma/BT0261/volumes/T1c.nii.gz	5324933
utsw-glioma/BT0261/volumes/T2.nii.gz	5323113
utsw-glioma/BT0261/volumes/brain_mask.nii.gz	295842
utsw-glioma/BT0261/volumes/tumor_seg.nii.gz	187976
utsw-glioma/BT0262/preprocessing_metadata.json	1636
utsw-glioma/BT0262/volumes/FLAIR.nii.gz	5444171
utsw-glioma/BT0262/volumes/T1.nii.gz	5424423
utsw-glioma/BT0262/volumes/T1c.nii.gz	5443059
utsw-glioma/BT0262/volumes/T2.nii.gz	5436498
utsw-glioma/BT0262/volumes/brain_mask.nii.gz	300890
utsw-glioma/BT0262/volumes/tumor_seg.nii.gz	170791
utsw-glioma/BT0268/preprocessing_metadata.json	1635
utsw-glioma/BT0268/volumes/FLAIR.nii.gz	4560438
utsw-glioma/BT0268/volumes/T1.nii.gz	4569657
utsw-glioma/BT0268/volumes/T1c.nii.gz	4586136
utsw-glioma/BT0268/volumes/T2.nii.gz	4566311
utsw-glioma/BT0268/volumes/brain_mask.nii.gz	286710
utsw-glioma/BT0268/volumes/tumor_seg.nii.gz	164947
utsw-glioma/BT0269/preprocessing_metadata.json	1715
utsw-glioma/BT0269/volumes/FLAIR.nii.gz	5807815
utsw-glioma/BT0269/volumes/T1.nii.gz	5759081
utsw-glioma/BT0269/volumes/T1c.nii.gz	5782517
utsw-glioma/BT0269/volumes/T2.nii.gz	5729836
utsw-glioma/BT0269/volumes/brain_mask.nii.gz	305589
utsw-glioma/BT0269/volumes/tumor_seg.nii.gz	211913
utsw-glioma/BT0270/preprocessing_metadata.json	1705
utsw-glioma/BT0270/volumes/FLAIR.nii.gz	5646211
utsw-glioma/BT0270/volumes/T1.nii.gz	5617919
utsw-glioma/BT0270/volumes/T1c.nii.gz	5646989
utsw-glioma/BT0270/volumes/T2.nii.gz	5561505
utsw-glioma/BT0270/volumes/brain_mask.nii.gz	294164
utsw-glioma/BT0270/volumes/tumor_seg.nii.gz	190839
utsw-glioma/BT0273/preprocessing_metadata.json	1689
utsw-glioma/BT0273/volumes/FLAIR.nii.gz	5217143
utsw-glioma/BT0273/volumes/T1.nii.gz	5189587
utsw-glioma/BT0273/volumes/T1c.nii.gz	5200205
utsw-glioma/BT0273/volumes/T2.nii.gz	5206659
utsw-glioma/BT0273/volumes/brain_mask.nii.gz	294909
utsw-glioma/BT0273/volumes/tumor_seg.nii.gz	175963
utsw-glioma/BT0275/preprocessing_metadata.json	1708
utsw-glioma/BT0275/volumes/FLAIR.nii.gz	5456717
utsw-glioma/BT0275/volumes/T1.nii.gz	5431205
utsw-glioma/BT0275/volumes/T1c.nii.gz	5453632
utsw-glioma/BT0275/volumes/T2.nii.gz	5467056
utsw-glioma/BT0275/volumes/brain_mask.nii.gz	287397
utsw-glioma/BT0275/volumes/tumor_seg.nii.gz	183921
utsw-glioma/BT0276/preprocessing_metadata.json	1695
utsw-glioma/BT0276/volumes/FLAIR.nii.gz	6363199
utsw-glioma/BT0276/volumes/T1.nii.gz	6328451
utsw-glioma/BT0276/volumes/T1c.nii.gz	6325216
utsw-glioma/BT0276/volumes/T2.nii.gz	6322802
utsw-glioma/BT0276/volumes/brain_mask.nii.gz	321260
utsw-glioma/BT0276/volumes/tumor_seg.nii.gz	178996
utsw-glioma/BT0277/preprocessing_metadata.json	1720
utsw-glioma/BT0277/volumes/FLAIR.nii.gz	6171722
utsw-glioma/BT0277/volumes/T1.nii.gz	6137416
utsw-glioma/BT0277/volumes/T1c.nii.gz	6152905
utsw-glioma/BT0277/volumes/T2.nii.gz	6129580
utsw-glioma/BT0277/volumes/brain_mask.nii.gz	312325
utsw-glioma/BT0277/volumes/tumor_seg.nii.gz	209239
utsw-glioma/BT0280/preprocessing_metadata.json	1635
utsw-glioma/BT0280/volumes/FLAIR.nii.gz	5433665
utsw-glioma/BT0280/volumes/T1.nii.gz	5421810
utsw-glioma/BT0280/volumes/T1c.nii.gz	5431992
utsw-glioma/BT0280/volumes/T2.nii.gz	5442284
utsw-glioma/BT0280/volumes/brain_mask.nii.gz	288245
utsw-glioma/BT0280/volumes/tumor_seg.nii.gz	163467
utsw-glioma/BT0281/preprocessing_metadata.json	1720
utsw-glioma/BT0281/volumes/FLAIR.nii.gz	4704054
utsw-glioma/BT0281/volumes/T1.nii.gz	4673933
utsw-glioma/BT0281/volumes/T1c.nii.gz	4687051
utsw-glioma/BT0281/volumes/T2.nii.gz	4665152
utsw-glioma/BT0281/volumes/brain_mask.nii.gz	274830
utsw-glioma/BT0281/volumes/tumor_seg.nii.gz	207872
utsw-glioma/BT0282/preprocessing_metadata.json	1690
utsw-glioma/BT0282/volumes/FLAIR.nii.gz	5548319
utsw-glioma/BT0282/volumes/T1.nii.gz	5526171
utsw-glioma/BT0282/volumes/T1c.nii.gz	5538597
utsw-glioma/BT0282/volumes/T2.nii.gz	5546967
utsw-glioma/BT0282/volumes/brain_mask.nii.gz	292212
utsw-glioma/BT0282/volumes/tumor_seg.nii.gz	169367
utsw-glioma/BT0283/preprocessing_metadata.json	1712
utsw-glioma/BT0283/volumes/FLAIR.nii.gz	6555938
utsw-glioma/BT0283/volumes/T1.nii.gz	6530282
utsw-glioma/BT0283/volumes/T1c.nii.gz	6569907
utsw-glioma/BT0283/volumes/T2.nii.gz	6557540
utsw-glioma/BT0283/volumes/brain_mask.nii.gz	315231
utsw-glioma/BT0283/volumes/tumor_seg.nii.gz	173422
utsw-glioma/BT0285/preprocessing_metadata.json	1695
utsw-glioma/BT0285/volumes/FLAIR.nii.gz	5100709
utsw-glioma/BT0285/volumes/T1.nii.gz	5079544
utsw-glioma/BT0285/volumes/T1c.nii.gz	5107073
utsw-glioma/BT0285/volumes/T2.nii.gz	5096050
utsw-glioma/BT0285/volumes/brain_mask.nii.gz	286317
utsw-glioma/BT0285/volumes/tumor_seg.nii.gz	170380
utsw-glioma/BT0287/preprocessing_metadata.json	1707
utsw-glioma/BT0287/volumes/FLAIR.nii.gz	5137467
utsw-glioma/BT0287/volumes/T1.nii.gz	5144177
utsw-glioma/BT0287/volumes/T1c.nii.gz	5164589
utsw-glioma/BT0287/volumes/T2.nii.gz	5149383
utsw-glioma/BT0287/volumes/brain_mask.nii.gz	290710
utsw-glioma/BT0287/volumes/tumor_seg.nii.gz	176588
utsw-glioma/BT0288/preprocessing_metadata.json	1708
utsw-glioma/BT0288/volumes/FLAIR.nii.gz	5878238
utsw-glioma/BT0288/volumes/T1.nii.gz	5822901
utsw-glioma/BT0288/volumes/T1c.nii.gz	5855908
utsw-glioma/BT0288/volumes/T2.nii.gz	5840977
utsw-glioma/BT0288/volumes/brain_mask.nii.gz	308947
utsw-glioma/BT0288/volumes/tumor_seg.nii.gz	213644
utsw-glioma/BT0289/preprocessing_metadata.json	1705
utsw-glioma/BT0289/volumes/FLAIR.nii.gz	4704608
utsw-glioma/BT0289/volumes/T1.nii.gz	4677139
utsw-glioma/BT0289/volumes/T1c.nii.gz	4696457
utsw-glioma/BT0289/volumes/T2.nii.gz	4683043
utsw-glioma/BT0289/volumes/brain_mask.nii.gz	271952
utsw-glioma/BT0289/volumes/tumor_seg.nii.gz	165714
utsw-glioma/BT0291/preprocessing_metadata.json	1643
utsw-glioma/BT0291/volumes/FLAIR.nii.gz	5835692
utsw-glioma/BT0291/volumes/T1.nii.gz	5812214
utsw-glioma/BT0291/volumes/T1c.nii.gz	5838147
utsw-glioma/BT0291/volumes/T2.nii.gz	5833226
utsw-glioma/BT0291/volumes/brain_mask.nii.gz	299930
utsw-glioma/BT0291/volumes/tumor_seg.nii.gz	178594
utsw-glioma/BT0292/preprocessing_metadata.json	1715
utsw-glioma/BT0292/volumes/FLAIR.nii.gz	4815765
utsw-glioma/BT0292/volumes/T1.nii.gz	4785212
utsw-glioma/BT0292/volumes/T1c.nii.gz	4806867
utsw-glioma/BT0292/volumes/T2.nii.gz	4801034
utsw-glioma/BT0292/volumes/brain_mask.nii.gz	283490
utsw-glioma/BT0292/volumes/tumor_seg.nii.gz	203519
utsw-glioma/BT0294/preprocessing_metadata.json	1715
utsw-glioma/BT0294/volumes/FLAIR.nii.gz	6226100
utsw-glioma/BT0294/volumes/T1.nii.gz	6221282
utsw-glioma/BT0294/volumes/T1c.nii.gz	6251471
utsw-glioma/BT0294/volumes/T2.nii.gz	6212068
utsw-glioma/BT0294/volumes/brain_mask.nii.gz	315047
utsw-glioma/BT0294/volumes/tumor_seg.nii.gz	198080
utsw-glioma/BT0295/preprocessing_metadata.json	1691
utsw-glioma/BT0295/volumes/FLAIR.nii.gz	4402538
utsw-glioma/BT0295/volumes/T1.nii.gz	4384810
utsw-glioma/BT0295/volumes/T1c.nii.gz	4422300
utsw-glioma/BT0295/volumes/T2.nii.gz	4402203
utsw-glioma/BT0295/volumes/brain_mask.nii.gz	267938
utsw-glioma/BT0295/volumes/tumor_seg.nii.gz	160831
utsw-glioma/BT0296/preprocessing_metadata.json	1722
utsw-glioma/BT0296/volumes/FLAIR.nii.gz	5652752
utsw-glioma/BT0296/volumes/T1.nii.gz	5657235
utsw-glioma/BT0296/volumes/T1c.nii.gz	5665863
utsw-glioma/BT0296/volumes/T2.nii.gz	5650186
utsw-glioma/BT0296/volumes/brain_mask.nii.gz	300120
utsw-glioma/BT0296/volumes/tumor_seg.nii.gz	191777
utsw-glioma/BT0299/preprocessing_metadata.json	1726
utsw-glioma/BT0299/volumes/FLAIR.nii.gz	5929118
utsw-glioma/BT0299/volumes/T1.nii.gz	5891058
utsw-glioma/BT0299/volumes/T1c.nii.gz	5906001
utsw-glioma/BT0299/volumes/T2.nii.gz	5918564
utsw-glioma/BT0299/volumes/brain_mask.nii.gz	304237
utsw-glioma/BT0299/volumes/tumor_seg.nii.gz	183841
utsw-glioma/BT0300/preprocessing_metadata.json	1721
utsw-glioma/BT0300/volumes/FLAIR.nii.gz	5845873
utsw-glioma/BT0300/volumes/T1.nii.gz	5826662
utsw-glioma/BT0300/volumes/T1c.nii.gz	5866548
utsw-glioma/BT0300/volumes/T2.nii.gz	5867808
utsw-glioma/BT0300/volumes/brain_mask.nii.gz	307587
utsw-glioma/BT0300/volumes/tumor_seg.nii.gz	200196
utsw-glioma/BT0301/preprocessing_metadata.json	1692
utsw-glioma/BT0301/volumes/FLAIR.nii.gz	5353477
utsw-glioma/BT0301/volumes/T1.nii.gz	5348928
utsw-glioma/BT0301/volumes/T1c.nii.gz	5375700
utsw-glioma/BT0301/volumes/T2.nii.gz	5336536
utsw-glioma/BT0301/volumes/brain_mask.nii.gz	298818
utsw-glioma/BT0301/volumes/tumor_seg.nii.gz	200313
utsw-glioma/BT0305/preprocessing_metadata.json	1636
utsw-glioma/BT0305/volumes/FLAIR.nii.gz	5917205
utsw-glioma/BT0305/volumes/T1.nii.gz	5856923
utsw-glioma/BT0305/volumes/T1c.nii.gz	5883036
utsw-glioma/BT0305/volumes/T2.nii.gz	5873802
utsw-glioma/BT0305/volumes/brain_mask.nii.gz	308266
utsw-glioma/BT0305/volumes/tumor_seg.nii.gz	230185
utsw-glioma/BT0306/preprocessing_metadata.json	1706
utsw-glioma/BT0306/volumes/FLAIR.nii.gz	5369965
utsw-glioma/BT0306/volumes/T1.nii.gz	5348081
utsw-glioma/BT0306/volumes/T1c.nii.gz	5357812
utsw-glioma/BT0306/volumes/T2.nii.gz	5359590
utsw-glioma/BT0306/volumes/brain_mask.nii.gz	289242
utsw-glioma/BT0306/volumes/tumor_seg.nii.gz	171706
utsw-glioma/BT0307/preprocessing_metadata.json	1703
utsw-glioma/BT0307/volumes/FLAIR.nii.gz	5545412
utsw-glioma/BT0307/volumes/T1.nii.gz	5532831
utsw-glioma/BT0307/volumes/T1c.nii.gz	5528502
utsw-glioma/BT0307/volumes/T2.nii.gz	5517981
utsw-glioma/BT0307/volumes/brain_mask.nii.gz	296058
utsw-glioma/BT0307/volumes/tumor_seg.nii.gz	222717
utsw-glioma/BT0308/preprocessing_metadata.json	1702
utsw-glioma/BT0308/volumes/FLAIR.nii.gz	6587356
utsw-glioma/BT0308/volumes/T1.nii.gz	6532490
utsw-glioma/BT0308/volumes/T1c.nii.gz	6565147
utsw-glioma/BT0308/volumes/T2.nii.gz	6519401
utsw-glioma/BT0308/volumes/brain_mask.nii.gz	299720
utsw-glioma/BT0308/volumes/tumor_seg.nii.gz	220601
utsw-glioma/BT0310/preprocessing_metadata.json	1707
utsw-glioma/BT0310/volumes/FLAIR.nii.gz	4634956
utsw-glioma/BT0310/volumes/T1.nii.gz	4633119
utsw-glioma/BT0310/volumes/T1c.nii.gz	4658303
utsw-glioma/BT0310/volumes/T2.nii.gz	4648160
utsw-glioma/BT0310/volumes/brain_mask.nii.gz	276116
utsw-glioma/BT0310/volumes/tumor_seg.nii.gz	209588
utsw-glioma/BT0311/preprocessing_metadata.json	1708
utsw-glioma/BT0311/volumes/FLAIR.nii.gz	5036709
utsw-glioma/BT0311/volumes/T1.nii.gz	5002057
utsw-glioma/BT0311/volumes/T1c.nii.gz	5011212
utsw-glioma/BT0311/volumes/T2.nii.gz	4989949
utsw-glioma/BT0311/volumes/brain_mask.nii.gz	289975
utsw-glioma/BT0311/volumes/tumor_seg.nii.gz	197940
utsw-glioma/BT0312/preprocessing_metadata.json	1703
utsw-glioma/BT0312/volumes/FLAIR.nii.gz	5084133
utsw-glioma/BT0312/volumes/T1.nii.gz	5051525
utsw-glioma/BT0312/volumes/T1c.nii.gz	5061694
utsw-glioma/BT0312/volumes/T2.nii.gz	5063001
utsw-glioma/BT0312/volumes/brain_mask.nii.gz	287210
utsw-glioma/BT0312/volumes/tumor_seg.nii.gz	175827
utsw-glioma/BT0315/preprocessing_metadata.json	1712
utsw-glioma/BT0315/volumes/FLAIR.nii.gz	5976944
utsw-glioma/BT0315/volumes/T1.nii.gz	5938724
utsw-glioma/BT0315/volumes/T1c.nii.gz	5950099
utsw-glioma/BT0315/volumes/T2.nii.gz	5894155
utsw-glioma/BT0315/volumes/brain_mask.nii.gz	301570
utsw-glioma/BT0315/volumes/tumor_seg.nii.gz	219474
utsw-glioma/BT0318/preprocessing_metadata.json	1707
utsw-glioma/BT0318/volumes/FLAIR.nii.gz	4834466
utsw-glioma/BT0318/volumes/T1.nii.gz	4810718
utsw-glioma/BT0318/volumes/T1c.nii.gz	4812078
utsw-glioma/BT0318/volumes/T2.nii.gz	4806497
utsw-glioma/BT0318/volumes/brain_mask.nii.gz	279906
utsw-glioma/BT0318/volumes/tumor_seg.nii.gz	191860
utsw-glioma/BT0319/preprocessing_metadata.json	1703
utsw-glioma/BT0319/volumes/FLAIR.nii.gz	5712108
utsw-glioma/BT0319/volumes/T1.nii.gz	5682772
utsw-glioma/BT0319/volumes/T1c.nii.gz	5690920
utsw-glioma/BT0319/volumes/T2.nii.gz	5695544
utsw-glioma/BT0319/volumes/brain_mask.nii.gz	306377
utsw-glioma/BT0319/volumes/tumor_seg.nii.gz	177470
utsw-glioma/BT0320/preprocessing_metadata.json	1708
utsw-glioma/BT0320/volumes/FLAIR.nii.gz	5647924
utsw-glioma/BT0320/volumes/T1.nii.gz	5625729
utsw-glioma/BT0320/volumes/T1c.nii.gz	5615013
utsw-glioma/BT0320/volumes/T2.nii.gz	5622255
utsw-glioma/BT0320/volumes/brain_mask.nii.gz	311540
utsw-glioma/BT0320/volumes/tumor_seg.nii.gz	243309
utsw-glioma/BT0323/preprocessing_metadata.json	1688
utsw-glioma/BT0323/volumes/FLAIR.nii.gz	5444109
utsw-glioma/BT0323/volumes/T1.nii.gz	5429857
utsw-glioma/BT0323/volumes/T1c.nii.gz	5440857
utsw-glioma/BT0323/volumes/T2.nii.gz	5436832
utsw-glioma/BT0323/volumes/brain_mask.nii.gz	302474
utsw-glioma/BT0323/volumes/tumor_seg.nii.gz	176471
utsw-glioma/BT0324/preprocessing_metadata.json	1711
utsw-glioma/BT0324/volumes/FLAIR.nii.gz	5649587
utsw-glioma/BT0324/volumes/T1.nii.gz	5622897
utsw-glioma/BT0324/volumes/T1c.nii.gz	5637437
utsw-glioma/BT0324/volumes/T2.nii.gz	5627021
utsw-glioma/BT0324/volumes/brain_mask.nii.gz	285096
utsw-glioma/BT0324/volumes/tumor_seg.nii.gz	168132
utsw-glioma/BT0325/preprocessing_metadata.json	1712
utsw-glioma/BT0325/volumes/FLAIR.nii.gz	5285062
utsw-glioma/BT0325/volumes/T1.nii.gz	5264210
utsw-glioma/BT0325/volumes/T1c.nii.gz	5281432
utsw-glioma/BT0325/volumes/T2.nii.gz	5253800
utsw-glioma/BT0325/volumes/brain_mask.nii.gz	299254
utsw-glioma/BT0325/volumes/tumor_seg.nii.gz	202064
utsw-glioma/BT0327/preprocessing_metadata.json	1719
utsw-glioma/BT0327/volumes/FLAIR.nii.gz	6335170
utsw-glioma/BT0327/volumes/T1.nii.gz	6284746
utsw-glioma/BT0327/volumes/T1c.nii.gz	6291979
utsw-glioma/BT0327/volumes/T2.nii.gz	6314563
utsw-glioma/BT0327/volumes/brain_mask.nii.gz	316097
utsw-glioma/BT0327/volumes/tumor_seg.nii.gz	197536
utsw-glioma/BT0330/preprocessing_metadata.json	1628
utsw-glioma/BT0330/volumes/FLAIR.nii.gz	5119352
utsw-glioma/BT0330/volumes/T1.nii.gz	5125602
utsw-glioma/BT0330/volumes/T1c.nii.gz	5120267
utsw-glioma/BT0330/volumes/T2.nii.gz	5116774
utsw-glioma/BT0330/volumes/brain_mask.nii.gz	287812
utsw-glioma/BT0330/volumes/tumor_seg.nii.gz	160090
utsw-glioma/BT0333/preprocessing_metadata.json	1699
utsw-glioma/BT0333/volumes/FLAIR.nii.gz	5099091
utsw-glioma/BT0333/volumes/T1.nii.gz	5078505
utsw-glioma/BT0333/volumes/T1c.nii.gz	5086947
utsw-glioma/BT0333/volumes/T2.nii.gz	5083922
utsw-glioma/BT0333/volumes/brain_mask.nii.gz	290304
utsw-glioma/BT0333/volumes/tumor_seg.nii.gz	180495
utsw-glioma/BT0336/preprocessing_metadata.json	1708
utsw-glioma/BT0336/volumes/FLAIR.nii.gz	5624627
utsw-glioma/BT0336/volumes/T1.nii.gz	5597079
utsw-glioma/BT0336/volumes/T1c.nii.gz	5627035
utsw-glioma/BT0336/volumes/T2.nii.gz	5588562
utsw-glioma/BT0336/volumes/brain_mask.nii.gz	298569
utsw-glioma/BT0336/volumes/tumor_seg.nii.gz	169064
utsw-glioma/BT0338/preprocessing_metadata.json	1649
utsw-glioma/BT0338/volumes/FLAIR.nii.gz	5987679
utsw-glioma/BT0338/volumes/T1.nii.gz	5988202
utsw-glioma/BT0338/volumes/T1c.nii.gz	6007555
utsw-glioma/BT0338/volumes/T2.nii.gz	6003404
utsw-glioma/BT0338/volumes/brain_mask.nii.gz	308100
utsw-glioma/BT0338/volumes/tumor_seg.nii.gz	167697
utsw-glioma/BT0339/preprocessing_metadata.json	1713
utsw-glioma/BT0339/volumes/FLAIR.nii.gz	5663984
utsw-glioma/BT0339/volumes/T1.nii.gz	5623309
utsw-glioma/BT0339/volumes/T1c.nii.gz	5660385
utsw-glioma/BT0339/volumes/T2.nii.gz	5620314
utsw-glioma/BT0339/volumes/brain_mask.nii.gz	300398
utsw-glioma/BT0339/volumes/tumor_seg.nii.gz	204816
utsw-glioma/BT0342/preprocessing_metadata.json	1682
utsw-glioma/BT0342/volumes/FLAIR.nii.gz	5759354
utsw-glioma/BT0342/volumes/T1.nii.gz	5738493
utsw-glioma/BT0342/volumes/T1c.nii.gz	5742006
utsw-glioma/BT0342/volumes/T2.nii.gz	5743376
utsw-glioma/BT0342/volumes/brain_mask.nii.gz	307372
utsw-glioma/BT0342/volumes/tumor_seg.nii.gz	165525
utsw-glioma/BT0345/preprocessing_metadata.json	1713
utsw-glioma/BT0345/volumes/FLAIR.nii.gz	5224232
utsw-glioma/BT0345/volumes/T1.nii.gz	5208688
utsw-glioma/BT0345/volumes/T1c.nii.gz	5202109
utsw-glioma/BT0345/volumes/T2.nii.gz	5196910
utsw-glioma/BT0345/volumes/brain_mask.nii.gz	285418
utsw-glioma/BT0345/volumes/tumor_seg.nii.gz	183531
utsw-glioma/BT0347/preprocessing_metadata.json	1642
utsw-glioma/BT0347/volumes/FLAIR.nii.gz	6987538
utsw-glioma/BT0347/volumes/T1.nii.gz	6953033
utsw-glioma/BT0347/volumes/T1c.nii.gz	6979128
utsw-glioma/BT0347/volumes/T2.nii.gz	6979395
utsw-glioma/BT0347/volumes/brain_mask.nii.gz	323929
utsw-glioma/BT0347/volumes/tumor_seg.nii.gz	173030
utsw-glioma/BT0348/preprocessing_metadata.json	1729
utsw-glioma/BT0348/volumes/FLAIR.nii.gz	5829056
utsw-glioma/BT0348/volumes/T1.nii.gz	5784917
utsw-glioma/BT0348/volumes/T1c.nii.gz	5805155
utsw-glioma/BT0348/volumes/T2.nii.gz	5779416
utsw-glioma/BT0348/volumes/brain_mask.nii.gz	297941
utsw-glioma/BT0348/volumes/tumor_seg.nii.gz	255213
utsw-glioma/BT0351/preprocessing_metadata.json	1705
utsw-glioma/BT0351/volumes/FLAIR.nii.gz	6399374
utsw-glioma/BT0351/volumes/T1.nii.gz	6391606
utsw-glioma/BT0351/volumes/T1c.nii.gz	6396142
utsw-glioma/BT0351/volumes/T2.nii.gz	6403040
utsw-glioma/BT0351/volumes/brain_mask.nii.gz	315949
utsw-glioma/BT0351/volumes/tumor_seg.nii.gz	177743
utsw-glioma/BT0358/preprocessing_metadata.json	1717
utsw-glioma/BT0358/volumes/FLAIR.nii.gz	5090378
utsw-glioma/BT0358/volumes/T1.nii.gz	5083593
utsw-glioma/BT0358/volumes/T1c.nii.gz	5096970
utsw-glioma/BT0358/volumes/T2.nii.gz	5079288
utsw-glioma/BT0358/volumes/brain_mask.nii.gz	280166
utsw-glioma/BT0358/volumes/tumor_seg.nii.gz	185647
utsw-glioma/BT0359/preprocessing_metadata.json	1623
utsw-glioma/BT0359/volumes/FLAIR.nii.gz	5207817
utsw-glioma/BT0359/volumes/T1.nii.gz	5175705
utsw-glioma/BT0359/volumes/T1c.nii.gz	5199019
utsw-glioma/BT0359/volumes/T2.nii.gz	5214184
utsw-glioma/BT0359/volumes/brain_mask.nii.gz	285513
utsw-glioma/BT0359/volumes/tumor_seg.nii.gz	177654
utsw-glioma/BT0360/preprocessing_metadata.json	1706
utsw-glioma/BT0360/volumes/FLAIR.nii.gz	6270742
utsw-glioma/BT0360/volumes/T1.nii.gz	6242175
utsw-glioma/BT0360/volumes/T1c.nii.gz	6278233
utsw-glioma/BT0360/volumes/T2.nii.gz	6270706
utsw-glioma/BT0360/volumes/brain_mask.nii.gz	306714
utsw-glioma/BT0360/volumes/tumor_seg.nii.gz	187002
utsw-glioma/BT0361/preprocessing_metadata.json	1715
utsw-glioma/BT0361/volumes/FLAIR.nii.gz	5603161
utsw-glioma/BT0361/volumes/T1.nii.gz	5564802
utsw-glioma/BT0361/volumes/T1c.nii.gz	5597716
utsw-glioma/BT0361/volumes/T2.nii.gz	5581698
utsw-glioma/BT0361/volumes/brain_mask.nii.gz	301443
utsw-glioma/BT0361/volumes/tumor_seg.nii.gz	188076
utsw-glioma/BT0363/preprocessing_metadata.json	1718
utsw-glioma/BT0363/volumes/FLAIR.nii.gz	5380491
utsw-glioma/BT0363/volumes/T1.nii.gz	5396527
utsw-glioma/BT0363/volumes/T1c.nii.gz	5421116
utsw-glioma/BT0363/volumes/T2.nii.gz	5396824
utsw-glioma/BT0363/volumes/brain_mask.nii.gz	296275
utsw-glioma/BT0363/volumes/tumor_seg.nii.gz	178618
utsw-glioma/BT0364/preprocessing_metadata.json	1703
utsw-glioma/BT0364/volumes/FLAIR.nii.gz	5139964
utsw-glioma/BT0364/volumes/T1.nii.gz	5154119
utsw-glioma/BT0364/volumes/T1c.nii.gz	5171747
utsw-glioma/BT0364/volumes/T2.nii.gz	5158358
utsw-glioma/BT0364/volumes/brain_mask.nii.gz	293891
utsw-glioma/BT0364/volumes/tumor_seg.nii.gz	172924
utsw-glioma/BT0365/preprocessing_metadata.json	1719
utsw-glioma/BT0365/volumes/FLAIR.nii.gz	4196482
utsw-glioma/BT0365/volumes/T1.nii.gz	4177643
utsw-glioma/BT0365/volumes/T1c.nii.gz	4190895
utsw-glioma/BT0365/volumes/T2.nii.gz	4175258
utsw-glioma/BT0365/volumes/brain_mask.nii.gz	260000
utsw-glioma/BT0365/volumes/tumor_seg.nii.gz	167002
utsw-glioma/BT0367/preprocessing_metadata.json	1718
utsw-glioma/BT0367/volumes/FLAIR.nii.gz	5403068
utsw-glioma/BT0367/volumes/T1.nii.gz	5365677
utsw-glioma/BT0367/volumes/T1c.nii.gz	5352294
utsw-glioma/BT0367/volumes/T2.nii.gz	5374730
utsw-glioma/BT0367/volumes/brain_mask.nii.gz	299485
utsw-glioma/BT0367/volumes/tumor_seg.nii.gz	171711
utsw-glioma/BT0368/preprocessing_metadata.json	1632
utsw-glioma/BT0368/volumes/FLAIR.nii.gz	5480599
utsw-glioma/BT0368/volumes/T1.nii.gz	5509339
utsw-glioma/BT0368/volumes/T1c.nii.gz	5516510
utsw-glioma/BT0368/volumes/T2.nii.gz	5494941
utsw-glioma/BT0368/volumes/brain_mask.nii.gz	294246
utsw-glioma/BT0368/volumes/tumor_seg.nii.gz	186166
utsw-glioma/BT0373/preprocessing_metadata.json	1718
utsw-glioma/BT0373/volumes/FLAIR.nii.gz	5415540
utsw-glioma/BT0373/volumes/T1.nii.gz	5377814
utsw-glioma/BT0373/volumes/T1c.nii.gz	5400837
utsw-glioma/BT0373/volumes/T2.nii.gz	5381179
utsw-glioma/BT0373/volumes/brain_mask.nii.gz	297501
utsw-glioma/BT0373/volumes/tumor_seg.nii.gz	189373
utsw-glioma/BT0374/preprocessing_metadata.json	1719
utsw-glioma/BT0374/volumes/FLAIR.nii.gz	5737158
utsw-glioma/BT0374/volumes/T1.nii.gz	5697305
utsw-glioma/BT0374/volumes/T1c.nii.gz	5713487
utsw-glioma/BT0374/volumes/T2.nii.gz	5720638
utsw-glioma/BT0374/volumes/brain_mask.nii.gz	298393
utsw-glioma/BT0374/volumes/tumor_seg.nii.gz	176022
utsw-glioma/BT0376/preprocessing_metadata.json	1700
utsw-glioma/BT0376/volumes/FLAIR.nii.gz	5659660
utsw-glioma/BT0376/volumes/T1.nii.gz	5629807
utsw-glioma/BT0376/volumes/T1c.nii.gz	5650787
utsw-glioma/BT0376/volumes/T2.nii.gz	5625755
utsw-glioma/BT0376/volumes/brain_mask.nii.gz	292165
utsw-glioma/BT0376/volumes/tumor_seg.nii.gz	176986
utsw-glioma/BT0377/preprocessing_metadata.json	1719
utsw-glioma/BT0377/volumes/FLAIR.nii.gz	6473756
utsw-glioma/BT0377/volumes/T1.nii.gz	6441450
utsw-glioma/BT0377/volumes/T1c.nii.gz	6453418
utsw-glioma/BT0377/volumes/T2.nii.gz	6451158
utsw-glioma/BT0377/volumes/brain_mask.nii.gz	309685
utsw-glioma/BT0377/volumes/tumor_seg.nii.gz	185082
utsw-glioma/BT0378/preprocessing_metadata.json	1713
utsw-glioma/BT0378/volumes/FLAIR.nii.gz	6229907
utsw-glioma/BT0378/volumes/T1.nii.gz	6229366
utsw-glioma/BT0378/volumes/T1c.nii.gz	6255044
utsw-glioma/BT0378/volumes/T2.nii.gz	6207863
utsw-glioma/BT0378/volumes/brain_mask.nii.gz	313667
utsw-glioma/BT0378/volumes/tumor_seg.nii.gz	192812
utsw-glioma/BT0384/preprocessing_metadata.json	1707
utsw-glioma/BT0384/volumes/FLAIR.nii.gz	5030378
utsw-glioma/BT0384/volumes/T1.nii.gz	5010888
utsw-glioma/BT0384/volumes/T1c.nii.gz	5015325
utsw-glioma/BT0384/volumes/T2.nii.gz	5016783
utsw-glioma/BT0384/volumes/brain_mask.nii.gz	289361
utsw-glioma/BT0384/volumes/tumor_seg.nii.gz	167633
utsw-glioma/BT0385/preprocessing_metadata.json	1623
utsw-glioma/BT0385/volumes/FLAIR.nii.gz	5559285
utsw-glioma/BT0385/volumes/T1.nii.gz	5534318
utsw-glioma/BT0385/volumes/T1c.nii.gz	5533779
utsw-glioma/BT0385/volumes/T2.nii.gz	5548670
utsw-glioma/BT0385/volumes/brain_mask.nii.gz	301775
utsw-glioma/BT0385/volumes/tumor_seg.nii.gz	196489
utsw-glioma/BT0387/preprocessing_metadata.json	1727
utsw-glioma/BT0387/volumes/FLAIR.nii.gz	5798610
utsw-glioma/BT0387/volumes/T1.nii.gz	5774540
utsw-glioma/BT0387/volumes/T1c.nii.gz	5783912
utsw-glioma/BT0387/volumes/T2.nii.gz	5773334
utsw-glioma/BT0387/volumes/brain_mask.nii.gz	299208
utsw-glioma/BT0387/volumes/tumor_seg.nii.gz	222579
utsw-glioma/BT0394/preprocessing_metadata.json	1708
utsw-glioma/BT0394/volumes/FLAIR.nii.gz	5965363
utsw-glioma/BT0394/volumes/T1.nii.gz	5977939
utsw-glioma/BT0394/volumes/T1c.nii.gz	6023799
utsw-glioma/BT0394/volumes/T2.nii.gz	5961807
utsw-glioma/BT0394/volumes/brain_mask.nii.gz	299778
utsw-glioma/BT0394/volumes/tumor_seg.nii.gz	231941
utsw-glioma/BT0397/preprocessing_metadata.json	1688
utsw-glioma/BT0397/volumes/FLAIR.nii.gz	5483314
utsw-glioma/BT0397/volumes/T1.nii.gz	5469472
utsw-glioma/BT0397/volumes/T1c.nii.gz	5475942
utsw-glioma/BT0397/volumes/T2.nii.gz	5478331
utsw-glioma/BT0397/volumes/brain_mask.nii.gz	298410
utsw-glioma/BT0397/volumes/tumor_seg.nii.gz	167240
utsw-glioma/BT0398/preprocessing_metadata.json	1725
utsw-glioma/BT0398/volumes/FLAIR.nii.gz	6343150
utsw-glioma/BT0398/volumes/T1.nii.gz	6331880
utsw-glioma/BT0398/volumes/T1c.nii.gz	6368622
utsw-glioma/BT0398/volumes/T2.nii.gz	6330685
utsw-glioma/BT0398/volumes/brain_mask.nii.gz	307805
utsw-glioma/BT0398/volumes/tumor_seg.nii.gz	199979
utsw-glioma/BT0399/preprocessing_metadata.json	1719
utsw-glioma/BT0399/volumes/FLAIR.nii.gz	5004999
utsw-glioma/BT0399/volumes/T1.nii.gz	4957966
utsw-glioma/BT0399/volumes/T1c.nii.gz	4965055
utsw-glioma/BT0399/volumes/T2.nii.gz	4949651
utsw-glioma/BT0399/volumes/brain_mask.nii.gz	285569
utsw-glioma/BT0399/volumes/tumor_seg.nii.gz	231814
utsw-glioma/BT0400/preprocessing_metadata.json	1711
utsw-glioma/BT0400/volumes/FLAIR.nii.gz	5919383
utsw-glioma/BT0400/volumes/T1.nii.gz	5927796
utsw-glioma/BT0400/volumes/T1c.nii.gz	5944132
utsw-glioma/BT0400/volumes/T2.nii.gz	5923138
utsw-glioma/BT0400/volumes/brain_mask.nii.gz	308211
utsw-glioma/BT0400/volumes/tumor_seg.nii.gz	192598
utsw-glioma/BT0405/preprocessing_metadata.json	1718
utsw-glioma/BT0405/volumes/FLAIR.nii.gz	5200790
utsw-glioma/BT0405/volumes/T1.nii.gz	5204763
utsw-glioma/BT0405/volumes/T1c.nii.gz	5221913
utsw-glioma/BT0405/volumes/T2.nii.gz	5194010
utsw-glioma/BT0405/volumes/brain_mask.nii.gz	291408
utsw-glioma/BT0405/volumes/tumor_seg.nii.gz	185739
utsw-glioma/BT0406/preprocessing_metadata.json	1704
utsw-glioma/BT0406/volumes/FLAIR.nii.gz	5765038
utsw-glioma/BT0406/volumes/T1.nii.gz	5765158
utsw-glioma/BT0406/volumes/T1c.nii.gz	5773120
utsw-glioma/BT0406/volumes/T2.nii.gz	5755701
utsw-glioma/BT0406/volumes/brain_mask.nii.gz	297899
utsw-glioma/BT0406/volumes/tumor_seg.nii.gz	188791
utsw-glioma/BT0407/preprocessing_metadata.json	1715
utsw-glioma/BT0407/volumes/FLAIR.nii.gz	5098058
utsw-glioma/BT0407/volumes/T1.nii.gz	5060775
utsw-glioma/BT0407/volumes/T1c.nii.gz	5074043
utsw-glioma/BT0407/volumes/T2.nii.gz	5079110
utsw-glioma/BT0407/volumes/brain_mask.nii.gz	294201
utsw-glioma/BT0407/volumes/tumor_seg.nii.gz	212763
utsw-glioma/BT0408/preprocessing_metadata.json	1729
utsw-glioma/BT0408/volumes/FLAIR.nii.gz	6144921
utsw-glioma/BT0408/volumes/T1.nii.gz	6122515
utsw-glioma/BT0408/volumes/T1c.nii.gz	6157721
utsw-glioma/BT0408/volumes/T2.nii.gz	6083763
utsw-glioma/BT0408/volumes/brain_mask.nii.gz	307927
utsw-glioma/BT0408/volumes/tumor_seg.nii.gz	254657
utsw-glioma/BT0411/preprocessing_metadata.json	1710
utsw-glioma/BT0411/volumes/FLAIR.nii.gz	5502762
utsw-glioma/BT0411/volumes/T1.nii.gz	5476675
utsw-glioma/BT0411/volumes/T1c.nii.gz	5515483
utsw-glioma/BT0411/volumes/T2.nii.gz	5487863
utsw-glioma/BT0411/volumes/brain_mask.nii.gz	292162
utsw-glioma/BT0411/volumes/tumor_seg.nii.gz	194574
utsw-glioma/BT0412/preprocessing_metadata.json	1709
utsw-glioma/BT0412/volumes/FLAIR.nii.gz	6829095
utsw-glioma/BT0412/volumes/T1.nii.gz	6773144
utsw-glioma/BT0412/volumes/T1c.nii.gz	6795926
utsw-glioma/BT0412/volumes/T2.nii.gz	6759790
utsw-glioma/BT0412/volumes/brain_mask.nii.gz	315574
utsw-glioma/BT0412/volumes/tumor_seg.nii.gz	210550
utsw-glioma/BT0414/preprocessing_metadata.json	1648
utsw-glioma/BT0414/volumes/FLAIR.nii.gz	4699830
utsw-glioma/BT0414/volumes/T1.nii.gz	4666892
utsw-glioma/BT0414/volumes/T1c.nii.gz	4701872
utsw-glioma/BT0414/volumes/T2.nii.gz	4684356
utsw-glioma/BT0414/volumes/brain_mask.nii.gz	279770
utsw-glioma/BT0414/volumes/tumor_seg.nii.gz	182807
utsw-glioma/BT0416/preprocessing_metadata.json	1731
utsw-glioma/BT0416/volumes/FLAIR.nii.gz	6046822
utsw-glioma/BT0416/volumes/T1.nii.gz	6016480
utsw-glioma/BT0416/volumes/T1c.nii.gz	6032666
utsw-glioma/BT0416/volumes/T2.nii.gz	6048502
utsw-glioma/BT0416/volumes/brain_mask.nii.gz	303934
utsw-glioma/BT0416/volumes/tumor_seg.nii.gz	215962
utsw-glioma/BT0421/preprocessing_metadata.json	1705
utsw-glioma/BT0421/volumes/FLAIR.nii.gz	6385615
utsw-glioma/BT0421/volumes/T1.nii.gz	6370098
utsw-glioma/BT0421/volumes/T1c.nii.gz	6380626
utsw-glioma/BT0421/volumes/T2.nii.gz	6384508
utsw-glioma/BT0421/volumes/brain_mask.nii.gz	309848
utsw-glioma/BT0421/volumes/tumor_seg.nii.gz	170270
utsw-glioma/BT0422/preprocessing_metadata.json	1728
utsw-glioma/BT0422/volumes/FLAIR.nii.gz	5417421
utsw-glioma/BT0422/volumes/T1.nii.gz	5379722
utsw-glioma/BT0422/volumes/T1c.nii.gz	5395489
utsw-glioma/BT0422/volumes/T2.nii.gz	5371302
utsw-glioma/BT0422/volumes/brain_mask.nii.gz	285968
utsw-glioma/BT0422/volumes/tumor_seg.nii.gz	241912
utsw-glioma/BT0424/preprocessing_metadata.json	1717
utsw-glioma/BT0424/volumes/FLAIR.nii.gz	5203130
utsw-glioma/BT0424/volumes/T1.nii.gz	5201097
utsw-glioma/BT0424/volumes/T1c.nii.gz	5210784
utsw-glioma/BT0424/volumes/T2.nii.gz	5197399
utsw-glioma/BT0424/volumes/brain_mask.nii.gz	286025
utsw-glioma/BT0424/volumes/tumor_seg.nii.gz	181627
utsw-glioma/BT0425/preprocessing_metadata.json	1633
utsw-glioma/BT0425/volumes/FLAIR.nii.gz	6887054
utsw-glioma/BT0425/volumes/T1.nii.gz	6852468
utsw-glioma/BT0425/volumes/T1c.nii.gz	6882048
utsw-glioma/BT0425/volumes/T2.nii.gz	6823349
utsw-glioma/BT0425/volumes/brain_mask.nii.gz	325340
utsw-glioma/BT0425/volumes/tumor_seg.nii.gz	219770
utsw-glioma/BT0426/preprocessing_metadata.json	1725
utsw-glioma/BT0426/volumes/FLAIR.nii.gz	5119039
utsw-glioma/BT0426/volumes/T1.nii.gz	5119056
utsw-glioma/BT0426/volumes/T1c.nii.gz	5137902
utsw-glioma/BT0426/volumes/T2.nii.gz	5107561
utsw-glioma/BT0426/volumes/brain_mask.nii.gz	282861
utsw-glioma/BT0426/volumes/tumor_seg.nii.gz	216314
utsw-glioma/BT0427/preprocessing_metadata.json	1716
utsw-glioma/BT0427/volumes/FLAIR.nii.gz	5402965
utsw-glioma/BT0427/volumes/T1.nii.gz	5366072
utsw-glioma/BT0427/volumes/T1c.nii.gz	5389100
utsw-glioma/BT0427/volumes/T2.nii.gz	5377939
utsw-glioma/BT0427/volumes/brain_mask.nii.gz	283164
utsw-glioma/BT0427/volumes/tumor_seg.nii.gz	169699
utsw-glioma/BT0431/preprocessing_metadata.json	1642
utsw-glioma/BT0431/volumes/FLAIR.nii.gz	5632180
utsw-glioma/BT0431/volumes/T1.nii.gz	5597994
utsw-glioma/BT0431/volumes/T1c.nii.gz	5621927
utsw-glioma/BT0431/volumes/T2.nii.gz	5600596
utsw-glioma/BT0431/volumes/brain_mask.nii.gz	294847
utsw-glioma/BT0431/volumes/tumor_seg.nii.gz	178640
utsw-glioma/BT0432/preprocessing_metadata.json	1638
utsw-glioma/BT0432/volumes/FLAIR.nii.gz	6634024
utsw-glioma/BT0432/volumes/T1.nii.gz	6602076
utsw-glioma/BT0432/volumes/T1c.nii.gz	6615043
utsw-glioma/BT0432/volumes/T2.nii.gz	6628944
utsw-glioma/BT0432/volumes/brain_mask.nii.gz	321604
utsw-glioma/BT0432/volumes/tumor_seg.nii.gz	173459
utsw-glioma/BT0436/preprocessing_metadata.json	1712
utsw-glioma/BT0436/volumes/FLAIR.nii.gz	4824568
utsw-glioma/BT0436/volumes/T1.nii.gz	4797220
utsw-glioma/BT0436/volumes/T1c.nii.gz	4803476
utsw-glioma/BT0436/volumes/T2.nii.gz	4805956
utsw-glioma/BT0436/volumes/brain_mask.nii.gz	279047
utsw-glioma/BT0436/volumes/tumor_seg.nii.gz	191047
utsw-glioma/BT0438/preprocessing_metadata.json	1646
utsw-glioma/BT0438/volumes/FLAIR.nii.gz	5367482
utsw-glioma/BT0438/volumes/T1.nii.gz	5330209
utsw-glioma/BT0438/volumes/T1c.nii.gz	5340870
utsw-glioma/BT0438/volumes/T2.nii.gz	5318986
utsw-glioma/BT0438/volumes/brain_mask.nii.gz	293308
utsw-glioma/BT0438/volumes/tumor_seg.nii.gz	177778
utsw-glioma/BT0444/preprocessing_metadata.json	1644
utsw-glioma/BT0444/volumes/FLAIR.nii.gz	5358618
utsw-glioma/BT0444/volumes/T1.nii.gz	5311790
utsw-glioma/BT0444/volumes/T1c.nii.gz	5341389
utsw-glioma/BT0444/volumes/T2.nii.gz	5317522
utsw-glioma/BT0444/volumes/brain_mask.nii.gz	289073
utsw-glioma/BT0444/volumes/tumor_seg.nii.gz	213951
utsw-glioma/BT0448/preprocessing_metadata.json	1712
utsw-glioma/BT0448/volumes/FLAIR.nii.gz	5380335
utsw-glioma/BT0448/volumes/T1.nii.gz	5356955
utsw-glioma/BT0448/volumes/T1c.nii.gz	5386785
utsw-glioma/BT0448/volumes/T2.nii.gz	5334959
utsw-glioma/BT0448/volumes/brain_mask.nii.gz	290804
utsw-glioma/BT0448/volumes/tumor_seg.nii.gz	257624
utsw-glioma/BT0450/preprocessing_metadata.json	1726
utsw-glioma/BT0450/volumes/FLAIR.nii.gz	5675272
utsw-glioma/BT0450/volumes/T1.nii.gz	5635579
utsw-glioma/BT0450/volumes/T1c.nii.gz	5659541
utsw-glioma/BT0450/volumes/T2.nii.gz	5654299
utsw-glioma/BT0450/volumes/brain_mask.nii.gz	300399
utsw-glioma/BT0450/volumes/tumor_seg.nii.gz	212020
utsw-glioma/BT0452/preprocessing_metadata.json	1724
utsw-glioma/BT0452/volumes/FLAIR.nii.gz	5610376
utsw-glioma/BT0452/volumes/T1.nii.gz	5580456
utsw-glioma/BT0452/volumes/T1c.nii.gz	5618365
utsw-glioma/BT0452/volumes/T2.nii.gz	5558795
utsw-glioma/BT0452/volumes/brain_mask.nii.gz	300786
utsw-glioma/BT0452/volumes/tumor_seg.nii.gz	250465
utsw-glioma/BT0456/preprocessing_metadata.json	1724
utsw-glioma/BT0456/volumes/FLAIR.nii.gz	4451872
utsw-glioma/BT0456/volumes/T1.nii.gz	4460681
utsw-glioma/BT0456/volumes/T1c.nii.gz	4472443
utsw-glioma/BT0456/volumes/T2.nii.gz	4464786
utsw-glioma/BT0456/volumes/brain_mask.nii.gz	275397
utsw-glioma/BT0456/volumes/tumor_seg.nii.gz	173584
utsw-glioma/BT0460/preprocessing_metadata.json	1709
utsw-glioma/BT0460/volumes/FLAIR.nii.gz	5838601
utsw-glioma/BT0460/volumes/T1.nii.gz	5813138
utsw-glioma/BT0460/volumes/T1c.nii.gz	5830980
utsw-glioma/BT0460/volumes/T2.nii.gz	5823261
utsw-glioma/BT0460/volumes/brain_mask.nii.gz	311906
utsw-glioma/BT0460/volumes/tumor_seg.nii.gz	178685
utsw-glioma/BT0461/preprocessing_metadata.json	1729
utsw-glioma/BT0461/volumes/FLAIR.nii.gz	6304819
utsw-glioma/BT0461/volumes/T1.nii.gz	6241708
utsw-glioma/BT0461/volumes/T1c.nii.gz	6275353
utsw-glioma/BT0461/volumes/T2.nii.gz	6254619
utsw-glioma/BT0461/volumes/brain_mask.nii.gz	317479
utsw-glioma/BT0461/volumes/tumor_seg.nii.gz	247736
utsw-glioma/BT0462/preprocessing_metadata.json	1709
utsw-glioma/BT0462/volumes/FLAIR.nii.gz	6051779
utsw-glioma/BT0462/volumes/T1.nii.gz	6015960
utsw-glioma/BT0462/volumes/T1c.nii.gz	6065231
utsw-glioma/BT0462/volumes/T2.nii.gz	6025866
utsw-glioma/BT0462/volumes/brain_mask.nii.gz	309666
utsw-glioma/BT0462/volumes/tumor_seg.nii.gz	186187
utsw-glioma/BT0463/preprocessing_metadata.json	1691
utsw-glioma/BT0463/volumes/FLAIR.nii.gz	6431373
utsw-glioma/BT0463/volumes/T1.nii.gz	6383601
utsw-glioma/BT0463/volumes/T1c.nii.gz	6414483
utsw-glioma/BT0463/volumes/T2.nii.gz	6377583
utsw-glioma/BT0463/volumes/brain_mask.nii.gz	304826
utsw-glioma/BT0463/volumes/tumor_seg.nii.gz	185170
utsw-glioma/BT0465/preprocessing_metadata.json	1676
utsw-glioma/BT0465/volumes/FLAIR.nii.gz	5205612
utsw-glioma/BT0465/volumes/T1.nii.gz	5184027
utsw-glioma/BT0465/volumes/T1c.nii.gz	5195546
utsw-glioma/BT0465/volumes/T2.nii.gz	5186800
utsw-glioma/BT0465/volumes/brain_mask.nii.gz	287811
utsw-glioma/BT0465/volumes/tumor_seg.nii.gz	211074
utsw-glioma/BT0466/preprocessing_metadata.json	1643
utsw-glioma/BT0466/volumes/FLAIR.nii.gz	6852154
utsw-glioma/BT0466/volumes/T1.nii.gz	6775838
utsw-glioma/BT0466/volumes/T1c.nii.gz	6792762
utsw-glioma/BT0466/volumes/T2.nii.gz	6785521
utsw-glioma/BT0466/volumes/brain_mask.nii.gz	325400
utsw-glioma/BT0466/volumes/tumor_seg.nii.gz	209940
utsw-glioma/BT0468/preprocessing_metadata.json	1715
utsw-glioma/BT0468/volumes/FLAIR.nii.gz	6516188
utsw-glioma/BT0468/volumes/T1.nii.gz	6478722
utsw-glioma/BT0468/volumes/T1c.nii.gz	6484553
utsw-glioma/BT0468/volumes/T2.nii.gz	6472525
utsw-glioma/BT0468/volumes/brain_mask.nii.gz	318818
utsw-glioma/BT0468/volumes/tumor_seg.nii.gz	199472
utsw-glioma/BT0469/preprocessing_metadata.json	1626
utsw-glioma/BT0469/volumes/FLAIR.nii.gz	5652758
utsw-glioma/BT0469/volumes/T1.nii.gz	5628808
utsw-glioma/BT0469/volumes/T1c.nii.gz	5641223
utsw-glioma/BT0469/volumes/T2.nii.gz	5649038
utsw-glioma/BT0469/volumes/brain_mask.nii.gz	297844
utsw-glioma/BT0469/volumes/tumor_seg.nii.gz	191775
utsw-glioma/BT0472/preprocessing_metadata.json	1636
utsw-glioma/BT0472/volumes/FLAIR.nii.gz	6175446
utsw-glioma/BT0472/volumes/T1.nii.gz	6143738
utsw-glioma/BT0472/volumes/T1c.nii.gz	6168881
utsw-glioma/BT0472/volumes/T2.nii.gz	6169016
utsw-glioma/BT0472/volumes/brain_mask.nii.gz	307136
utsw-glioma/BT0472/volumes/tumor_seg.nii.gz	173942
utsw-glioma/BT0474/preprocessing_metadata.json	1724
utsw-glioma/BT0474/volumes/FLAIR.nii.gz	5574324
utsw-glioma/BT0474/volumes/T1.nii.gz	5504756
utsw-glioma/BT0474/volumes/T1c.nii.gz	5555487
utsw-glioma/BT0474/volumes/T2.nii.gz	5554181
utsw-glioma/BT0474/volumes/brain_mask.nii.gz	303789
utsw-glioma/BT0474/volumes/tumor_seg.nii.gz	208780
utsw-glioma/BT0476/preprocessing_metadata.json	1625
utsw-glioma/BT0476/volumes/FLAIR.nii.gz	6908035
utsw-glioma/BT0476/volumes/T1.nii.gz	6860408
utsw-glioma/BT0476/volumes/T1c.nii.gz	6889471
utsw-glioma/BT0476/volumes/T2.nii.gz	6862830
utsw-glioma/BT0476/volumes/brain_mask.nii.gz	317706
utsw-glioma/BT0476/volumes/tumor_seg.nii.gz	212127
utsw-glioma/BT0479/preprocessing_metadata.json	1632
utsw-glioma/BT0479/volumes/FLAIR.nii.gz	6057372
utsw-glioma/BT0479/volumes/T1.nii.gz	6022999
utsw-glioma/BT0479/volumes/T1c.nii.gz	6036855
utsw-glioma/BT0479/volumes/T2.nii.gz	6047297
utsw-glioma/BT0479/volumes/brain_mask.nii.gz	308316
utsw-glioma/BT0479/volumes/tumor_seg.nii.gz	176955
utsw-glioma/BT0482/preprocessing_metadata.json	1694
utsw-glioma/BT0482/volumes/FLAIR.nii.gz	5150400
utsw-glioma/BT0482/volumes/T1.nii.gz	5134409
utsw-glioma/BT0482/volumes/T1c.nii.gz	5156505
utsw-glioma/BT0482/volumes/T2.nii.gz	5147849
utsw-glioma/BT0482/volumes/brain_mask.nii.gz	288634
utsw-glioma/BT0482/volumes/tumor_seg.nii.gz	166572
utsw-glioma/BT0484/preprocessing_metadata.json	1627
utsw-glioma/BT0484/volumes/FLAIR.nii.gz	5920407
utsw-glioma/BT0484/volumes/T1.nii.gz	5913514
utsw-glioma/BT0484/volumes/T1c.nii.gz	5915451
utsw-glioma/BT0484/volumes/T2.nii.gz	5931440
utsw-glioma/BT0484/volumes/brain_mask.nii.gz	302001
utsw-glioma/BT0484/volumes/tumor_seg.nii.gz	184165
utsw-glioma/BT0486/preprocessing_metadata.json	1703
utsw-glioma/BT0486/volumes/FLAIR.nii.gz	6258915
utsw-glioma/BT0486/volumes/T1.nii.gz	6220847
utsw-glioma/BT0486/volumes/T1c.nii.gz	6220959
utsw-glioma/BT0486/volumes/T2.nii.gz	6214099
utsw-glioma/BT0486/volumes/brain_mask.nii.gz	313265
utsw-glioma/BT0486/volumes/tumor_seg.nii.gz	204175
utsw-glioma/BT0488/preprocessing_metadata.json	1719
utsw-glioma/BT0488/volumes/FLAIR.nii.gz	5632918
utsw-glioma/BT0488/volumes/T1.nii.gz	5605442
utsw-glioma/BT0488/volumes/T1c.nii.gz	5631344
utsw-glioma/BT0488/volumes/T2.nii.gz	5626123
utsw-glioma/BT0488/volumes/brain_mask.nii.gz	297420
utsw-glioma/BT0488/volumes/tumor_seg.nii.gz	173881
utsw-glioma/BT0489/preprocessing_metadata.json	1720
utsw-glioma/BT0489/volumes/FLAIR.nii.gz	5864028
utsw-glioma/BT0489/volumes/T1.nii.gz	5839782
utsw-glioma/BT0489/volumes/T1c.nii.gz	5872883
utsw-glioma/BT0489/volumes/T2.nii.gz	5808380
utsw-glioma/BT0489/volumes/brain_mask.nii.gz	309853
utsw-glioma/BT0489/volumes/tumor_seg.nii.gz	233012
utsw-glioma/BT0490/preprocessing_metadata.json	1712
utsw-glioma/BT0490/volumes/FLAIR.nii.gz	6123680
utsw-glioma/BT0490/volumes/T1.nii.gz	6091504
utsw-glioma/BT0490/volumes/T1c.nii.gz	6157921
utsw-glioma/BT0490/volumes/T2.nii.gz	6120695
utsw-glioma/BT0490/volumes/brain_mask.nii.gz	310616
utsw-glioma/BT0490/volumes/tumor_seg.nii.gz	176784
utsw-glioma/BT0491/preprocessing_metadata.json	1708
utsw-glioma/BT0491/volumes/FLAIR.nii.gz	5610208
utsw-glioma/BT0491/volumes/T1.nii.gz	5575423
utsw-glioma/BT0491/volumes/T1c.nii.gz	5603951
utsw-glioma/BT0491/volumes/T2.nii.gz	5590850
utsw-glioma/BT0491/volumes/brain_mask.nii.gz	301534
utsw-glioma/BT0491/volumes/tumor_seg.nii.gz	201529
utsw-glioma/BT0498/preprocessing_metadata.json	1708
utsw-glioma/BT0498/volumes/FLAIR.nii.gz	6254590
utsw-glioma/BT0498/volumes/T1.nii.gz	6240217
utsw-glioma/BT0498/volumes/T1c.nii.gz	6270451
utsw-glioma/BT0498/volumes/T2.nii.gz	6235591
utsw-glioma/BT0498/volumes/brain_mask.nii.gz	315746
utsw-glioma/BT0498/volumes/tumor_seg.nii.gz	191700
utsw-glioma/BT0501/preprocessing_metadata.json	1714
utsw-glioma/BT0501/volumes/FLAIR.nii.gz	5244151
utsw-glioma/BT0501/volumes/T1.nii.gz	5195870
utsw-glioma/BT0501/volumes/T1c.nii.gz	5197061
utsw-glioma/BT0501/volumes/T2.nii.gz	5250669
utsw-glioma/BT0501/volumes/brain_mask.nii.gz	287702
utsw-glioma/BT0501/volumes/tumor_seg.nii.gz	177740
utsw-glioma/BT0502/preprocessing_metadata.json	1639
utsw-glioma/BT0502/volumes/FLAIR.nii.gz	5093183
utsw-glioma/BT0502/volumes/T1.nii.gz	5087069
utsw-glioma/BT0502/volumes/T1c.nii.gz	5096063
utsw-glioma/BT0502/volumes/T2.nii.gz	5116446
utsw-glioma/BT0502/volumes/brain_mask.nii.gz	289768
utsw-glioma/BT0502/volumes/tumor_seg.nii.gz	286988
utsw-glioma/BT0507/preprocessing_metadata.json	1730
utsw-glioma/BT0507/volumes/FLAIR.nii.gz	5803429
utsw-glioma/BT0507/volumes/T1.nii.gz	5769501
utsw-glioma/BT0507/volumes/T1c.nii.gz	5801594
utsw-glioma/BT0507/volumes/T2.nii.gz	5774499
utsw-glioma/BT0507/volumes/brain_mask.nii.gz	281941
utsw-glioma/BT0507/volumes/tumor_seg.nii.gz	206190
utsw-glioma/BT0515/preprocessing_metadata.json	1634
utsw-glioma/BT0515/volumes/FLAIR.nii.gz	5907927
utsw-glioma/BT0515/volumes/T1.nii.gz	5873793
utsw-glioma/BT0515/volumes/T1c.nii.gz	5898465
utsw-glioma/BT0515/volumes/T2.nii.gz	5892885
utsw-glioma/BT0515/volumes/brain_mask.nii.gz	304879
utsw-glioma/BT0515/volumes/tumor_seg.nii.gz	162296
utsw-glioma/BT0521/preprocessing_metadata.json	1636
utsw-glioma/BT0521/volumes/FLAIR.nii.gz	4748535
utsw-glioma/BT0521/volumes/T1.nii.gz	4722014
utsw-glioma/BT0521/volumes/T1c.nii.gz	4725042
utsw-glioma/BT0521/volumes/T2.nii.gz	4711245
utsw-glioma/BT0521/volumes/brain_mask.nii.gz	276349
utsw-glioma/BT0521/volumes/tumor_seg.nii.gz	166234
utsw-glioma/BT0525/preprocessing_metadata.json	1647
utsw-glioma/BT0525/volumes/FLAIR.nii.gz	4342296
utsw-glioma/BT0525/volumes/T1.nii.gz	4307996
utsw-glioma/BT0525/volumes/T1c.nii.gz	4344762
utsw-glioma/BT0525/volumes/T2.nii.gz	4301693
utsw-glioma/BT0525/volumes/brain_mask.nii.gz	273660
utsw-glioma/BT0525/volumes/tumor_seg.nii.gz	223232
utsw-glioma/BT0533/preprocessing_metadata.json	1730
utsw-glioma/BT0533/volumes/FLAIR.nii.gz	6074475
utsw-glioma/BT0533/volumes/T1.nii.gz	6065231
utsw-glioma/BT0533/volumes/T1c.nii.gz	6065233
utsw-glioma/BT0533/volumes/T2.nii.gz	6025008
utsw-glioma/BT0533/volumes/brain_mask.nii.gz	306751
utsw-glioma/BT0533/volumes/tumor_seg.nii.gz	250620
utsw-glioma/BT0537/preprocessing_metadata.json	1636
utsw-glioma/BT0537/volumes/FLAIR.nii.gz	6563131
utsw-glioma/BT0537/volumes/T1.nii.gz	6521359
utsw-glioma/BT0537/volumes/T1c.nii.gz	6546425
utsw-glioma/BT0537/volumes/T2.nii.gz	6531727
utsw-glioma/BT0537/volumes/brain_mask.nii.gz	304864
utsw-glioma/BT0537/volumes/tumor_seg.nii.gz	160310
utsw-glioma/BT0540/preprocessing_metadata.json	1720
utsw-glioma/BT0540/volumes/FLAIR.nii.gz	5964944
utsw-glioma/BT0540/volumes/T1.nii.gz	5900627
utsw-glioma/BT0540/volumes/T1c.nii.gz	5943326
utsw-glioma/BT0540/volumes/T2.nii.gz	5883201
utsw-glioma/BT0540/volumes/brain_mask.nii.gz	302176
utsw-glioma/BT0540/volumes/tumor_seg.nii.gz	241643
utsw-glioma/BT0600/preprocessing_metadata.json	1687
utsw-glioma/BT0600/volumes/FLAIR.nii.gz	5750962
utsw-glioma/BT0600/volumes/T1.nii.gz	5713319
utsw-glioma/BT0600/volumes/T1c.nii.gz	5727754
utsw-glioma/BT0600/volumes/T2.nii.gz	5722532
utsw-glioma/BT0600/volumes/brain_mask.nii.gz	307520
utsw-glioma/BT0600/volumes/tumor_seg.nii.gz	169593
utsw-glioma/BT0602/preprocessing_metadata.json	1702
utsw-glioma/BT0602/volumes/FLAIR.nii.gz	5200029
utsw-glioma/BT0602/volumes/T1.nii.gz	5179620
utsw-glioma/BT0602/volumes/T1c.nii.gz	5200222
utsw-glioma/BT0602/volumes/T2.nii.gz	5170355
utsw-glioma/BT0602/volumes/brain_mask.nii.gz	277054
utsw-glioma/BT0602/volumes/tumor_seg.nii.gz	221038
utsw-glioma/BT0605/preprocessing_metadata.json	1719
utsw-glioma/BT0605/volumes/FLAIR.nii.gz	6056097
utsw-glioma/BT0605/volumes/T1.nii.gz	6030327
utsw-glioma/BT0605/volumes/T1c.nii.gz	6049889
utsw-glioma/BT0605/volumes/T2.nii.gz	6034642
utsw-glioma/BT0605/volumes/brain_mask.nii.gz	300639
utsw-glioma/BT0605/volumes/tumor_seg.nii.gz	199022
utsw-glioma/BT0606/preprocessing_metadata.json	1717
utsw-glioma/BT0606/volumes/FLAIR.nii.gz	5701596
utsw-glioma/BT0606/volumes/T1.nii.gz	5645516
utsw-glioma/BT0606/volumes/T1c.nii.gz	5681728
utsw-glioma/BT0606/volumes/T2.nii.gz	5655302
utsw-glioma/BT0606/volumes/brain_mask.nii.gz	301576
utsw-glioma/BT0606/volumes/tumor_seg.nii.gz	211585
utsw-glioma/BT0607/preprocessing_metadata.json	1719
utsw-glioma/BT0607/volumes/FLAIR.nii.gz	6101916
utsw-glioma/BT0607/volumes/T1.nii.gz	6059680
utsw-glioma/BT0607/volumes/T1c.nii.gz	6096324
utsw-glioma/BT0607/volumes/T2.nii.gz	6065625
utsw-glioma/BT0607/volumes/brain_mask.nii.gz	312113
utsw-glioma/BT0607/volumes/tumor_seg.nii.gz	207585
utsw-glioma/BT0610/preprocessing_metadata.json	1714
utsw-glioma/BT0610/volumes/FLAIR.nii.gz	4384399
utsw-glioma/BT0610/volumes/T1.nii.gz	4360961
utsw-glioma/BT0610/volumes/T1c.nii.gz	4363916
utsw-glioma/BT0610/volumes/T2.nii.gz	4380641
utsw-glioma/BT0610/volumes/brain_mask.nii.gz	266771
utsw-glioma/BT0610/volumes/tumor_seg.nii.gz	153953
utsw-glioma/BT0611/preprocessing_metadata.json	1630
utsw-glioma/BT0611/volumes/FLAIR.nii.gz	4200323
utsw-glioma/BT0611/volumes/T1.nii.gz	4172378
utsw-glioma/BT0611/volumes/T1c.nii.gz	4189860
utsw-glioma/BT0611/volumes/T2.nii.gz	4174371
utsw-glioma/BT0611/volumes/brain_mask.nii.gz	258899
utsw-glioma/BT0611/volumes/tumor_seg.nii.gz	197115
utsw-glioma/BT0612/preprocessing_metadata.json	1676
utsw-glioma/BT0612/volumes/FLAIR.nii.gz	4440773
utsw-glioma/BT0612/volumes/T1.nii.gz	4418623
utsw-glioma/BT0612/volumes/T1c.nii.gz	4421316
utsw-glioma/BT0612/volumes/T2.nii.gz	4431365
utsw-glioma/BT0612/volumes/brain_mask.nii.gz	272345
utsw-glioma/BT0612/volumes/tumor_seg.nii.gz	170263
utsw-glioma/BT0614/preprocessing_metadata.json	1703
utsw-glioma/BT0614/volumes/FLAIR.nii.gz	5563102
utsw-glioma/BT0614/volumes/T1.nii.gz	5541120
utsw-glioma/BT0614/volumes/T1c.nii.gz	5564055
utsw-glioma/BT0614/volumes/T2.nii.gz	5557883
utsw-glioma/BT0614/volumes/brain_mask.nii.gz	303573
utsw-glioma/BT0614/volumes/tumor_seg.nii.gz	201861
utsw-glioma/BT0616/preprocessing_metadata.json	1725
utsw-glioma/BT0616/volumes/FLAIR.nii.gz	5730022
utsw-glioma/BT0616/volumes/T1.nii.gz	5687463
utsw-glioma/BT0616/volumes/T1c.nii.gz	5701439
utsw-glioma/BT0616/volumes/T2.nii.gz	5682992
utsw-glioma/BT0616/volumes/brain_mask.nii.gz	292407
utsw-glioma/BT0616/volumes/tumor_seg.nii.gz	177024
utsw-glioma/BT0617/preprocessing_metadata.json	1729
utsw-glioma/BT0617/volumes/FLAIR.nii.gz	6453286
utsw-glioma/BT0617/volumes/T1.nii.gz	6455805
utsw-glioma/BT0617/volumes/T1c.nii.gz	6479716
utsw-glioma/BT0617/volumes/T2.nii.gz	6438062
utsw-glioma/BT0617/volumes/brain_mask.nii.gz	318231
utsw-glioma/BT0617/volumes/tumor_seg.nii.gz	265261
utsw-glioma/BT0618/preprocessing_metadata.json	1632
utsw-glioma/BT0618/volumes/FLAIR.nii.gz	5895075
utsw-glioma/BT0618/volumes/T1.nii.gz	5868401
utsw-glioma/BT0618/volumes/T1c.nii.gz	5905377
utsw-glioma/BT0618/volumes/T2.nii.gz	5858200
utsw-glioma/BT0618/volumes/brain_mask.nii.gz	303791
utsw-glioma/BT0618/volumes/tumor_seg.nii.gz	239535
utsw-glioma/BT0619/preprocessing_metadata.json	1716
utsw-glioma/BT0619/volumes/FLAIR.nii.gz	5241085
utsw-glioma/BT0619/volumes/T1.nii.gz	5221470
utsw-glioma/BT0619/volumes/T1c.nii.gz	5248972
utsw-glioma/BT0619/volumes/T2.nii.gz	5225141
utsw-glioma/BT0619/volumes/brain_mask.nii.gz	282991
utsw-glioma/BT0619/volumes/tumor_seg.nii.gz	219860
utsw-glioma/BT0621/preprocessing_metadata.json	1650
utsw-glioma/BT0621/volumes/FLAIR.nii.gz	6232146
utsw-glioma/BT0621/volumes/T1.nii.gz	6210457
utsw-glioma/BT0621/volumes/T1c.nii.gz	6217803
utsw-glioma/BT0621/volumes/T2.nii.gz	6181361
utsw-glioma/BT0621/volumes/brain_mask.nii.gz	307796
utsw-glioma/BT0621/volumes/tumor_seg.nii.gz	224341
utsw-glioma/BT0622/preprocessing_metadata.json	1705
utsw-glioma/BT0622/volumes/FLAIR.nii.gz	5110117
utsw-glioma/BT0622/volumes/T1.nii.gz	5082802
utsw-glioma/BT0622/volumes/T1c.nii.gz	5120292
utsw-glioma/BT0622/volumes/T2.nii.gz	5092148
utsw-glioma/BT0622/volumes/brain_mask.nii.gz	281305
utsw-glioma/BT0622/volumes/tumor_seg.nii.gz	171665
utsw-glioma/BT0623/preprocessing_metadata.json	1728
utsw-glioma/BT0623/volumes/FLAIR.nii.gz	5058686
utsw-glioma/BT0623/volumes/T1.nii.gz	5045066
utsw-glioma/BT0623/volumes/T1c.nii.gz	5076769
utsw-glioma/BT0623/volumes/T2.nii.gz	5002473
utsw-glioma/BT0623/volumes/brain_mask.nii.gz	277172
utsw-glioma/BT0623/volumes/tumor_seg.nii.gz	252637
utsw-glioma/BT0624/preprocessing_metadata.json	1719
utsw-glioma/BT0624/volumes/FLAIR.nii.gz	5894312
utsw-glioma/BT0624/volumes/T1.nii.gz	5825873
utsw-glioma/BT0624/volumes/T1c.nii.gz	5890039
utsw-glioma/BT0624/volumes/T2.nii.gz	5829221
utsw-glioma/BT0624/volumes/brain_mask.nii.gz	314972
utsw-glioma/BT0624/volumes/tumor_seg.nii.gz	239947
utsw-glioma/BT0625/preprocessing_metadata.json	1720
utsw-glioma/BT0625/volumes/FLAIR.nii.gz	5541149
utsw-glioma/BT0625/volumes/T1.nii.gz	5501236
utsw-glioma/BT0625/volumes/T1c.nii.gz	5538111
utsw-glioma/BT0625/volumes/T2.nii.gz	5478078
utsw-glioma/BT0625/volumes/brain_mask.nii.gz	291526
utsw-glioma/BT0625/volumes/tumor_seg.nii.gz	216760
utsw-glioma/BT0626/preprocessing_metadata.json	1724
utsw-glioma/BT0626/volumes/FLAIR.nii.gz	6217813
utsw-glioma/BT0626/volumes/T1.nii.gz	6183808
utsw-glioma/BT0626/volumes/T1c.nii.gz	6212546
utsw-glioma/BT0626/volumes/T2.nii.gz	6184024
utsw-glioma/BT0626/volumes/brain_mask.nii.gz	302591
utsw-glioma/BT0626/volumes/tumor_seg.nii.gz	205493
utsw-glioma/BT0629/preprocessing_metadata.json	1725
utsw-glioma/BT0629/volumes/FLAIR.nii.gz	5326696
utsw-glioma/BT0629/volumes/T1.nii.gz	5295020
utsw-glioma/BT0629/volumes/T1c.nii.gz	5311821
utsw-glioma/BT0629/volumes/T2.nii.gz	5286238
utsw-glioma/BT0629/volumes/brain_mask.nii.gz	294382
utsw-glioma/BT0629/volumes/tumor_seg.nii.gz	217871
utsw-glioma/BT0630/preprocessing_metadata.json	1718
utsw-glioma/BT0630/volumes/FLAIR.nii.gz	5416489
utsw-glioma/BT0630/volumes/T1.nii.gz	5410759
utsw-glioma/BT0630/volumes/T1c.nii.gz	5422571
utsw-glioma/BT0630/volumes/T2.nii.gz	5413542
utsw-glioma/BT0630/volumes/brain_mask.nii.gz	300639
utsw-glioma/BT0630/volumes/tumor_seg.nii.gz	189150
utsw-glioma/BT0631/preprocessing_metadata.json	1719
utsw-glioma/BT0631/volumes/FLAIR.nii.gz	4988713
utsw-glioma/BT0631/volumes/T1.nii.gz	4946396
utsw-glioma/BT0631/volumes/T1c.nii.gz	4969193
utsw-glioma/BT0631/volumes/T2.nii.gz	4949880
utsw-glioma/BT0631/volumes/brain_mask.nii.gz	273755
utsw-glioma/BT0631/volumes/tumor_seg.nii.gz	182448
utsw-glioma/BT0632/preprocessing_metadata.json	1699
utsw-glioma/BT0632/volumes/FLAIR.nii.gz	5581608
utsw-glioma/BT0632/volumes/T1.nii.gz	5492841
utsw-glioma/BT0632/volumes/T1c.nii.gz	5531701
utsw-glioma/BT0632/volumes/T2.nii.gz	5523745
utsw-glioma/BT0632/volumes/brain_mask.nii.gz	288204
utsw-glioma/BT0632/volumes/tumor_seg.nii.gz	212477
utsw-glioma/BT0633/preprocessing_metadata.json	1651
utsw-glioma/BT0633/volumes/FLAIR.nii.gz	4761774
utsw-glioma/BT0633/volumes/T1.nii.gz	4758704
utsw-glioma/BT0633/volumes/T1c.nii.gz	4777723
utsw-glioma/BT0633/volumes/T2.nii.gz	4771601
utsw-glioma/BT0633/volumes/brain_mask.nii.gz	281378
utsw-glioma/BT0633/volumes/tumor_seg.nii.gz	178137
utsw-glioma/BT0635/preprocessing_metadata.json	1711
utsw-glioma/BT0635/volumes/FLAIR.nii.gz	7407214
utsw-glioma/BT0635/volumes/T1.nii.gz	7353997
utsw-glioma/BT0635/volumes/T1c.nii.gz	7409757
utsw-glioma/BT0635/volumes/T2.nii.gz	7362828
utsw-glioma/BT0635/volumes/brain_mask.nii.gz	334292
utsw-glioma/BT0635/volumes/tumor_seg.nii.gz	182291
utsw-glioma/BT0636/preprocessing_metadata.json	1715
utsw-glioma/BT0636/volumes/FLAIR.nii.gz	5469281
utsw-glioma/BT0636/volumes/T1.nii.gz	5425459
utsw-glioma/BT0636/volumes/T1c.nii.gz	5443053
utsw-glioma/BT0636/volumes/T2.nii.gz	5407803
utsw-glioma/BT0636/volumes/brain_mask.nii.gz	296987
utsw-glioma/BT0636/volumes/tumor_seg.nii.gz	173202
utsw-glioma/BT0637/preprocessing_metadata.json	1704
utsw-glioma/BT0637/volumes/FLAIR.nii.gz	5953530
utsw-glioma/BT0637/volumes/T1.nii.gz	5955849
utsw-glioma/BT0637/volumes/T1c.nii.gz	5980736
utsw-glioma/BT0637/volumes/T2.nii.gz	5970424
utsw-glioma/BT0637/volumes/brain_mask.nii.gz	297440
utsw-glioma/BT0637/volumes/tumor_seg.nii.gz	183149
utsw-glioma/BT0638/preprocessing_metadata.json	1715
utsw-glioma/BT0638/volumes/FLAIR.nii.gz	5989233
utsw-glioma/BT0638/volumes/T1.nii.gz	5933089
utsw-glioma/BT0638/volumes/T1c.nii.gz	5963757
utsw-glioma/BT0638/volumes/T2.nii.gz	5918063
utsw-glioma/BT0638/volumes/brain_mask.nii.gz	303672
utsw-glioma/BT0638/volumes/tumor_seg.nii.gz	218985
utsw-glioma/BT0639/preprocessing_metadata.json	1649
utsw-glioma/BT0639/volumes/FLAIR.nii.gz	5044361
utsw-glioma/BT0639/volumes/T1.nii.gz	5051312
utsw-glioma/BT0639/volumes/T1c.nii.gz	5073381
utsw-glioma/BT0639/volumes/T2.nii.gz	5042949
utsw-glioma/BT0639/volumes/brain_mask.nii.gz	284451
utsw-glioma/BT0639/volumes/tumor_seg.nii.gz	164928
utsw-glioma/BT0642/preprocessing_metadata.json	1716
utsw-glioma/BT0642/volumes/FLAIR.nii.gz	5970493
utsw-glioma/BT0642/volumes/T1.nii.gz	5935502
utsw-glioma/BT0642/volumes/T1c.nii.gz	5956365
utsw-glioma/BT0642/volumes/T2.nii.gz	5924141
utsw-glioma/BT0642/volumes/brain_mask.nii.gz	312147
utsw-glioma/BT0642/volumes/tumor_seg.nii.gz	196997
utsw-glioma/BT0643/preprocessing_metadata.json	1713
utsw-glioma/BT0643/volumes/FLAIR.nii.gz	5713816
utsw-glioma/BT0643/volumes/T1.nii.gz	5676929
utsw-glioma/BT0643/volumes/T1c.nii.gz	5690818
utsw-glioma/BT0643/volumes/T2.nii.gz	5708514
utsw-glioma/BT0643/volumes/brain_mask.nii.gz	296656
utsw-glioma/BT0643/volumes/tumor_seg.nii.gz	172901
utsw-glioma/BT0645/preprocessing_metadata.json	1689
utsw-glioma/BT0645/volumes/FLAIR.nii.gz	6006561
utsw-glioma/BT0645/volumes/T1.nii.gz	5956722
utsw-glioma/BT0645/volumes/T1c.nii.gz	6008269
utsw-glioma/BT0645/volumes/T2.nii.gz	6003537
utsw-glioma/BT0645/volumes/brain_mask.nii.gz	304164
utsw-glioma/BT0645/volumes/tumor_seg.nii.gz	188295
utsw-glioma/BT0646/preprocessing_metadata.json	1702
utsw-glioma/BT0646/volumes/FLAIR.nii.gz	5469989
utsw-glioma/BT0646/volumes/T1.nii.gz	5465242
utsw-glioma/BT0646/volumes/T1c.nii.gz	5480433
utsw-glioma/BT0646/volumes/T2.nii.gz	5477405
utsw-glioma/BT0646/volumes/brain_mask.nii.gz	297893
utsw-glioma/BT0646/volumes/tumor_seg.nii.gz	165306
utsw-glioma/BT0647/preprocessing_metadata.json	1715
utsw-glioma/BT0647/volumes/FLAIR.nii.gz	5008140
utsw-glioma/BT0647/volumes/T1.nii.gz	4977958
utsw-glioma/BT0647/volumes/T1c.nii.gz	4992441
utsw-glioma/BT0647/volumes/T2.nii.gz	4998697
utsw-glioma/BT0647/volumes/brain_mask.nii.gz	285027
utsw-glioma/BT0647/volumes/tumor_seg.nii.gz	183057
utsw-glioma/BT0649/preprocessing_metadata.json	1726
utsw-glioma/BT0649/volumes/FLAIR.nii.gz	5040983
utsw-glioma/BT0649/volumes/T1.nii.gz	5013840
utsw-glioma/BT0649/volumes/T1c.nii.gz	5038316
utsw-glioma/BT0649/volumes/T2.nii.gz	5016338
utsw-glioma/BT0649/volumes/brain_mask.nii.gz	292813
utsw-glioma/BT0649/volumes/tumor_seg.nii.gz	244572
utsw-glioma/BT0652/preprocessing_metadata.json	1695
utsw-glioma/BT0652/volumes/FLAIR.nii.gz	5541418
utsw-glioma/BT0652/volumes/T1.nii.gz	5511496
utsw-glioma/BT0652/volumes/T1c.nii.gz	5524627
utsw-glioma/BT0652/volumes/T2.nii.gz	5496334
utsw-glioma/BT0652/volumes/brain_mask.nii.gz	290630
utsw-glioma/BT0652/volumes/tumor_seg.nii.gz	169970
utsw-glioma/BT0653/preprocessing_metadata.json	1705
utsw-glioma/BT0653/volumes/FLAIR.nii.gz	5884109
utsw-glioma/BT0653/volumes/T1.nii.gz	5862562
utsw-glioma/BT0653/volumes/T1c.nii.gz	5881747
utsw-glioma/BT0653/volumes/T2.nii.gz	5852712
utsw-glioma/BT0653/volumes/brain_mask.nii.gz	308592
utsw-glioma/BT0653/volumes/tumor_seg.nii.gz	195836
utsw-glioma/BT0655/preprocessing_metadata.json	1726
utsw-glioma/BT0655/volumes/FLAIR.nii.gz	4666166
utsw-glioma/BT0655/volumes/T1.nii.gz	4665780
utsw-glioma/BT0655/volumes/T1c.nii.gz	4686266
utsw-glioma/BT0655/volumes/T2.nii.gz	4640341
utsw-glioma/BT0655/volumes/brain_mask.nii.gz	269130
utsw-glioma/BT0655/volumes/tumor_seg.nii.gz	241407
utsw-glioma/BT0656/preprocessing_metadata.json	1722
utsw-glioma/BT0656/volumes/FLAIR.nii.gz	4421382
utsw-glioma/BT0656/volumes/T1.nii.gz	4393574
utsw-glioma/BT0656/volumes/T1c.nii.gz	4409517
utsw-glioma/BT0656/volumes/T2.nii.gz	4386361
utsw-glioma/BT0656/volumes/brain_mask.nii.gz	267746
utsw-glioma/BT0656/volumes/tumor_seg.nii.gz	198756
utsw-glioma/BT0657/preprocessing_metadata.json	1722
utsw-glioma/BT0657/volumes/FLAIR.nii.gz	5820698
utsw-glioma/BT0657/volumes/T1.nii.gz	5823255
utsw-glioma/BT0657/volumes/T1c.nii.gz	5857702
utsw-glioma/BT0657/volumes/T2.nii.gz	5826533
utsw-glioma/BT0657/volumes/brain_mask.nii.gz	309638
utsw-glioma/BT0657/volumes/tumor_seg.nii.gz	183265
utsw-glioma/BT0660/preprocessing_metadata.json	1700
utsw-glioma/BT0660/volumes/FLAIR.nii.gz	4475550
utsw-glioma/BT0660/volumes/T1.nii.gz	4449674
utsw-glioma/BT0660/volumes/T1c.nii.gz	4478978
utsw-glioma/BT0660/volumes/T2.nii.gz	4475811
utsw-glioma/BT0660/volumes/brain_mask.nii.gz	268468
utsw-glioma/BT0660/volumes/tumor_seg.nii.gz	166468
utsw-glioma/BT0661/preprocessing_metadata.json	1720
utsw-glioma/BT0661/volumes/FLAIR.nii.gz	5759732
utsw-glioma/BT0661/volumes/T1.nii.gz	5736108
utsw-glioma/BT0661/volumes/T1c.nii.gz	5787048
utsw-glioma/BT0661/volumes/T2.nii.gz	5755254
utsw-glioma/BT0661/volumes/brain_mask.nii.gz	299139
utsw-glioma/BT0661/volumes/tumor_seg.nii.gz	177322
utsw-glioma/BT0663/preprocessing_metadata.json	1713
utsw-glioma/BT0663/volumes/FLAIR.nii.gz	6029433
utsw-glioma/BT0663/volumes/T1.nii.gz	6004831
utsw-glioma/BT0663/volumes/T1c.nii.gz	6037293
utsw-glioma/BT0663/volumes/T2.nii.gz	6015539
utsw-glioma/BT0663/volumes/brain_mask.nii.gz	315036
utsw-glioma/BT0663/volumes/tumor_seg.nii.gz	235595
utsw-glioma/BT0667/preprocessing_metadata.json	1629
utsw-glioma/BT0667/volumes/FLAIR.nii.gz	4543441
utsw-glioma/BT0667/volumes/T1.nii.gz	4517551
utsw-glioma/BT0667/volumes/T1c.nii.gz	4528331
utsw-glioma/BT0667/volumes/T2.nii.gz	4499963
utsw-glioma/BT0667/volumes/brain_mask.nii.gz	270362
utsw-glioma/BT0667/volumes/tumor_seg.nii.gz	188221
utsw-glioma/BT0669/preprocessing_metadata.json	1714
utsw-glioma/BT0669/volumes/FLAIR.nii.gz	5103995
utsw-glioma/BT0669/volumes/T1.nii.gz	5084713
utsw-glioma/BT0669/volumes/T1c.nii.gz	5108225
utsw-glioma/BT0669/volumes/T2.nii.gz	5087569
utsw-glioma/BT0669/volumes/brain_mask.nii.gz	282535
utsw-glioma/BT0669/volumes/tumor_seg.nii.gz	194623
utsw-glioma/BT0670/preprocessing_metadata.json	1712
utsw-glioma/BT0670/volumes/FLAIR.nii.gz	5296109
utsw-glioma/BT0670/volumes/T1.nii.gz	5275586
utsw-glioma/BT0670/volumes/T1c.nii.gz	5292990
utsw-glioma/BT0670/volumes/T2.nii.gz	5297661
utsw-glioma/BT0670/volumes/brain_mask.nii.gz	295644
utsw-glioma/BT0670/volumes/tumor_seg.nii.gz	196046
utsw-glioma/BT0671/preprocessing_metadata.json	1717
utsw-glioma/BT0671/volumes/FLAIR.nii.gz	5665022
utsw-glioma/BT0671/volumes/T1.nii.gz	5629515
utsw-glioma/BT0671/volumes/T1c.nii.gz	5641319
utsw-glioma/BT0671/volumes/T2.nii.gz	5616866
utsw-glioma/BT0671/volumes/brain_mask.nii.gz	295201
utsw-glioma/BT0671/volumes/tumor_seg.nii.gz	193757
utsw-glioma/BT0672/preprocessing_metadata.json	1723
utsw-glioma/BT0672/volumes/FLAIR.nii.gz	6093513
utsw-glioma/BT0672/volumes/T1.nii.gz	6058637
utsw-glioma/BT0672/volumes/T1c.nii.gz	6092702
utsw-glioma/BT0672/volumes/T2.nii.gz	6037830
utsw-glioma/BT0672/volumes/brain_mask.nii.gz	307386
utsw-glioma/BT0672/volumes/tumor_seg.nii.gz	211912
utsw-glioma/BT0675/preprocessing_metadata.json	1717
utsw-glioma/BT0675/volumes/FLAIR.nii.gz	5686761
utsw-glioma/BT0675/volumes/T1.nii.gz	5680884
utsw-glioma/BT0675/volumes/T1c.nii.gz	5684838
utsw-glioma/BT0675/volumes/T2.nii.gz	5691155
utsw-glioma/BT0675/volumes/brain_mask.nii.gz	308618
utsw-glioma/BT0675/volumes/tumor_seg.nii.gz	183391
utsw-glioma/BT0676/preprocessing_metadata.json	1644
utsw-glioma/BT0676/volumes/FLAIR.nii.gz	5412353
utsw-glioma/BT0676/volumes/T1.nii.gz	5427087
utsw-glioma/BT0676/volumes/T1c.nii.gz	5456870
utsw-glioma/BT0676/volumes/T2.nii.gz	5428733
utsw-glioma/BT0676/volumes/brain_mask.nii.gz	289902
utsw-glioma/BT0676/volumes/tumor_seg.nii.gz	167412
utsw-glioma/BT0678/preprocessing_metadata.json	1721
utsw-glioma/BT0678/volumes/FLAIR.nii.gz	5676791
utsw-glioma/BT0678/volumes/T1.nii.gz	5660193
utsw-glioma/BT0678/volumes/T1c.nii.gz	5683418
utsw-glioma/BT0678/volumes/T2.nii.gz	5686530
utsw-glioma/BT0678/volumes/brain_mask.nii.gz	292062
utsw-glioma/BT0678/volumes/tumor_seg.nii.gz	178163
utsw-glioma/BT0679/preprocessing_metadata.json	1711
utsw-glioma/BT0679/volumes/FLAIR.nii.gz	6239887
utsw-glioma/BT0679/volumes/T1.nii.gz	6226388
utsw-glioma/BT0679/volumes/T1c.nii.gz	6258466
utsw-glioma/BT0679/volumes/T2.nii.gz	6247773
utsw-glioma/BT0679/volumes/brain_mask.nii.gz	305485
utsw-glioma/BT0679/volumes/tumor_seg.nii.gz	179700
utsw-glioma/BT0680/preprocessing_metadata.json	1707
utsw-glioma/BT0680/volumes/FLAIR.nii.gz	5879888
utsw-glioma/BT0680/volumes/T1.nii.gz	5868742
utsw-glioma/BT0680/volumes/T1c.nii.gz	5877625
utsw-glioma/BT0680/volumes/T2.nii.gz	5862489
utsw-glioma/BT0680/volumes/brain_mask.nii.gz	308806
utsw-glioma/BT0680/volumes/tumor_seg.nii.gz	185173
utsw-glioma/BT0681/preprocessing_metadata.json	1692
utsw-glioma/BT0681/volumes/FLAIR.nii.gz	5357888
utsw-glioma/BT0681/volumes/T1.nii.gz	5339828
utsw-glioma/BT0681/volumes/T1c.nii.gz	5345022
utsw-glioma/BT0681/volumes/T2.nii.gz	5337208
utsw-glioma/BT0681/volumes/brain_mask.nii.gz	287532
utsw-glioma/BT0681/volumes/tumor_seg.nii.gz	164996
utsw-glioma/BT0686/preprocessing_metadata.json	1720
utsw-glioma/BT0686/volumes/FLAIR.nii.gz	6417015
utsw-glioma/BT0686/volumes/T1.nii.gz	6367534
utsw-glioma/BT0686/volumes/T1c.nii.gz	6389061
utsw-glioma/BT0686/volumes/T2.nii.gz	6390225
utsw-glioma/BT0686/volumes/brain_mask.nii.gz	315065
utsw-glioma/BT0686/volumes/tumor_seg.nii.gz	214377
utsw-glioma/BT0687/preprocessing_metadata.json	1712
utsw-glioma/BT0687/volumes/FLAIR.nii.gz	4483764
utsw-glioma/BT0687/volumes/T1.nii.gz	4488280
utsw-glioma/BT0687/volumes/T1c.nii.gz	4503369
utsw-glioma/BT0687/volumes/T2.nii.gz	4469450
utsw-glioma/BT0687/volumes/brain_mask.nii.gz	274620
utsw-glioma/BT0687/volumes/tumor_seg.nii.gz	200152
utsw-glioma/BT0688/preprocessing_metadata.json	1723
utsw-glioma/BT0688/volumes/FLAIR.nii.gz	6356189
utsw-glioma/BT0688/volumes/T1.nii.gz	6333844
utsw-glioma/BT0688/volumes/T1c.nii.gz	6362131
utsw-glioma/BT0688/volumes/T2.nii.gz	6290057
utsw-glioma/BT0688/volumes/brain_mask.nii.gz	306437
utsw-glioma/BT0688/volumes/tumor_seg.nii.gz	230896
utsw-glioma/BT0690/preprocessing_metadata.json	1706
utsw-glioma/BT0690/volumes/FLAIR.nii.gz	5564027
utsw-glioma/BT0690/volumes/T1.nii.gz	5563179
utsw-glioma/BT0690/volumes/T1c.nii.gz	5596668
utsw-glioma/BT0690/volumes/T2.nii.gz	5563966
utsw-glioma/BT0690/volumes/brain_mask.nii.gz	296912
utsw-glioma/BT0690/volumes/tumor_seg.nii.gz	181332
utsw-glioma/BT0692/preprocessing_metadata.json	1647
utsw-glioma/BT0692/volumes/FLAIR.nii.gz	5024161
utsw-glioma/BT0692/volumes/T1.nii.gz	4988868
utsw-glioma/BT0692/volumes/T1c.nii.gz	5029494
utsw-glioma/BT0692/volumes/T2.nii.gz	5006753
utsw-glioma/BT0692/volumes/brain_mask.nii.gz	289025
utsw-glioma/BT0692/volumes/tumor_seg.nii.gz	198518
utsw-glioma/BT0694/preprocessing_metadata.json	1690
utsw-glioma/BT0694/volumes/FLAIR.nii.gz	5502755
utsw-glioma/BT0694/volumes/T1.nii.gz	5468229
utsw-glioma/BT0694/volumes/T1c.nii.gz	5470785
utsw-glioma/BT0694/volumes/T2.nii.gz	5465464
utsw-glioma/BT0694/volumes/brain_mask.nii.gz	300243
utsw-glioma/BT0694/volumes/tumor_seg.nii.gz	174753
utsw-glioma/BT0695/preprocessing_metadata.json	1705
utsw-glioma/BT0695/volumes/FLAIR.nii.gz	5222398
utsw-glioma/BT0695/volumes/T1.nii.gz	5195430
utsw-glioma/BT0695/volumes/T1c.nii.gz	5198907
utsw-glioma/BT0695/volumes/T2.nii.gz	5209198
utsw-glioma/BT0695/volumes/brain_mask.nii.gz	293227
utsw-glioma/BT0695/volumes/tumor_seg.nii.gz	185821
utsw-glioma/BT0697/preprocessing_metadata.json	1650
utsw-glioma/BT0697/volumes/FLAIR.nii.gz	5955179
utsw-glioma/BT0697/volumes/T1.nii.gz	5939854
utsw-glioma/BT0697/volumes/T1c.nii.gz	5954922
utsw-glioma/BT0697/volumes/T2.nii.gz	5947160
utsw-glioma/BT0697/volumes/brain_mask.nii.gz	306393
utsw-glioma/BT0697/volumes/tumor_seg.nii.gz	228776
utsw-glioma/BT0700/preprocessing_metadata.json	1625
utsw-glioma/BT0700/volumes/FLAIR.nii.gz	5731472
utsw-glioma/BT0700/volumes/T1.nii.gz	5702301
utsw-glioma/BT0700/volumes/T1c.nii.gz	5731447
utsw-glioma/BT0700/volumes/T2.nii.gz	5711457
utsw-glioma/BT0700/volumes/brain_mask.nii.gz	303871
utsw-glioma/BT0700/volumes/tumor_seg.nii.gz	203914
utsw-glioma/BT0704/preprocessing_metadata.json	1711
utsw-glioma/BT0704/volumes/FLAIR.nii.gz	4548722
utsw-glioma/BT0704/volumes/T1.nii.gz	4518751
utsw-glioma/BT0704/volumes/T1c.nii.gz	4551393
utsw-glioma/BT0704/volumes/T2.nii.gz	4513881
utsw-glioma/BT0704/volumes/brain_mask.nii.gz	265898
utsw-glioma/BT0704/volumes/tumor_seg.nii.gz	185236
utsw-glioma/BT0707/preprocessing_metadata.json	1728
utsw-glioma/BT0707/volumes/FLAIR.nii.gz	4829181
utsw-glioma/BT0707/volumes/T1.nii.gz	4816987
utsw-glioma/BT0707/volumes/T1c.nii.gz	4835883
utsw-glioma/BT0707/volumes/T2.nii.gz	4819404
utsw-glioma/BT0707/volumes/brain_mask.nii.gz	277038
utsw-glioma/BT0707/volumes/tumor_seg.nii.gz	175577
utsw-glioma/BT0709/preprocessing_metadata.json	1707
utsw-glioma/BT0709/volumes/FLAIR.nii.gz	5216842
utsw-glioma/BT0709/volumes/T1.nii.gz	5188103
utsw-glioma/BT0709/volumes/T1c.nii.gz	5175529
utsw-glioma/BT0709/volumes/T2.nii.gz	5188930
utsw-glioma/BT0709/volumes/brain_mask.nii.gz	292538
utsw-glioma/BT0709/volumes/tumor_seg.nii.gz	168947
utsw-glioma/BT0712/preprocessing_metadata.json	1698
utsw-glioma/BT0712/volumes/FLAIR.nii.gz	3723521
utsw-glioma/BT0712/volumes/T1.nii.gz	3714899
utsw-glioma/BT0712/volumes/T1c.nii.gz	3719974
utsw-glioma/BT0712/volumes/T2.nii.gz	3713351
utsw-glioma/BT0712/volumes/brain_mask.nii.gz	256081
utsw-glioma/BT0712/volumes/tumor_seg.nii.gz	155979
utsw-glioma/BT0713/preprocessing_metadata.json	1708
utsw-glioma/BT0713/volumes/FLAIR.nii.gz	5994519
utsw-glioma/BT0713/volumes/T1.nii.gz	5965179
utsw-glioma/BT0713/volumes/T1c.nii.gz	5964929
utsw-glioma/BT0713/volumes/T2.nii.gz	5962593
utsw-glioma/BT0713/volumes/brain_mask.nii.gz	307184
utsw-glioma/BT0713/volumes/tumor_seg.nii.gz	189806
utsw-glioma/BT0716/preprocessing_metadata.json	1701
utsw-glioma/BT0716/volumes/FLAIR.nii.gz	5527983
utsw-glioma/BT0716/volumes/T1.nii.gz	5509691
utsw-glioma/BT0716/volumes/T1c.nii.gz	5525391
utsw-glioma/BT0716/volumes/T2.nii.gz	5505994
utsw-glioma/BT0716/volumes/brain_mask.nii.gz	300586
utsw-glioma/BT0716/volumes/tumor_seg.nii.gz	171703
utsw-glioma/BT0717/preprocessing_metadata.json	1627
utsw-glioma/BT0717/volumes/FLAIR.nii.gz	4836720
utsw-glioma/BT0717/volumes/T1.nii.gz	4845165
utsw-glioma/BT0717/volumes/T1c.nii.gz	4835159
utsw-glioma/BT0717/volumes/T2.nii.gz	4851677
utsw-glioma/BT0717/volumes/brain_mask.nii.gz	298772
utsw-glioma/BT0717/volumes/tumor_seg.nii.gz	188513
utsw-glioma/BT0719/preprocessing_metadata.json	1720
utsw-glioma/BT0719/volumes/FLAIR.nii.gz	6661108
utsw-glioma/BT0719/volumes/T1.nii.gz	6648075
utsw-glioma/BT0719/volumes/T1c.nii.gz	6680208
utsw-glioma/BT0719/volumes/T2.nii.gz	6619457
utsw-glioma/BT0719/volumes/brain_mask.nii.gz	325943
utsw-glioma/BT0719/volumes/tumor_seg.nii.gz	257179
utsw-glioma/BT0721/preprocessing_metadata.json	1649
utsw-glioma/BT0721/volumes/FLAIR.nii.gz	5942164
utsw-glioma/BT0721/volumes/T1.nii.gz	5909518
utsw-glioma/BT0721/volumes/T1c.nii.gz	5935711
utsw-glioma/BT0721/volumes/T2.nii.gz	5887195
utsw-glioma/BT0721/volumes/brain_mask.nii.gz	300595
utsw-glioma/BT0721/volumes/tumor_seg.nii.gz	230023
utsw-glioma/BT0722/preprocessing_metadata.json	1642
utsw-glioma/BT0722/volumes/FLAIR.nii.gz	4760240
utsw-glioma/BT0722/volumes/T1.nii.gz	4754530
utsw-glioma/BT0722/volumes/T1c.nii.gz	4767771
utsw-glioma/BT0722/volumes/T2.nii.gz	4734876
utsw-glioma/BT0722/volumes/brain_mask.nii.gz	271226
utsw-glioma/BT0722/volumes/tumor_seg.nii.gz	169996
utsw-glioma/BT0725/preprocessing_metadata.json	1720
utsw-glioma/BT0725/volumes/FLAIR.nii.gz	5479079
utsw-glioma/BT0725/volumes/T1.nii.gz	5447870
utsw-glioma/BT0725/volumes/T1c.nii.gz	5455641
utsw-glioma/BT0725/volumes/T2.nii.gz	5484992
utsw-glioma/BT0725/volumes/brain_mask.nii.gz	304078
utsw-glioma/BT0725/volumes/tumor_seg.nii.gz	175377
utsw-glioma/BT0726/preprocessing_metadata.json	1716
utsw-glioma/BT0726/volumes/FLAIR.nii.gz	3496810
utsw-glioma/BT0726/volumes/T1.nii.gz	3477101
utsw-glioma/BT0726/volumes/T1c.nii.gz	3487978
utsw-glioma/BT0726/volumes/T2.nii.gz	3483758
utsw-glioma/BT0726/volumes/brain_mask.nii.gz	168185
utsw-glioma/BT0726/volumes/tumor_seg.nii.gz	135583
utsw-glioma/BT0728/preprocessing_metadata.json	1713
utsw-glioma/BT0728/volumes/FLAIR.nii.gz	5108784
utsw-glioma/BT0728/volumes/T1.nii.gz	5079666
utsw-glioma/BT0728/volumes/T1c.nii.gz	5122761
utsw-glioma/BT0728/volumes/T2.nii.gz	5061278
utsw-glioma/BT0728/volumes/brain_mask.nii.gz	286216
utsw-glioma/BT0728/volumes/tumor_seg.nii.gz	177024
utsw-glioma/BT0729/preprocessing_metadata.json	1721
utsw-glioma/BT0729/volumes/FLAIR.nii.gz	6552951
utsw-glioma/BT0729/volumes/T1.nii.gz	6481555
utsw-glioma/BT0729/volumes/T1c.nii.gz	6517252
utsw-glioma/BT0729/volumes/T2.nii.gz	6459610
utsw-glioma/BT0729/volumes/brain_mask.nii.gz	319047
utsw-glioma/BT0729/volumes/tumor_seg.nii.gz	227459
utsw-glioma/BT0732/preprocessing_metadata.json	1703
utsw-glioma/BT0732/volumes/FLAIR.nii.gz	5640741
utsw-glioma/BT0732/volumes/T1.nii.gz	5615497
utsw-glioma/BT0732/volumes/T1c.nii.gz	5609457
utsw-glioma/BT0732/volumes/T2.nii.gz	5631138
utsw-glioma/BT0732/volumes/brain_mask.nii.gz	308621
utsw-glioma/BT0732/volumes/tumor_seg.nii.gz	174610
utsw-glioma/BT0733/preprocessing_metadata.json	1712
utsw-glioma/BT0733/volumes/FLAIR.nii.gz	4562807
utsw-glioma/BT0733/volumes/T1.nii.gz	4601445
utsw-glioma/BT0733/volumes/T1c.nii.gz	4632053
utsw-glioma/BT0733/volumes/T2.nii.gz	4593478
utsw-glioma/BT0733/volumes/brain_mask.nii.gz	273628
utsw-glioma/BT0733/volumes/tumor_seg.nii.gz	187311
utsw-glioma/BT0734/preprocessing_metadata.json	1718
utsw-glioma/BT0734/volumes/FLAIR.nii.gz	6016939
utsw-glioma/BT0734/volumes/T1.nii.gz	5965179
utsw-glioma/BT0734/volumes/T1c.nii.gz	5977732
utsw-glioma/BT0734/volumes/T2.nii.gz	5970921
utsw-glioma/BT0734/volumes/brain_mask.nii.gz	304046
utsw-glioma/BT0734/volumes/tumor_seg.nii.gz	189387
utsw-glioma/BT0735/preprocessing_metadata.json	1705
utsw-glioma/BT0735/volumes/FLAIR.nii.gz	5798865
utsw-glioma/BT0735/volumes/T1.nii.gz	5772995
utsw-glioma/BT0735/volumes/T1c.nii.gz	5780276
utsw-glioma/BT0735/volumes/T2.nii.gz	5809991
utsw-glioma/BT0735/volumes/brain_mask.nii.gz	295944
utsw-glioma/BT0735/volumes/tumor_seg.nii.gz	177568
utsw-glioma/BT0737/preprocessing_metadata.json	1726
utsw-glioma/BT0737/volumes/FLAIR.nii.gz	4804579
utsw-glioma/BT0737/volumes/T1.nii.gz	4792710
utsw-glioma/BT0737/volumes/T1c.nii.gz	4826622
utsw-glioma/BT0737/volumes/T2.nii.gz	4817063
utsw-glioma/BT0737/volumes/brain_mask.nii.gz	283688
utsw-glioma/BT0737/volumes/tumor_seg.nii.gz	199640
utsw-glioma/BT0738/preprocessing_metadata.json	1692
utsw-glioma/BT0738/volumes/FLAIR.nii.gz	5868928
utsw-glioma/BT0738/volumes/T1.nii.gz	5825693
utsw-glioma/BT0738/volumes/T1c.nii.gz	5839694
utsw-glioma/BT0738/volumes/T2.nii.gz	5815981
utsw-glioma/BT0738/volumes/brain_mask.nii.gz	304568
utsw-glioma/BT0738/volumes/tumor_seg.nii.gz	189205
utsw-glioma/BT0740/preprocessing_metadata.json	1721
utsw-glioma/BT0740/volumes/FLAIR.nii.gz	5816231
utsw-glioma/BT0740/volumes/T1.nii.gz	5772566
utsw-glioma/BT0740/volumes/T1c.nii.gz	5813752
utsw-glioma/BT0740/volumes/T2.nii.gz	5750834
utsw-glioma/BT0740/volumes/brain_mask.nii.gz	303715
utsw-glioma/BT0740/volumes/tumor_seg.nii.gz	216742
utsw-glioma/BT0741/preprocessing_metadata.json	1717
utsw-glioma/BT0741/volumes/FLAIR.nii.gz	5709159
utsw-glioma/BT0741/volumes/T1.nii.gz	5681861
utsw-glioma/BT0741/volumes/T1c.nii.gz	5663067
utsw-glioma/BT0741/volumes/T2.nii.gz	5673741
utsw-glioma/BT0741/volumes/brain_mask.nii.gz	295031
utsw-glioma/BT0741/volumes/tumor_seg.nii.gz	165168
utsw-glioma/BT0742/preprocessing_metadata.json	1720
utsw-glioma/BT0742/volumes/FLAIR.nii.gz	5117588
utsw-glioma/BT0742/volumes/T1.nii.gz	5105400
utsw-glioma/BT0742/volumes/T1c.nii.gz	5129027
utsw-glioma/BT0742/volumes/T2.nii.gz	5084491
utsw-glioma/BT0742/volumes/brain_mask.nii.gz	289233
utsw-glioma/BT0742/volumes/tumor_seg.nii.gz	203032
utsw-glioma/BT0743/preprocessing_metadata.json	1715
utsw-glioma/BT0743/volumes/FLAIR.nii.gz	5351192
utsw-glioma/BT0743/volumes/T1.nii.gz	5333378
utsw-glioma/BT0743/volumes/T1c.nii.gz	5358813
utsw-glioma/BT0743/volumes/T2.nii.gz	5343269
utsw-glioma/BT0743/volumes/brain_mask.nii.gz	284075
utsw-glioma/BT0743/volumes/tumor_seg.nii.gz	197040
utsw-glioma/BT0747/preprocessing_metadata.json	1721
utsw-glioma/BT0747/volumes/FLAIR.nii.gz	5683704
utsw-glioma/BT0747/volumes/T1.nii.gz	5645335
utsw-glioma/BT0747/volumes/T1c.nii.gz	5656790
utsw-glioma/BT0747/volumes/T2.nii.gz	5644850
utsw-glioma/BT0747/volumes/brain_mask.nii.gz	299399
utsw-glioma/BT0747/volumes/tumor_seg.nii.gz	167354
utsw-glioma/BT0748/preprocessing_metadata.json	1689
utsw-glioma/BT0748/volumes/FLAIR.nii.gz	5629831
utsw-glioma/BT0748/volumes/T1.nii.gz	5587204
utsw-glioma/BT0748/volumes/T1c.nii.gz	5608578
utsw-glioma/BT0748/volumes/T2.nii.gz	5597899
utsw-glioma/BT0748/volumes/brain_mask.nii.gz	302910
utsw-glioma/BT0748/volumes/tumor_seg.nii.gz	175758
utsw-glioma/BT0749/preprocessing_metadata.json	1703
utsw-glioma/BT0749/volumes/FLAIR.nii.gz	5857481
utsw-glioma/BT0749/volumes/T1.nii.gz	5834782
utsw-glioma/BT0749/volumes/T1c.nii.gz	5844813
utsw-glioma/BT0749/volumes/T2.nii.gz	5764528
utsw-glioma/BT0749/volumes/brain_mask.nii.gz	299260
utsw-glioma/BT0749/volumes/tumor_seg.nii.gz	236085
utsw-glioma/BT0750/preprocessing_metadata.json	1711
utsw-glioma/BT0750/volumes/FLAIR.nii.gz	5578651
utsw-glioma/BT0750/volumes/T1.nii.gz	5553366
utsw-glioma/BT0750/volumes/T1c.nii.gz	5565268
utsw-glioma/BT0750/volumes/T2.nii.gz	5564262
utsw-glioma/BT0750/volumes/brain_mask.nii.gz	295024
utsw-glioma/BT0750/volumes/tumor_seg.nii.gz	196748
utsw-glioma/BT0751/preprocessing_metadata.json	1719
utsw-glioma/BT0751/volumes/FLAIR.nii.gz	5403241
utsw-glioma/BT0751/volumes/T1.nii.gz	5358917
utsw-glioma/BT0751/volumes/T1c.nii.gz	5392439
utsw-glioma/BT0751/volumes/T2.nii.gz	5355797
utsw-glioma/BT0751/volumes/brain_mask.nii.gz	297349
utsw-glioma/BT0751/volumes/tumor_seg.nii.gz	209009
utsw-glioma/BT0752/preprocessing_metadata.json	1698
utsw-glioma/BT0752/volumes/FLAIR.nii.gz	5536399
utsw-glioma/BT0752/volumes/T1.nii.gz	5484801
utsw-glioma/BT0752/volumes/T1c.nii.gz	5492509
utsw-glioma/BT0752/volumes/T2.nii.gz	5511059
utsw-glioma/BT0752/volumes/brain_mask.nii.gz	291192
utsw-glioma/BT0752/volumes/tumor_seg.nii.gz	170813
utsw-glioma/BT0753/preprocessing_metadata.json	1708
utsw-glioma/BT0753/volumes/FLAIR.nii.gz	6335565
utsw-glioma/BT0753/volumes/T1.nii.gz	6322145
utsw-glioma/BT0753/volumes/T1c.nii.gz	6337026
utsw-glioma/BT0753/volumes/T2.nii.gz	6326007
utsw-glioma/BT0753/volumes/brain_mask.nii.gz	310959
utsw-glioma/BT0753/volumes/tumor_seg.nii.gz	182013
utsw-glioma/BT0754/preprocessing_metadata.json	1718
utsw-glioma/BT0754/volumes/FLAIR.nii.gz	5581910
utsw-glioma/BT0754/volumes/T1.nii.gz	5539892
utsw-glioma/BT0754/volumes/T1c.nii.gz	5546553
utsw-glioma/BT0754/volumes/T2.nii.gz	5560168
utsw-glioma/BT0754/volumes/brain_mask.nii.gz	310250
utsw-glioma/BT0754/volumes/tumor_seg.nii.gz	231188
utsw-glioma/BT0756/preprocessing_metadata.json	1717
utsw-glioma/BT0756/volumes/FLAIR.nii.gz	6281596
utsw-glioma/BT0756/volumes/T1.nii.gz	6229981
utsw-glioma/BT0756/volumes/T1c.nii.gz	6258985
utsw-glioma/BT0756/volumes/T2.nii.gz	6198709
utsw-glioma/BT0756/volumes/brain_mask.nii.gz	313991
utsw-glioma/BT0756/volumes/tumor_seg.nii.gz	238002
utsw-glioma/BT0757/preprocessing_metadata.json	1705
utsw-glioma/BT0757/volumes/FLAIR.nii.gz	5923209
utsw-glioma/BT0757/volumes/T1.nii.gz	5887176
utsw-glioma/BT0757/volumes/T1c.nii.gz	5895601
utsw-glioma/BT0757/volumes/T2.nii.gz	5885444
utsw-glioma/BT0757/volumes/brain_mask.nii.gz	301693
utsw-glioma/BT0757/volumes/tumor_seg.nii.gz	184209
utsw-glioma/BT0759/preprocessing_metadata.json	1703
utsw-glioma/BT0759/volumes/FLAIR.nii.gz	3579532
utsw-glioma/BT0759/volumes/T1.nii.gz	3558985
utsw-glioma/BT0759/volumes/T1c.nii.gz	3572211
utsw-glioma/BT0759/volumes/T2.nii.gz	3529494
utsw-glioma/BT0759/volumes/brain_mask.nii.gz	239406
utsw-glioma/BT0759/volumes/tumor_seg.nii.gz	189227
utsw-glioma/BT0762/preprocessing_metadata.json	1713
utsw-glioma/BT0762/volumes/FLAIR.nii.gz	5682504
utsw-glioma/BT0762/volumes/T1.nii.gz	5631549
utsw-glioma/BT0762/volumes/T1c.nii.gz	5655012
utsw-glioma/BT0762/volumes/T2.nii.gz	5617860
utsw-glioma/BT0762/volumes/brain_mask.nii.gz	301778
utsw-glioma/BT0762/volumes/tumor_seg.nii.gz	275147
utsw-glioma/BT0764/preprocessing_metadata.json	1691
utsw-glioma/BT0764/volumes/FLAIR.nii.gz	5563541
utsw-glioma/BT0764/volumes/T1.nii.gz	5540405
utsw-glioma/BT0764/volumes/T1c.nii.gz	5544815
utsw-glioma/BT0764/volumes/T2.nii.gz	5555771
utsw-glioma/BT0764/volumes/brain_mask.nii.gz	301452
utsw-glioma/BT0764/volumes/tumor_seg.nii.gz	175669
utsw-glioma/BT0765/preprocessing_metadata.json	1713
utsw-glioma/BT0765/volumes/FLAIR.nii.gz	5497099
utsw-glioma/BT0765/volumes/T1.nii.gz	5465578
utsw-glioma/BT0765/volumes/T1c.nii.gz	5472077
utsw-glioma/BT0765/volumes/T2.nii.gz	5473242
utsw-glioma/BT0765/volumes/brain_mask.nii.gz	296697
utsw-glioma/BT0765/volumes/tumor_seg.nii.gz	188904
utsw-glioma/BT0766/preprocessing_metadata.json	1723
utsw-glioma/BT0766/volumes/FLAIR.nii.gz	4858213
utsw-glioma/BT0766/volumes/T1.nii.gz	4867216
utsw-glioma/BT0766/volumes/T1c.nii.gz	4874139
utsw-glioma/BT0766/volumes/T2.nii.gz	4874667
utsw-glioma/BT0766/volumes/brain_mask.nii.gz	281318
utsw-glioma/BT0766/volumes/tumor_seg.nii.gz	167830
utsw-glioma/BT0767/preprocessing_metadata.json	1710
utsw-glioma/BT0767/volumes/FLAIR.nii.gz	5905236
utsw-glioma/BT0767/volumes/T1.nii.gz	5891251
utsw-glioma/BT0767/volumes/T1c.nii.gz	5920305
utsw-glioma/BT0767/volumes/T2.nii.gz	5894340
utsw-glioma/BT0767/volumes/brain_mask.nii.gz	300933
utsw-glioma/BT0767/volumes/tumor_seg.nii.gz	190334
utsw-glioma/BT0768/preprocessing_metadata.json	1722
utsw-glioma/BT0768/volumes/FLAIR.nii.gz	6117129
utsw-glioma/BT0768/volumes/T1.nii.gz	6098809
utsw-glioma/BT0768/volumes/T1c.nii.gz	6127434
utsw-glioma/BT0768/volumes/T2.nii.gz	6102066
utsw-glioma/BT0768/volumes/brain_mask.nii.gz	305264
utsw-glioma/BT0768/volumes/tumor_seg.nii.gz	197783
utsw-glioma/BT0769/preprocessing_metadata.json	1715
utsw-glioma/BT0769/volumes/FLAIR.nii.gz	5699973
utsw-glioma/BT0769/volumes/T1.nii.gz	5670524
utsw-glioma/BT0769/volumes/T1c.nii.gz	5701492
utsw-glioma/BT0769/volumes/T2.nii.gz	5673484
utsw-glioma/BT0769/volumes/brain_mask.nii.gz	302843
utsw-glioma/BT0769/volumes/tumor_seg.nii.gz	256594
utsw-glioma/BT0770/preprocessing_metadata.json	1700
utsw-glioma/BT0770/volumes/FLAIR.nii.gz	5654694
utsw-glioma/BT0770/volumes/T1.nii.gz	5610390
utsw-glioma/BT0770/volumes/T1c.nii.gz	5632132
utsw-glioma/BT0770/volumes/T2.nii.gz	5636140
utsw-glioma/BT0770/volumes/brain_mask.nii.gz	294832
utsw-glioma/BT0770/volumes/tumor_seg.nii.gz	184642
utsw-glioma/BT0772/preprocessing_metadata.json	1707
utsw-glioma/BT0772/volumes/FLAIR.nii.gz	4710520
utsw-glioma/BT0772/volumes/T1.nii.gz	4680397
utsw-glioma/BT0772/volumes/T1c.nii.gz	4677637
utsw-glioma/BT0772/volumes/T2.nii.gz	4671898
utsw-glioma/BT0772/volumes/brain_mask.nii.gz	274965
utsw-glioma/BT0772/volumes/tumor_seg.nii.gz	175344
utsw-glioma/BT0773/preprocessing_metadata.json	1723
utsw-glioma/BT0773/volumes/FLAIR.nii.gz	4852133
utsw-glioma/BT0773/volumes/T1.nii.gz	4811082
utsw-glioma/BT0773/volumes/T1c.nii.gz	4806151
utsw-glioma/BT0773/volumes/T2.nii.gz	4798886
utsw-glioma/BT0773/volumes/brain_mask.nii.gz	280150
utsw-glioma/BT0773/volumes/tumor_seg.nii.gz	190104
utsw-glioma/BT0777/preprocessing_metadata.json	1703
utsw-glioma/BT0777/volumes/FLAIR.nii.gz	6060024
utsw-glioma/BT0777/volumes/T1.nii.gz	6024657
utsw-glioma/BT0777/volumes/T1c.nii.gz	6030340
utsw-glioma/BT0777/volumes/T2.nii.gz	6028090
utsw-glioma/BT0777/volumes/brain_mask.nii.gz	310394
utsw-glioma/BT0777/volumes/tumor_seg.nii.gz	182418
utsw-glioma/BT0781/preprocessing_metadata.json	1721
utsw-glioma/BT0781/volumes/FLAIR.nii.gz	5454540
utsw-glioma/BT0781/volumes/T1.nii.gz	5419120
utsw-glioma/BT0781/volumes/T1c.nii.gz	5457718
utsw-glioma/BT0781/volumes/T2.nii.gz	5443470
utsw-glioma/BT0781/volumes/brain_mask.nii.gz	291621
utsw-glioma/BT0781/volumes/tumor_seg.nii.gz	179498
utsw-glioma/BT0782/preprocessing_metadata.json	1705
utsw-glioma/BT0782/volumes/FLAIR.nii.gz	5523663
utsw-glioma/BT0782/volumes/T1.nii.gz	5521577
utsw-glioma/BT0782/volumes/T1c.nii.gz	5533438
utsw-glioma/BT0782/volumes/T2.nii.gz	5530383
utsw-glioma/BT0782/volumes/brain_mask.nii.gz	300303
utsw-glioma/BT0782/volumes/tumor_seg.nii.gz	184846
utsw-glioma/BT0783/preprocessing_metadata.json	1700
utsw-glioma/BT0783/volumes/FLAIR.nii.gz	6484955
utsw-glioma/BT0783/volumes/T1.nii.gz	6426338
utsw-glioma/BT0783/volumes/T1c.nii.gz	6437997
utsw-glioma/BT0783/volumes/T2.nii.gz	6419687
utsw-glioma/BT0783/volumes/brain_mask.nii.gz	313899
utsw-glioma/BT0783/volumes/tumor_seg.nii.gz	197868
utsw-glioma/BT0784/preprocessing_metadata.json	1668
utsw-glioma/BT0784/volumes/FLAIR.nii.gz	5312844
utsw-glioma/BT0784/volumes/T1.nii.gz	5294153
utsw-glioma/BT0784/volumes/T1c.nii.gz	5298023
utsw-glioma/BT0784/volumes/T2.nii.gz	5276805
utsw-glioma/BT0784/volumes/brain_mask.nii.gz	291893
utsw-glioma/BT0784/volumes/tumor_seg.nii.gz	167177
utsw-glioma/BT0785/preprocessing_metadata.json	1705
utsw-glioma/BT0785/volumes/FLAIR.nii.gz	6044412
utsw-glioma/BT0785/volumes/T1.nii.gz	5985408
utsw-glioma/BT0785/volumes/T1c.nii.gz	5993606
utsw-glioma/BT0785/volumes/T2.nii.gz	5950336
utsw-glioma/BT0785/volumes/brain_mask.nii.gz	296733
utsw-glioma/BT0785/volumes/tumor_seg.nii.gz	228651
utsw-glioma/BT0786/preprocessing_metadata.json	1721
utsw-glioma/BT0786/volumes/FLAIR.nii.gz	4817955
utsw-glioma/BT0786/volumes/T1.nii.gz	4782739
utsw-glioma/BT0786/volumes/T1c.nii.gz	4808442
utsw-glioma/BT0786/volumes/T2.nii.gz	4729965
utsw-glioma/BT0786/volumes/brain_mask.nii.gz	290228
utsw-glioma/BT0786/volumes/tumor_seg.nii.gz	223215
utsw-glioma/BT0787/preprocessing_metadata.json	1722
utsw-glioma/BT0787/volumes/FLAIR.nii.gz	5293694
utsw-glioma/BT0787/volumes/T1.nii.gz	5300023
utsw-glioma/BT0787/volumes/T1c.nii.gz	5329652
utsw-glioma/BT0787/volumes/T2.nii.gz	5312968
utsw-glioma/BT0787/volumes/brain_mask.nii.gz	295297
utsw-glioma/BT0787/volumes/tumor_seg.nii.gz	208207
utsw-glioma/BT0788/preprocessing_metadata.json	1719
utsw-glioma/BT0788/volumes/FLAIR.nii.gz	5541718
utsw-glioma/BT0788/volumes/T1.nii.gz	5510469
utsw-glioma/BT0788/volumes/T1c.nii.gz	5537663
utsw-glioma/BT0788/volumes/T2.nii.gz	5519186
utsw-glioma/BT0788/volumes/brain_mask.nii.gz	298404
utsw-glioma/BT0788/volumes/tumor_seg.nii.gz	192229
utsw-glioma/BT0790/preprocessing_metadata.json	1723
utsw-glioma/BT0790/volumes/FLAIR.nii.gz	6823095
utsw-glioma/BT0790/volumes/T1.nii.gz	6775365
utsw-glioma/BT0790/volumes/T1c.nii.gz	6773370
utsw-glioma/BT0790/volumes/T2.nii.gz	6803643
utsw-glioma/BT0790/volumes/brain_mask.nii.gz	326071
utsw-glioma/BT0790/volumes/tumor_seg.nii.gz	172616
utsw-glioma/BT0791/preprocessing_metadata.json	1695
utsw-glioma/BT0791/volumes/FLAIR.nii.gz	5768579
utsw-glioma/BT0791/volumes/T1.nii.gz	5738904
utsw-glioma/BT0791/volumes/T1c.nii.gz	5762903
utsw-glioma/BT0791/volumes/T2.nii.gz	5723633
utsw-glioma/BT0791/volumes/brain_mask.nii.gz	309673
utsw-glioma/BT0791/volumes/tumor_seg.nii.gz	237193
utsw-glioma/BT0793/preprocessing_metadata.json	1703
utsw-glioma/BT0793/volumes/FLAIR.nii.gz	5315619
utsw-glioma/BT0793/volumes/T1.nii.gz	5296813
utsw-glioma/BT0793/volumes/T1c.nii.gz	5303772
utsw-glioma/BT0793/volumes/T2.nii.gz	5319648
utsw-glioma/BT0793/volumes/brain_mask.nii.gz	295476
utsw-glioma/BT0793/volumes/tumor_seg.nii.gz	167516
utsw-glioma/BT0794/preprocessing_metadata.json	1705
utsw-glioma/BT0794/volumes/FLAIR.nii.gz	5675338
utsw-glioma/BT0794/volumes/T1.nii.gz	5668399
utsw-glioma/BT0794/volumes/T1c.nii.gz	5681277
utsw-glioma/BT0794/volumes/T2.nii.gz	5676196
utsw-glioma/BT0794/volumes/brain_mask.nii.gz	299055
utsw-glioma/BT0794/volumes/tumor_seg.nii.gz	166047
utsw-glioma/BT0796/preprocessing_metadata.json	1701
utsw-glioma/BT0796/volumes/FLAIR.nii.gz	5291632
utsw-glioma/BT0796/volumes/T1.nii.gz	5265094
utsw-glioma/BT0796/volumes/T1c.nii.gz	5288120
utsw-glioma/BT0796/volumes/T2.nii.gz	5277930
utsw-glioma/BT0796/volumes/brain_mask.nii.gz	288128
utsw-glioma/BT0796/volumes/tumor_seg.nii.gz	158322
utsw-glioma/BT0801/preprocessing_metadata.json	1633
utsw-glioma/BT0801/volumes/FLAIR.nii.gz	5154465
utsw-glioma/BT0801/volumes/T1.nii.gz	5136681
utsw-glioma/BT0801/volumes/T1c.nii.gz	5149511
utsw-glioma/BT0801/volumes/T2.nii.gz	5142837
utsw-glioma/BT0801/volumes/brain_mask.nii.gz	284968
utsw-glioma/BT0801/volumes/tumor_seg.nii.gz	157065
utsw-glioma/BT0802/preprocessing_metadata.json	1723
utsw-glioma/BT0802/volumes/FLAIR.nii.gz	5805102
utsw-glioma/BT0802/volumes/T1.nii.gz	5787641
utsw-glioma/BT0802/volumes/T1c.nii.gz	5760090
utsw-glioma/BT0802/volumes/T2.nii.gz	5790291
utsw-glioma/BT0802/volumes/brain_mask.nii.gz	301020
utsw-glioma/BT0802/volumes/tumor_seg.nii.gz	201760
utsw-glioma/BT0804/preprocessing_metadata.json	1709
utsw-glioma/BT0804/volumes/FLAIR.nii.gz	5406331
utsw-glioma/BT0804/volumes/T1.nii.gz	5406232
utsw-glioma/BT0804/volumes/T1c.nii.gz	5421549
utsw-glioma/BT0804/volumes/T2.nii.gz	5406770
utsw-glioma/BT0804/volumes/brain_mask.nii.gz	290365
utsw-glioma/BT0804/volumes/tumor_seg.nii.gz	167211
utsw-glioma/BT0805/preprocessing_metadata.json	1719
utsw-glioma/BT0805/volumes/FLAIR.nii.gz	6754003
utsw-glioma/BT0805/volumes/T1.nii.gz	6734405
utsw-glioma/BT0805/volumes/T1c.nii.gz	6783822
utsw-glioma/BT0805/volumes/T2.nii.gz	6708846
utsw-glioma/BT0805/volumes/brain_mask.nii.gz	328556
utsw-glioma/BT0805/volumes/tumor_seg.nii.gz	267043
utsw-glioma/BT0807/preprocessing_metadata.json	1647
utsw-glioma/BT0807/volumes/FLAIR.nii.gz	5458415
utsw-glioma/BT0807/volumes/T1.nii.gz	5400238
utsw-glioma/BT0807/volumes/T1c.nii.gz	5449901
utsw-glioma/BT0807/volumes/T2.nii.gz	5421851
utsw-glioma/BT0807/volumes/brain_mask.nii.gz	290577
utsw-glioma/BT0807/volumes/tumor_seg.nii.gz	196076
utsw-glioma/BT0809/preprocessing_metadata.json	1723
utsw-glioma/BT0809/volumes/FLAIR.nii.gz	6864399
utsw-glioma/BT0809/volumes/T1.nii.gz	6824189
utsw-glioma/BT0809/volumes/T1c.nii.gz	6836404
utsw-glioma/BT0809/volumes/T2.nii.gz	6857119
utsw-glioma/BT0809/volumes/brain_mask.nii.gz	332173
utsw-glioma/BT0809/volumes/tumor_seg.nii.gz	194813
utsw-glioma/BT0812/preprocessing_metadata.json	1702
utsw-glioma/BT0812/volumes/FLAIR.nii.gz	4796951
utsw-glioma/BT0812/volumes/T1.nii.gz	4774173
utsw-glioma/BT0812/volumes/T1c.nii.gz	4762694
utsw-glioma/BT0812/volumes/T2.nii.gz	4762277
utsw-glioma/BT0812/volumes/brain_mask.nii.gz	274469
utsw-glioma/BT0812/volumes/tumor_seg.nii.gz	161164
utsw-glioma/BT0815/preprocessing_metadata.json	1635
utsw-glioma/BT0815/volumes/FLAIR.nii.gz	6577374
utsw-glioma/BT0815/volumes/T1.nii.gz	6540443
utsw-glioma/BT0815/volumes/T1c.nii.gz	6556730
utsw-glioma/BT0815/volumes/T2.nii.gz	6501862
utsw-glioma/BT0815/volumes/brain_mask.nii.gz	313906
utsw-glioma/BT0815/volumes/tumor_seg.nii.gz	235771
utsw-glioma/BT0817/preprocessing_metadata.json	1723
utsw-glioma/BT0817/volumes/FLAIR.nii.gz	3558928
utsw-glioma/BT0817/volumes/T1.nii.gz	3534644
utsw-glioma/BT0817/volumes/T1c.nii.gz	3542426
utsw-glioma/BT0817/volumes/T2.nii.gz	3524811
utsw-glioma/BT0817/volumes/brain_mask.nii.gz	251863
utsw-glioma/BT0817/volumes/tumor_seg.nii.gz	167087
utsw-glioma/BT0818/preprocessing_metadata.json	1722
utsw-glioma/BT0818/volumes/FLAIR.nii.gz	5003906
utsw-glioma/BT0818/volumes/T1.nii.gz	4975476
utsw-glioma/BT0818/volumes/T1c.nii.gz	4997328
utsw-glioma/BT0818/volumes/T2.nii.gz	4976409
utsw-glioma/BT0818/volumes/brain_mask.nii.gz	283502
utsw-glioma/BT0818/volumes/tumor_seg.nii.gz	211966
utsw-glioma/BT0820/preprocessing_metadata.json	1714
utsw-glioma/BT0820/volumes/FLAIR.nii.gz	4437326
utsw-glioma/BT0820/volumes/T1.nii.gz	4426086
utsw-glioma/BT0820/volumes/T1c.nii.gz	4447962
utsw-glioma/BT0820/volumes/T2.nii.gz	4430566
utsw-glioma/BT0820/volumes/brain_mask.nii.gz	261162
utsw-glioma/BT0820/volumes/tumor_seg.nii.gz	181909
utsw-glioma/BT0823/preprocessing_metadata.json	1722
utsw-glioma/BT0823/volumes/FLAIR.nii.gz	5706897
utsw-glioma/BT0823/volumes/T1.nii.gz	5705060
utsw-glioma/BT0823/volumes/T1c.nii.gz	5732209
utsw-glioma/BT0823/volumes/T2.nii.gz	5679827
utsw-glioma/BT0823/volumes/brain_mask.nii.gz	301636
utsw-glioma/BT0823/volumes/tumor_seg.nii.gz	216808
utsw-glioma/BT0828/preprocessing_metadata.json	1718
utsw-glioma/BT0828/volumes/FLAIR.nii.gz	5235275
utsw-glioma/BT0828/volumes/T1.nii.gz	5235537
utsw-glioma/BT0828/volumes/T1c.nii.gz	5240596
utsw-glioma/BT0828/volumes/T2.nii.gz	5233538
utsw-glioma/BT0828/volumes/brain_mask.nii.gz	296084
utsw-glioma/BT0828/volumes/tumor_seg.nii.gz	196611
utsw-glioma/BT0829/preprocessing_metadata.json	1647
utsw-glioma/BT0829/volumes/FLAIR.nii.gz	6443202
utsw-glioma/BT0829/volumes/T1.nii.gz	6413451
utsw-glioma/BT0829/volumes/T1c.nii.gz	6402797
utsw-glioma/BT0829/volumes/T2.nii.gz	6389839
utsw-glioma/BT0829/volumes/brain_mask.nii.gz	309068
utsw-glioma/BT0829/volumes/tumor_seg.nii.gz	210458
utsw-glioma/BT0830/preprocessing_metadata.json	1727
utsw-glioma/BT0830/volumes/FLAIR.nii.gz	5835164
utsw-glioma/BT0830/volumes/T1.nii.gz	5796493
utsw-glioma/BT0830/volumes/T1c.nii.gz	5794629
utsw-glioma/BT0830/volumes/T2.nii.gz	5818426
utsw-glioma/BT0830/volumes/brain_mask.nii.gz	304076
utsw-glioma/BT0830/volumes/tumor_seg.nii.gz	193180
utsw-glioma/BT0833/preprocessing_metadata.json	1711
utsw-glioma/BT0833/volumes/FLAIR.nii.gz	6054289
utsw-glioma/BT0833/volumes/T1.nii.gz	6010491
utsw-glioma/BT0833/volumes/T1c.nii.gz	6029328
utsw-glioma/BT0833/volumes/T2.nii.gz	5983939
utsw-glioma/BT0833/volumes/brain_mask.nii.gz	307967
utsw-glioma/BT0833/volumes/tumor_seg.nii.gz	237571
utsw-glioma/BT0835/preprocessing_metadata.json	1720
utsw-glioma/BT0835/volumes/FLAIR.nii.gz	5696809
utsw-glioma/BT0835/volumes/T1.nii.gz	5656162
utsw-glioma/BT0835/volumes/T1c.nii.gz	5684339
utsw-glioma/BT0835/volumes/T2.nii.gz	5649348
utsw-glioma/BT0835/volumes/brain_mask.nii.gz	293128
utsw-glioma/BT0835/volumes/tumor_seg.nii.gz	218437
utsw-glioma/BT0836/preprocessing_metadata.json	1702
utsw-glioma/BT0836/volumes/FLAIR.nii.gz	6485187
utsw-glioma/BT0836/volumes/T1.nii.gz	6458695
utsw-glioma/BT0836/volumes/T1c.nii.gz	6461614
utsw-glioma/BT0836/volumes/T2.nii.gz	6472011
utsw-glioma/BT0836/volumes/brain_mask.nii.gz	324509
utsw-glioma/BT0836/volumes/tumor_seg.nii.gz	173348
utsw-glioma/BT0837/preprocessing_metadata.json	1719
utsw-glioma/BT0837/volumes/FLAIR.nii.gz	5754670
utsw-glioma/BT0837/volumes/T1.nii.gz	5731149
utsw-glioma/BT0837/volumes/T1c.nii.gz	5757528
utsw-glioma/BT0837/volumes/T2.nii.gz	5724498
utsw-glioma/BT0837/volumes/brain_mask.nii.gz	297499
utsw-glioma/BT0837/volumes/tumor_seg.nii.gz	215204
utsw-glioma/BT0840/preprocessing_metadata.json	1725
utsw-glioma/BT0840/volumes/FLAIR.nii.gz	5563022
utsw-glioma/BT0840/volumes/T1.nii.gz	5526038
utsw-glioma/BT0840/volumes/T1c.nii.gz	5549186
utsw-glioma/BT0840/volumes/T2.nii.gz	5524507
utsw-glioma/BT0840/volumes/brain_mask.nii.gz	297452
utsw-glioma/BT0840/volumes/tumor_seg.nii.gz	178867
utsw-glioma/BT0841/preprocessing_metadata.json	1647
utsw-glioma/BT0841/volumes/FLAIR.nii.gz	5619276
utsw-glioma/BT0841/volumes/T1.nii.gz	5585130
utsw-glioma/BT0841/volumes/T1c.nii.gz	5615469
utsw-glioma/BT0841/volumes/T2.nii.gz	5594364
utsw-glioma/BT0841/volumes/brain_mask.nii.gz	299748
utsw-glioma/BT0841/volumes/tumor_seg.nii.gz	205199
utsw-glioma/BT0842/preprocessing_metadata.json	1709
utsw-glioma/BT0842/volumes/FLAIR.nii.gz	5692174
utsw-glioma/BT0842/volumes/T1.nii.gz	5652607
utsw-glioma/BT0842/volumes/T1c.nii.gz	5640981
utsw-glioma/BT0842/volumes/T2.nii.gz	5628801
utsw-glioma/BT0842/volumes/brain_mask.nii.gz	314146
utsw-glioma/BT0842/volumes/tumor_seg.nii.gz	176563
utsw-glioma/BT0843/preprocessing_metadata.json	1723
utsw-glioma/BT0843/volumes/FLAIR.nii.gz	5259963
utsw-glioma/BT0843/volumes/T1.nii.gz	5226529
utsw-glioma/BT0843/volumes/T1c.nii.gz	5241167
utsw-glioma/BT0843/volumes/T2.nii.gz	5212994
utsw-glioma/BT0843/volumes/brain_mask.nii.gz	285014
utsw-glioma/BT0843/volumes/tumor_seg.nii.gz	186547
utsw-glioma/BT0847/preprocessing_metadata.json	1730
utsw-glioma/BT0847/volumes/FLAIR.nii.gz	4900194
utsw-glioma/BT0847/volumes/T1.nii.gz	4886892
utsw-glioma/BT0847/volumes/T1c.nii.gz	4898845
utsw-glioma/BT0847/volumes/T2.nii.gz	4912835
utsw-glioma/BT0847/volumes/brain_mask.nii.gz	281756
utsw-glioma/BT0847/volumes/tumor_seg.nii.gz	282032
utsw-glioma/BT0848/preprocessing_metadata.json	1706
utsw-glioma/BT0848/volumes/FLAIR.nii.gz	1896174
utsw-glioma/BT0848/volumes/T1.nii.gz	1883554
utsw-glioma/BT0848/volumes/T1c.nii.gz	1885591
utsw-glioma/BT0848/volumes/T2.nii.gz	1878103
utsw-glioma/BT0848/volumes/brain_mask.nii.gz	200517
utsw-glioma/BT0848/volumes/tumor_seg.nii.gz	134085
utsw-glioma/BT0900/preprocessing_metadata.json	1638
utsw-glioma/BT0900/volumes/FLAIR.nii.gz	5503436
utsw-glioma/BT0900/volumes/T1.nii.gz	5493902
utsw-glioma/BT0900/volumes/T1c.nii.gz	5517398
utsw-glioma/BT0900/volumes/T2.nii.gz	5473766
utsw-glioma/BT0900/volumes/brain_mask.nii.gz	298327
utsw-glioma/BT0900/volumes/tumor_seg.nii.gz	203831
utsw-glioma/BT0904/preprocessing_metadata.json	1653
utsw-glioma/BT0904/volumes/FLAIR.nii.gz	5678253
utsw-glioma/BT0904/volumes/T1.nii.gz	5654437
utsw-glioma/BT0904/volumes/T1c.nii.gz	5681206
utsw-glioma/BT0904/volumes/T2.nii.gz	5633668
utsw-glioma/BT0904/volumes/brain_mask.nii.gz	300377
utsw-glioma/BT0904/volumes/tumor_seg.nii.gz	237236
utsw-glioma/BT0905/preprocessing_metadata.json	1646
utsw-glioma/BT0905/volumes/FLAIR.nii.gz	5415885
utsw-glioma/BT0905/volumes/T1.nii.gz	5365157
utsw-glioma/BT0905/volumes/T1c.nii.gz	5367415
utsw-glioma/BT0905/volumes/T2.nii.gz	5362342
utsw-glioma/BT0905/volumes/brain_mask.nii.gz	293251
utsw-glioma/BT0905/volumes/tumor_seg.nii.gz	197661
utsw-glioma/BT0907/preprocessing_metadata.json	1652
utsw-glioma/BT0907/volumes/FLAIR.nii.gz	4706638
utsw-glioma/BT0907/volumes/T1.nii.gz	4667489
utsw-glioma/BT0907/volumes/T1c.nii.gz	4696239
utsw-glioma/BT0907/volumes/T2.nii.gz	4669738
utsw-glioma/BT0907/volumes/brain_mask.nii.gz	276286
utsw-glioma/BT0907/volumes/tumor_seg.nii.gz	219745
utsw-glioma/BT0908/preprocessing_metadata.json	1650
utsw-glioma/BT0908/volumes/FLAIR.nii.gz	5658908
utsw-glioma/BT0908/volumes/T1.nii.gz	5615141
utsw-glioma/BT0908/volumes/T1c.nii.gz	5613267
utsw-glioma/BT0908/volumes/T2.nii.gz	5608153
utsw-glioma/BT0908/volumes/brain_mask.nii.gz	299129
utsw-glioma/BT0908/volumes/tumor_seg.nii.gz	227242
utsw-glioma/BT0912/preprocessing_metadata.json	1634
utsw-glioma/BT0912/volumes/FLAIR.nii.gz	5537896
utsw-glioma/BT0912/volumes/T1.nii.gz	5510117
utsw-glioma/BT0912/volumes/T1c.nii.gz	5531473
utsw-glioma/BT0912/volumes/T2.nii.gz	5525062
utsw-glioma/BT0912/volumes/brain_mask.nii.gz	302752
utsw-glioma/BT0912/volumes/tumor_seg.nii.gz	217702
utsw-glioma/BT0914/preprocessing_metadata.json	1652
utsw-glioma/BT0914/volumes/FLAIR.nii.gz	5635068
utsw-glioma/BT0914/volumes/T1.nii.gz	5576120
utsw-glioma/BT0914/volumes/T1c.nii.gz	5614218
utsw-glioma/BT0914/volumes/T2.nii.gz	5561759
utsw-glioma/BT0914/volumes/brain_mask.nii.gz	297934
utsw-glioma/BT0914/volumes/tumor_seg.nii.gz	223548
utsw-glioma/BT0915/preprocessing_metadata.json	1644
utsw-glioma/BT0915/volumes/FLAIR.nii.gz	5191614
utsw-glioma/BT0915/volumes/T1.nii.gz	5176689
utsw-glioma/BT0915/volumes/T1c.nii.gz	5189467
utsw-glioma/BT0915/volumes/T2.nii.gz	5162236
utsw-glioma/BT0915/volumes/brain_mask.nii.gz	291572
utsw-glioma/BT0915/volumes/tumor_seg.nii.gz	170869
utsw-glioma/BT0917/preprocessing_metadata.json	1629
utsw-glioma/BT0917/volumes/FLAIR.nii.gz	4562060
utsw-glioma/BT0917/volumes/T1.nii.gz	4545886
utsw-glioma/BT0917/volumes/T1c.nii.gz	4554744
utsw-glioma/BT0917/volumes/T2.nii.gz	4531925
utsw-glioma/BT0917/volumes/brain_mask.nii.gz	267626
utsw-glioma/BT0917/volumes/tumor_seg.nii.gz	155903
utsw-glioma/BT0919/preprocessing_metadata.json	1613
utsw-glioma/BT0919/volumes/FLAIR.nii.gz	5391414
utsw-glioma/BT0919/volumes/T1.nii.gz	5390671
utsw-glioma/BT0919/volumes/T1c.nii.gz	5403949
utsw-glioma/BT0919/volumes/T2.nii.gz	5394904
utsw-glioma/BT0919/volumes/brain_mask.nii.gz	304914
utsw-glioma/BT0919/volumes/tumor_seg.nii.gz	163357
utsw-glioma/BT0925/preprocessing_metadata.json	1646
utsw-glioma/BT0925/volumes/FLAIR.nii.gz	5725149
utsw-glioma/BT0925/volumes/T1.nii.gz	5693275
utsw-glioma/BT0925/volumes/T1c.nii.gz	5722492
utsw-glioma/BT0925/volumes/T2.nii.gz	5674649
utsw-glioma/BT0925/volumes/brain_mask.nii.gz	308141
utsw-glioma/BT0925/volumes/tumor_seg.nii.gz	220826
utsw-glioma/BT0926/preprocessing_metadata.json	1588
utsw-glioma/BT0926/volumes/FLAIR.nii.gz	5386576
utsw-glioma/BT0926/volumes/T1.nii.gz	5362331
utsw-glioma/BT0926/volumes/T1c.nii.gz	5357548
utsw-glioma/BT0926/volumes/T2.nii.gz	5379566
utsw-glioma/BT0926/volumes/brain_mask.nii.gz	292334
utsw-glioma/BT0926/volumes/tumor_seg.nii.gz	160269
utsw-glioma/BT0928/preprocessing_metadata.json	1642
utsw-glioma/BT0928/volumes/FLAIR.nii.gz	6210419
utsw-glioma/BT0928/volumes/T1.nii.gz	6181047
utsw-glioma/BT0928/volumes/T1c.nii.gz	6198070
utsw-glioma/BT0928/volumes/T2.nii.gz	6204866
utsw-glioma/BT0928/volumes/brain_mask.nii.gz	305958
utsw-glioma/BT0928/volumes/tumor_seg.nii.gz	230412
utsw-glioma/BT0929/preprocessing_metadata.json	1638
utsw-glioma/BT0929/volumes/FLAIR.nii.gz	5456675
utsw-glioma/BT0929/volumes/T1.nii.gz	5456657
utsw-glioma/BT0929/volumes/T1c.nii.gz	5488440
utsw-glioma/BT0929/volumes/T2.nii.gz	5471546
utsw-glioma/BT0929/volumes/brain_mask.nii.gz	286795
utsw-glioma/BT0929/volumes/tumor_seg.nii.gz	161125
utsw-glioma/BT0930/preprocessing_metadata.json	1642
utsw-glioma/BT0930/volumes/FLAIR.nii.gz	5302986
utsw-glioma/BT0930/volumes/T1.nii.gz	5268601
utsw-glioma/BT0930/volumes/T1c.nii.gz	5306038
utsw-glioma/BT0930/volumes/T2.nii.gz	5284551
utsw-glioma/BT0930/volumes/brain_mask.nii.gz	294673
utsw-glioma/BT0930/volumes/tumor_seg.nii.gz	199818
utsw-glioma/BT0931/preprocessing_metadata.json	1649
utsw-glioma/BT0931/volumes/FLAIR.nii.gz	6240673
utsw-glioma/BT0931/volumes/T1.nii.gz	6205984
utsw-glioma/BT0931/volumes/T1c.nii.gz	6204154
utsw-glioma/BT0931/volumes/T2.nii.gz	6162083
utsw-glioma/BT0931/volumes/brain_mask.nii.gz	325511
utsw-glioma/BT0931/volumes/tumor_seg.nii.gz	244162
utsw-glioma/BT0932/preprocessing_metadata.json	1649
utsw-glioma/BT0932/volumes/FLAIR.nii.gz	6664149
utsw-glioma/BT0932/volumes/T1.nii.gz	6614511
utsw-glioma/BT0932/volumes/T1c.nii.gz	6642819
utsw-glioma/BT0932/volumes/T2.nii.gz	6603368
utsw-glioma/BT0932/volumes/brain_mask.nii.gz	323017
utsw-glioma/BT0932/volumes/tumor_seg.nii.gz	214333
utsw-glioma/BT0944/preprocessing_metadata.json	1645
utsw-glioma/BT0944/volumes/FLAIR.nii.gz	5542659
utsw-glioma/BT0944/volumes/T1.nii.gz	5541039
utsw-glioma/BT0944/volumes/T1c.nii.gz	5541759
utsw-glioma/BT0944/volumes/T2.nii.gz	5559935
utsw-glioma/BT0944/volumes/brain_mask.nii.gz	303039
utsw-glioma/BT0944/volumes/tumor_seg.nii.gz	178024
utsw-glioma/BT0945/preprocessing_metadata.json	1633
utsw-glioma/BT0945/volumes/FLAIR.nii.gz	5764828
utsw-glioma/BT0945/volumes/T1.nii.gz	5766527
utsw-glioma/BT0945/volumes/T1c.nii.gz	5770615
utsw-glioma/BT0945/volumes/T2.nii.gz	5736504
utsw-glioma/BT0945/volumes/brain_mask.nii.gz	301592
utsw-glioma/BT0945/volumes/tumor_seg.nii.gz	227549
utsw-glioma/BT0947/preprocessing_metadata.json	1649
utsw-glioma/BT0947/volumes/FLAIR.nii.gz	6148483
utsw-glioma/BT0947/volumes/T1.nii.gz	6081797
utsw-glioma/BT0947/volumes/T1c.nii.gz	6113408
utsw-glioma/BT0947/volumes/T2.nii.gz	6076756
utsw-glioma/BT0947/volumes/brain_mask.nii.gz	324025
utsw-glioma/BT0947/volumes/tumor_seg.nii.gz	238180
utsw-glioma/BT0948/preprocessing_metadata.json	1638
utsw-glioma/BT0948/volumes/FLAIR.nii.gz	5418333
utsw-glioma/BT0948/volumes/T1.nii.gz	5404602
utsw-glioma/BT0948/volumes/T1c.nii.gz	5431073
utsw-glioma/BT0948/volumes/T2.nii.gz	5396795
utsw-glioma/BT0948/volumes/brain_mask.nii.gz	297479
utsw-glioma/BT0948/volumes/tumor_seg.nii.gz	159165
utsw-glioma/BT0950/preprocessing_metadata.json	1649
utsw-glioma/BT0950/volumes/FLAIR.nii.gz	4631436
utsw-glioma/BT0950/volumes/T1.nii.gz	4619893
utsw-glioma/BT0950/volumes/T1c.nii.gz	4640396
utsw-glioma/BT0950/volumes/T2.nii.gz	4612976
utsw-glioma/BT0950/volumes/brain_mask.nii.gz	267141
utsw-glioma/BT0950/volumes/tumor_seg.nii.gz	171862
utsw-glioma/BT0951/preprocessing_metadata.json	1632
utsw-glioma/BT0951/volumes/FLAIR.nii.gz	6405787
utsw-glioma/BT0951/volumes/T1.nii.gz	6405864
utsw-glioma/BT0951/volumes/T1c.nii.gz	6425726
utsw-glioma/BT0951/volumes/T2.nii.gz	6411218
utsw-glioma/BT0951/volumes/brain_mask.nii.gz	313810
utsw-glioma/BT0951/volumes/tumor_seg.nii.gz	177160
utsw-glioma/BT0953/preprocessing_metadata.json	1650
utsw-glioma/BT0953/volumes/FLAIR.nii.gz	5388435
utsw-glioma/BT0953/volumes/T1.nii.gz	5327963
utsw-glioma/BT0953/volumes/T1c.nii.gz	5333181
utsw-glioma/BT0953/volumes/T2.nii.gz	5315958
utsw-glioma/BT0953/volumes/brain_mask.nii.gz	289901
utsw-glioma/BT0953/volumes/tumor_seg.nii.gz	212394
utsw-glioma/BT0955/preprocessing_metadata.json	1632
utsw-glioma/BT0955/volumes/FLAIR.nii.gz	3793108
utsw-glioma/BT0955/volumes/T1.nii.gz	3788420
utsw-glioma/BT0955/volumes/T1c.nii.gz	3797557
utsw-glioma/BT0955/volumes/T2.nii.gz	3777295
utsw-glioma/BT0955/volumes/brain_mask.nii.gz	242050
utsw-glioma/BT0955/volumes/tumor_seg.nii.gz	160258
utsw-glioma/BT0957/preprocessing_metadata.json	1648
utsw-glioma/BT0957/volumes/FLAIR.nii.gz	5287062
utsw-glioma/BT0957/volumes/T1.nii.gz	5273937
utsw-glioma/BT0957/volumes/T1c.nii.gz	5294744
utsw-glioma/BT0957/volumes/T2.nii.gz	5256634
utsw-glioma/BT0957/volumes/brain_mask.nii.gz	291719
utsw-glioma/BT0957/volumes/tumor_seg.nii.gz	205840
utsw-glioma/BT0958/preprocessing_metadata.json	1646
utsw-glioma/BT0958/volumes/FLAIR.nii.gz	5206832
utsw-glioma/BT0958/volumes/T1.nii.gz	5181277
utsw-glioma/BT0958/volumes/T1c.nii.gz	5187557
utsw-glioma/BT0958/volumes/T2.nii.gz	5209536
utsw-glioma/BT0958/volumes/brain_mask.nii.gz	284401
utsw-glioma/BT0958/volumes/tumor_seg.nii.gz	177467
utsw-glioma/BT0959/preprocessing_metadata.json	1646
utsw-glioma/BT0959/volumes/FLAIR.nii.gz	6074648
utsw-glioma/BT0959/volumes/T1.nii.gz	5999843
utsw-glioma/BT0959/volumes/T1c.nii.gz	6020630
utsw-glioma/BT0959/volumes/T2.nii.gz	6011610
utsw-glioma/BT0959/volumes/brain_mask.nii.gz	309201
utsw-glioma/BT0959/volumes/tumor_seg.nii.gz	201806
utsw-glioma/BT0960/preprocessing_metadata.json	1627
utsw-glioma/BT0960/volumes/FLAIR.nii.gz	5279343
utsw-glioma/BT0960/volumes/T1.nii.gz	5245902
utsw-glioma/BT0960/volumes/T1c.nii.gz	5248875
utsw-glioma/BT0960/volumes/T2.nii.gz	5248353
utsw-glioma/BT0960/volumes/brain_mask.nii.gz	279019
utsw-glioma/BT0960/volumes/tumor_seg.nii.gz	218381
utsw-glioma/BT0961/preprocessing_metadata.json	1645
utsw-glioma/BT0961/volumes/FLAIR.nii.gz	6826266
utsw-glioma/BT0961/volumes/T1.nii.gz	6766513
utsw-glioma/BT0961/volumes/T1c.nii.gz	6773646
utsw-glioma/BT0961/volumes/T2.nii.gz	6754725
utsw-glioma/BT0961/volumes/brain_mask.nii.gz	325914
utsw-glioma/BT0961/volumes/tumor_seg.nii.gz	195517
utsw-glioma/BT0962/preprocessing_metadata.json	1649
utsw-glioma/BT0962/volumes/FLAIR.nii.gz	6272851
utsw-glioma/BT0962/volumes/T1.nii.gz	6212820
utsw-glioma/BT0962/volumes/T1c.nii.gz	6222385
utsw-glioma/BT0962/volumes/T2.nii.gz	6237000
utsw-glioma/BT0962/volumes/brain_mask.nii.gz	308085
utsw-glioma/BT0962/volumes/tumor_seg.nii.gz	209525
utsw-glioma/BT0964/preprocessing_metadata.json	1648
utsw-glioma/BT0964/volumes/FLAIR.nii.gz	5857748
utsw-glioma/BT0964/volumes/T1.nii.gz	5805754
utsw-glioma/BT0964/volumes/T1c.nii.gz	5825343
utsw-glioma/BT0964/volumes/T2.nii.gz	5822907
utsw-glioma/BT0964/volumes/brain_mask.nii.gz	307052
utsw-glioma/BT0964/volumes/tumor_seg.nii.gz	204999
utsw-glioma/BT0965/preprocessing_metadata.json	1637
utsw-glioma/BT0965/volumes/FLAIR.nii.gz	6443928
utsw-glioma/BT0965/volumes/T1.nii.gz	6404471
utsw-glioma/BT0965/volumes/T1c.nii.gz	6410959
utsw-glioma/BT0965/volumes/T2.nii.gz	6433562
utsw-glioma/BT0965/volumes/brain_mask.nii.gz	312247
utsw-glioma/BT0965/volumes/tumor_seg.nii.gz	181359
utsw-glioma/BT0969/preprocessing_metadata.json	1638
utsw-glioma/BT0969/volumes/FLAIR.nii.gz	5890653
utsw-glioma/BT0969/volumes/T1.nii.gz	5846909
utsw-glioma/BT0969/volumes/T1c.nii.gz	5831791
utsw-glioma/BT0969/volumes/T2.nii.gz	5867318
utsw-glioma/BT0969/volumes/brain_mask.nii.gz	310781
utsw-glioma/BT0969/volumes/tumor_seg.nii.gz	191806
utsw-glioma/BT0970/preprocessing_metadata.json	1649
utsw-glioma/BT0970/volumes/FLAIR.nii.gz	5949993
utsw-glioma/BT0970/volumes/T1.nii.gz	5942788
utsw-glioma/BT0970/volumes/T1c.nii.gz	5966911
utsw-glioma/BT0970/volumes/T2.nii.gz	5943070
utsw-glioma/BT0970/volumes/brain_mask.nii.gz	304284
utsw-glioma/BT0970/volumes/tumor_seg.nii.gz	230780
utsw-glioma/BT0971/preprocessing_metadata.json	1637
utsw-glioma/BT0971/volumes/FLAIR.nii.gz	5069472
utsw-glioma/BT0971/volumes/T1.nii.gz	5036470
utsw-glioma/BT0971/volumes/T1c.nii.gz	5076496
utsw-glioma/BT0971/volumes/T2.nii.gz	5063474
utsw-glioma/BT0971/volumes/brain_mask.nii.gz	285735
utsw-glioma/BT0971/volumes/tumor_seg.nii.gz	177502
utsw-glioma/BT0972/preprocessing_metadata.json	1648
utsw-glioma/BT0972/volumes/FLAIR.nii.gz	4598914
utsw-glioma/BT0972/volumes/T1.nii.gz	4590227
utsw-glioma/BT0972/volumes/T1c.nii.gz	4615958
utsw-glioma/BT0972/volumes/T2.nii.gz	4600687
utsw-glioma/BT0972/volumes/brain_mask.nii.gz	272491
utsw-glioma/BT0972/volumes/tumor_seg.nii.gz	174639
utsw-glioma/BT1000/preprocessing_metadata.json	1647
utsw-glioma/BT1000/volumes/FLAIR.nii.gz	3745394
utsw-glioma/BT1000/volumes/T1.nii.gz	3726132
utsw-glioma/BT1000/volumes/T1c.nii.gz	3730605
utsw-glioma/BT1000/volumes/T2.nii.gz	3714444
utsw-glioma/BT1000/volumes/brain_mask.nii.gz	242658
utsw-glioma/BT1000/volumes/tumor_seg.nii.gz	167177
utsw-glioma/BT1001/preprocessing_metadata.json	1648
utsw-glioma/BT1001/volumes/FLAIR.nii.gz	5207255
utsw-glioma/BT1001/volumes/T1.nii.gz	5212543
utsw-glioma/BT1001/volumes/T1c.nii.gz	5243445
utsw-glioma/BT1001/volumes/T2.nii.gz	5226322
utsw-glioma/BT1001/volumes/brain_mask.nii.gz	282385
utsw-glioma/BT1001/volumes/tumor_seg.nii.gz	167920
utsw-glioma/BT1006/preprocessing_metadata.json	1650
utsw-glioma/BT1006/volumes/FLAIR.nii.gz	6141636
utsw-glioma/BT1006/volumes/T1.nii.gz	6112991
utsw-glioma/BT1006/volumes/T1c.nii.gz	6134401
utsw-glioma/BT1006/volumes/T2.nii.gz	6111262
utsw-glioma/BT1006/volumes/brain_mask.nii.gz	306086
utsw-glioma/BT1006/volumes/tumor_seg.nii.gz	183511
utsw-glioma/BT1009/preprocessing_metadata.json	1631
utsw-glioma/BT1009/volumes/FLAIR.nii.gz	4923177
utsw-glioma/BT1009/volumes/T1.nii.gz	4908113
utsw-glioma/BT1009/volumes/T1c.nii.gz	4923156
utsw-glioma/BT1009/volumes/T2.nii.gz	4917828
utsw-glioma/BT1009/volumes/brain_mask.nii.gz	282244
utsw-glioma/BT1009/volumes/tumor_seg.nii.gz	181113
utsw-glioma/BT1010/preprocessing_metadata.json	1644
utsw-glioma/BT1010/volumes/FLAIR.nii.gz	6406044
utsw-glioma/BT1010/volumes/T1.nii.gz	6379159
utsw-glioma/BT1010/volumes/T1c.nii.gz	6402609
utsw-glioma/BT1010/volumes/T2.nii.gz	6408755
utsw-glioma/BT1010/volumes/brain_mask.nii.gz	313891
utsw-glioma/BT1010/volumes/tumor_seg.nii.gz	224493
utsw-glioma/BT1011/preprocessing_metadata.json	1622
utsw-glioma/BT1011/volumes/FLAIR.nii.gz	6144645
utsw-glioma/BT1011/volumes/T1.nii.gz	6120196
utsw-glioma/BT1011/volumes/T1c.nii.gz	6122879
utsw-glioma/BT1011/volumes/T2.nii.gz	6123113
utsw-glioma/BT1011/volumes/brain_mask.nii.gz	300996
utsw-glioma/BT1011/volumes/tumor_seg.nii.gz	192652
utsw-glioma/BT1012/preprocessing_metadata.json	1645
utsw-glioma/BT1012/volumes/FLAIR.nii.gz	5351399
utsw-glioma/BT1012/volumes/T1.nii.gz	5323634
utsw-glioma/BT1012/volumes/T1c.nii.gz	5332666
utsw-glioma/BT1012/volumes/T2.nii.gz	5353497
utsw-glioma/BT1012/volumes/brain_mask.nii.gz	287880
utsw-glioma/BT1012/volumes/tumor_seg.nii.gz	176330
utsw-glioma/BT1015/preprocessing_metadata.json	1621
utsw-glioma/BT1015/volumes/FLAIR.nii.gz	5877148
utsw-glioma/BT1015/volumes/T1.nii.gz	5825340
utsw-glioma/BT1015/volumes/T1c.nii.gz	5846390
utsw-glioma/BT1015/volumes/T2.nii.gz	5837199
utsw-glioma/BT1015/volumes/brain_mask.nii.gz	299023
utsw-glioma/BT1015/volumes/tumor_seg.nii.gz	177164
utsw-glioma/BT1016/preprocessing_metadata.json	1626
utsw-glioma/BT1016/volumes/FLAIR.nii.gz	5209628
utsw-glioma/BT1016/volumes/T1.nii.gz	5188173
utsw-glioma/BT1016/volumes/T1c.nii.gz	5197623
utsw-glioma/BT1016/volumes/T2.nii.gz	5192260
utsw-glioma/BT1016/volumes/brain_mask.nii.gz	286921
utsw-glioma/BT1016/volumes/tumor_seg.nii.gz	156838
utsw-glioma/BT1017/preprocessing_metadata.json	1646
utsw-glioma/BT1017/volumes/FLAIR.nii.gz	4515749
utsw-glioma/BT1017/volumes/T1.nii.gz	4479085
utsw-glioma/BT1017/volumes/T1c.nii.gz	4491893
utsw-glioma/BT1017/volumes/T2.nii.gz	4486519
utsw-glioma/BT1017/volumes/brain_mask.nii.gz	271640
utsw-glioma/BT1017/volumes/tumor_seg.nii.gz	183692
utsw-glioma/BT1018/preprocessing_metadata.json	1637
utsw-glioma/BT1018/volumes/FLAIR.nii.gz	4572709
utsw-glioma/BT1018/volumes/T1.nii.gz	4541285
utsw-glioma/BT1018/volumes/T1c.nii.gz	4542796
utsw-glioma/BT1018/volumes/T2.nii.gz	4552685
utsw-glioma/BT1018/volumes/brain_mask.nii.gz	261709
utsw-glioma/BT1018/volumes/tumor_seg.nii.gz	182848
utsw-glioma/BT1019/preprocessing_metadata.json	1634
utsw-glioma/BT1019/volumes/FLAIR.nii.gz	4634138
utsw-glioma/BT1019/volumes/T1.nii.gz	4597012
utsw-glioma/BT1019/volumes/T1c.nii.gz	4627854
utsw-glioma/BT1019/volumes/T2.nii.gz	4617682
utsw-glioma/BT1019/volumes/brain_mask.nii.gz	268873
utsw-glioma/BT1019/volumes/tumor_seg.nii.gz	179967
utsw-glioma/BT1020/preprocessing_metadata.json	1640
utsw-glioma/BT1020/volumes/FLAIR.nii.gz	5938295
utsw-glioma/BT1020/volumes/T1.nii.gz	5919566
utsw-glioma/BT1020/volumes/T1c.nii.gz	5915367
utsw-glioma/BT1020/volumes/T2.nii.gz	5911883
utsw-glioma/BT1020/volumes/brain_mask.nii.gz	311568
utsw-glioma/BT1020/volumes/tumor_seg.nii.gz	174401
utsw-glioma/BT1021/preprocessing_metadata.json	1648
utsw-glioma/BT1021/volumes/FLAIR.nii.gz	5688449
utsw-glioma/BT1021/volumes/T1.nii.gz	5623965
utsw-glioma/BT1021/volumes/T1c.nii.gz	5641526
utsw-glioma/BT1021/volumes/T2.nii.gz	5623837
utsw-glioma/BT1021/volumes/brain_mask.nii.gz	298519
utsw-glioma/BT1021/volumes/tumor_seg.nii.gz	230416
utsw-glioma/BT1023/preprocessing_metadata.json	1639
utsw-glioma/BT1023/volumes/FLAIR.nii.gz	5007889
utsw-glioma/BT1023/volumes/T1.nii.gz	4989395
utsw-glioma/BT1023/volumes/T1c.nii.gz	4995158
utsw-glioma/BT1023/volumes/T2.nii.gz	4988285
utsw-glioma/BT1023/volumes/brain_mask.nii.gz	281106
utsw-glioma/BT1023/volumes/tumor_seg.nii.gz	175005
utsw-glioma/BT1025/preprocessing_metadata.json	1650
utsw-glioma/BT1025/volumes/FLAIR.nii.gz	6049862
utsw-glioma/BT1025/volumes/T1.nii.gz	6015481
utsw-glioma/BT1025/volumes/T1c.nii.gz	6030334
utsw-glioma/BT1025/volumes/T2.nii.gz	6036991
utsw-glioma/BT1025/volumes/brain_mask.nii.gz	299464
utsw-glioma/BT1025/volumes/tumor_seg.nii.gz	215958
utsw-glioma/BT1026/preprocessing_metadata.json	1627
utsw-glioma/BT1026/volumes/FLAIR.nii.gz	4908371
utsw-glioma/BT1026/volumes/T1.nii.gz	4872885
utsw-glioma/BT1026/volumes/T1c.nii.gz	4898049
utsw-glioma/BT1026/volumes/T2.nii.gz	4879132
utsw-glioma/BT1026/volumes/brain_mask.nii.gz	280917
utsw-glioma/BT1026/volumes/tumor_seg.nii.gz	214308
utsw-glioma/BT1027/preprocessing_metadata.json	1614
utsw-glioma/BT1027/volumes/FLAIR.nii.gz	5244583
utsw-glioma/BT1027/volumes/T1.nii.gz	5264103
utsw-glioma/BT1027/volumes/T1c.nii.gz	5296819
utsw-glioma/BT1027/volumes/T2.nii.gz	5287041
utsw-glioma/BT1027/volumes/brain_mask.nii.gz	283107
utsw-glioma/BT1027/volumes/tumor_seg.nii.gz	195102
utsw-glioma/BT1028/preprocessing_metadata.json	1651
utsw-glioma/BT1028/volumes/FLAIR.nii.gz	5484028
utsw-glioma/BT1028/volumes/T1.nii.gz	5456570
utsw-glioma/BT1028/volumes/T1c.nii.gz	5473712
utsw-glioma/BT1028/volumes/T2.nii.gz	5468908
utsw-glioma/BT1028/volumes/brain_mask.nii.gz	304292
utsw-glioma/BT1028/volumes/tumor_seg.nii.gz	226242
utsw-glioma/BT1029/preprocessing_metadata.json	1648
utsw-glioma/BT1029/volumes/FLAIR.nii.gz	5132871
utsw-glioma/BT1029/volumes/T1.nii.gz	5125046
utsw-glioma/BT1029/volumes/T1c.nii.gz	5159427
utsw-glioma/BT1029/volumes/T2.nii.gz	5102332
utsw-glioma/BT1029/volumes/brain_mask.nii.gz	285273
utsw-glioma/BT1029/volumes/tumor_seg.nii.gz	212489
utsw-glioma/BT1032/preprocessing_metadata.json	1634
utsw-glioma/BT1032/volumes/FLAIR.nii.gz	5256367
utsw-glioma/BT1032/volumes/T1.nii.gz	5262898
utsw-glioma/BT1032/volumes/T1c.nii.gz	5289979
utsw-glioma/BT1032/volumes/T2.nii.gz	5252730
utsw-glioma/BT1032/volumes/brain_mask.nii.gz	287554
utsw-glioma/BT1032/volumes/tumor_seg.nii.gz	230207
utsw-glioma/BT1033/preprocessing_metadata.json	1649
utsw-glioma/BT1033/volumes/FLAIR.nii.gz	5887284
utsw-glioma/BT1033/volumes/T1.nii.gz	5881520
utsw-glioma/BT1033/volumes/T1c.nii.gz	5923402
utsw-glioma/BT1033/volumes/T2.nii.gz	5878848
utsw-glioma/BT1033/volumes/brain_mask.nii.gz	305459
utsw-glioma/BT1033/volumes/tumor_seg.nii.gz	226819
utsw-glioma/BT1034/preprocessing_metadata.json	1642
utsw-glioma/BT1034/volumes/FLAIR.nii.gz	5588236
utsw-glioma/BT1034/volumes/T1.nii.gz	5595713
utsw-glioma/BT1034/volumes/T1c.nii.gz	5597714
utsw-glioma/BT1034/volumes/T2.nii.gz	5594954
utsw-glioma/BT1034/volumes/brain_mask.nii.gz	293943
utsw-glioma/BT1034/volumes/tumor_seg.nii.gz	164677
utsw-glioma/BT1035/preprocessing_metadata.json	1646
utsw-glioma/BT1035/volumes/FLAIR.nii.gz	4575878
utsw-glioma/BT1035/volumes/T1.nii.gz	4558378
utsw-glioma/BT1035/volumes/T1c.nii.gz	4571010
utsw-glioma/BT1035/volumes/T2.nii.gz	4546525
utsw-glioma/BT1035/volumes/brain_mask.nii.gz	274865
utsw-glioma/BT1035/volumes/tumor_seg.nii.gz	213199
utsw-glioma/BT1036/preprocessing_metadata.json	1633
utsw-glioma/BT1036/volumes/FLAIR.nii.gz	6573490
utsw-glioma/BT1036/volumes/T1.nii.gz	6563388
utsw-glioma/BT1036/volumes/T1c.nii.gz	6590947
utsw-glioma/BT1036/volumes/T2.nii.gz	6574117
utsw-glioma/BT1036/volumes/brain_mask.nii.gz	320543
utsw-glioma/BT1036/volumes/tumor_seg.nii.gz	180901
utsw-glioma/BT1037/preprocessing_metadata.json	1633
utsw-glioma/BT1037/volumes/FLAIR.nii.gz	3796763
utsw-glioma/BT1037/volumes/T1.nii.gz	3780903
utsw-glioma/BT1037/volumes/T1c.nii.gz	3792870
utsw-glioma/BT1037/volumes/T2.nii.gz	3745621
utsw-glioma/BT1037/volumes/brain_mask.nii.gz	251228
utsw-glioma/BT1037/volumes/tumor_seg.nii.gz	213583
utsw-glioma/BT1038/preprocessing_metadata.json	1651
utsw-glioma/BT1038/volumes/FLAIR.nii.gz	5756188
utsw-glioma/BT1038/volumes/T1.nii.gz	5723801
utsw-glioma/BT1038/volumes/T1c.nii.gz	5735705
utsw-glioma/BT1038/volumes/T2.nii.gz	5718951
utsw-glioma/BT1038/volumes/brain_mask.nii.gz	303084
utsw-glioma/BT1038/volumes/tumor_seg.nii.gz	182006
utsw-glioma/BT1039/preprocessing_metadata.json	1647
utsw-glioma/BT1039/volumes/FLAIR.nii.gz	5295276
utsw-glioma/BT1039/volumes/T1.nii.gz	5264746
utsw-glioma/BT1039/volumes/T1c.nii.gz	5289221
utsw-glioma/BT1039/volumes/T2.nii.gz	5292688
utsw-glioma/BT1039/volumes/brain_mask.nii.gz	290011
utsw-glioma/BT1039/volumes/tumor_seg.nii.gz	242485
utsw-glioma/BT1041/preprocessing_metadata.json	1631
utsw-glioma/BT1041/volumes/FLAIR.nii.gz	4604231
utsw-glioma/BT1041/volumes/T1.nii.gz	4580036
utsw-glioma/BT1041/volumes/T1c.nii.gz	4588839
utsw-glioma/BT1041/volumes/T2.nii.gz	4550576
utsw-glioma/BT1041/volumes/brain_mask.nii.gz	262198
utsw-glioma/BT1041/volumes/tumor_seg.nii.gz	186968
utsw-glioma/BT1042/preprocessing_metadata.json	1644
utsw-glioma/BT1042/volumes/FLAIR.nii.gz	3644938
utsw-glioma/BT1042/volumes/T1.nii.gz	3619431
utsw-glioma/BT1042/volumes/T1c.nii.gz	3627033
utsw-glioma/BT1042/volumes/T2.nii.gz	3599576
utsw-glioma/BT1042/volumes/brain_mask.nii.gz	238619
utsw-glioma/BT1042/volumes/tumor_seg.nii.gz	192106
utsw-glioma/BT1046/preprocessing_metadata.json	1629
utsw-glioma/BT1046/volumes/FLAIR.nii.gz	6007263
utsw-glioma/BT1046/volumes/T1.nii.gz	5987901
utsw-glioma/BT1046/volumes/T1c.nii.gz	5989424
utsw-glioma/BT1046/volumes/T2.nii.gz	5976726
utsw-glioma/BT1046/volumes/brain_mask.nii.gz	312594
utsw-glioma/BT1046/volumes/tumor_seg.nii.gz	175536
utsw-glioma/BT1048/preprocessing_metadata.json	1649
utsw-glioma/BT1048/volumes/FLAIR.nii.gz	5028927
utsw-glioma/BT1048/volumes/T1.nii.gz	5023617
utsw-glioma/BT1048/volumes/T1c.nii.gz	5050139
utsw-glioma/BT1048/volumes/T2.nii.gz	4997042
utsw-glioma/BT1048/volumes/brain_mask.nii.gz	285770
utsw-glioma/BT1048/volumes/tumor_seg.nii.gz	245367
utsw-glioma/BT1050/preprocessing_metadata.json	1644
utsw-glioma/BT1050/volumes/FLAIR.nii.gz	4914208
utsw-glioma/BT1050/volumes/T1.nii.gz	4889652
utsw-glioma/BT1050/volumes/T1c.nii.gz	4894474
utsw-glioma/BT1050/volumes/T2.nii.gz	4886991
utsw-glioma/BT1050/volumes/brain_mask.nii.gz	284744
utsw-glioma/BT1050/volumes/tumor_seg.nii.gz	177766
utsw-glioma/BT1051/preprocessing_metadata.json	1636
utsw-glioma/BT1051/volumes/FLAIR.nii.gz	6061597
utsw-glioma/BT1051/volumes/T1.nii.gz	6016675
utsw-glioma/BT1051/volumes/T1c.nii.gz	6029665
utsw-glioma/BT1051/volumes/T2.nii.gz	6039489
utsw-glioma/BT1051/volumes/brain_mask.nii.gz	314002
utsw-glioma/BT1051/volumes/tumor_seg.nii.gz	199605
utsw-glioma/BT1053/preprocessing_metadata.json	1634
utsw-glioma/BT1053/volumes/FLAIR.nii.gz	5565160
utsw-glioma/BT1053/volumes/T1.nii.gz	5516164
utsw-glioma/BT1053/volumes/T1c.nii.gz	5550736
utsw-glioma/BT1053/volumes/T2.nii.gz	5547546
utsw-glioma/BT1053/volumes/brain_mask.nii.gz	285808
utsw-glioma/BT1053/volumes/tumor_seg.nii.gz	244048
utsw-glioma/BT1054/preprocessing_metadata.json	1640
utsw-glioma/BT1054/volumes/FLAIR.nii.gz	4529170
utsw-glioma/BT1054/volumes/T1.nii.gz	4513272
utsw-glioma/BT1054/volumes/T1c.nii.gz	4513625
utsw-glioma/BT1054/volumes/T2.nii.gz	4511732
utsw-glioma/BT1054/volumes/brain_mask.nii.gz	268599
utsw-glioma/BT1054/volumes/tumor_seg.nii.gz	156199
utsw-glioma/BT1056/preprocessing_metadata.json	1640
utsw-glioma/BT1056/volumes/FLAIR.nii.gz	5417872
utsw-glioma/BT1056/volumes/T1.nii.gz	5378612
utsw-glioma/BT1056/volumes/T1c.nii.gz	5411480
utsw-glioma/BT1056/volumes/T2.nii.gz	5405152
utsw-glioma/BT1056/volumes/brain_mask.nii.gz	288428
utsw-glioma/BT1056/volumes/tumor_seg.nii.gz	198634
utsw-glioma/BT1058/preprocessing_metadata.json	1652
utsw-glioma/BT1058/volumes/FLAIR.nii.gz	5516537
utsw-glioma/BT1058/volumes/T1.nii.gz	5486686
utsw-glioma/BT1058/volumes/T1c.nii.gz	5541427
utsw-glioma/BT1058/volumes/T2.nii.gz	5474313
utsw-glioma/BT1058/volumes/brain_mask.nii.gz	295519
utsw-glioma/BT1058/volumes/tumor_seg.nii.gz	227217
utsw-glioma/BT1060/preprocessing_metadata.json	1645
utsw-glioma/BT1060/volumes/FLAIR.nii.gz	4929365
utsw-glioma/BT1060/volumes/T1.nii.gz	4915353
utsw-glioma/BT1060/volumes/T1c.nii.gz	4902634
utsw-glioma/BT1060/volumes/T2.nii.gz	4895717
utsw-glioma/BT1060/volumes/brain_mask.nii.gz	280933
utsw-glioma/BT1060/volumes/tumor_seg.nii.gz	217921
utsw-glioma/BT1067/preprocessing_metadata.json	1645
utsw-glioma/BT1067/volumes/FLAIR.nii.gz	6427219
utsw-glioma/BT1067/volumes/T1.nii.gz	6398756
utsw-glioma/BT1067/volumes/T1c.nii.gz	6430020
utsw-glioma/BT1067/volumes/T2.nii.gz	6416601
utsw-glioma/BT1067/volumes/brain_mask.nii.gz	310022
utsw-glioma/BT1067/volumes/tumor_seg.nii.gz	270139
utsw-glioma/BT1068/preprocessing_metadata.json	1639
utsw-glioma/BT1068/volumes/FLAIR.nii.gz	5243087
utsw-glioma/BT1068/volumes/T1.nii.gz	5202850
utsw-glioma/BT1068/volumes/T1c.nii.gz	5203704
utsw-glioma/BT1068/volumes/T2.nii.gz	5215985
utsw-glioma/BT1068/volumes/brain_mask.nii.gz	293187
utsw-glioma/BT1068/volumes/tumor_seg.nii.gz	187258
utsw-glioma/BT1070/preprocessing_metadata.json	1621
utsw-glioma/BT1070/volumes/FLAIR.nii.gz	5360046
utsw-glioma/BT1070/volumes/T1.nii.gz	5338620
utsw-glioma/BT1070/volumes/T1c.nii.gz	5343951
utsw-glioma/BT1070/volumes/T2.nii.gz	5331897
utsw-glioma/BT1070/volumes/brain_mask.nii.gz	286475
utsw-glioma/BT1070/volumes/tumor_seg.nii.gz	184995
utsw-glioma/BT1071/preprocessing_metadata.json	1639
utsw-glioma/BT1071/volumes/FLAIR.nii.gz	4743446
utsw-glioma/BT1071/volumes/T1.nii.gz	4743695
utsw-glioma/BT1071/volumes/T1c.nii.gz	4760797
utsw-glioma/BT1071/volumes/T2.nii.gz	4737547
utsw-glioma/BT1071/volumes/brain_mask.nii.gz	278752
utsw-glioma/BT1071/volumes/tumor_seg.nii.gz	172533
utsw-glioma/BT1072/preprocessing_metadata.json	1623
utsw-glioma/BT1072/volumes/FLAIR.nii.gz	5743646
utsw-glioma/BT1072/volumes/T1.nii.gz	5708238
utsw-glioma/BT1072/volumes/T1c.nii.gz	5731200
utsw-glioma/BT1072/volumes/T2.nii.gz	5734189
utsw-glioma/BT1072/volumes/brain_mask.nii.gz	301705
utsw-glioma/BT1072/volumes/tumor_seg.nii.gz	167172
utsw-glioma/BT1073/preprocessing_metadata.json	1647
utsw-glioma/BT1073/volumes/FLAIR.nii.gz	5322634
utsw-glioma/BT1073/volumes/T1.nii.gz	5301061
utsw-glioma/BT1073/volumes/T1c.nii.gz	5304045
utsw-glioma/BT1073/volumes/T2.nii.gz	5307217
utsw-glioma/BT1073/volumes/brain_mask.nii.gz	298055
utsw-glioma/BT1073/volumes/tumor_seg.nii.gz	169761
utsw-glioma/BT1076/preprocessing_metadata.json	1633
utsw-glioma/BT1076/volumes/FLAIR.nii.gz	5570601
utsw-glioma/BT1076/volumes/T1.nii.gz	5519787
utsw-glioma/BT1076/volumes/T1c.nii.gz	5546413
utsw-glioma/BT1076/volumes/T2.nii.gz	5539047
utsw-glioma/BT1076/volumes/brain_mask.nii.gz	296684
utsw-glioma/BT1076/volumes/tumor_seg.nii.gz	162810
utsw-glioma/BT1079/preprocessing_metadata.json	1632
utsw-glioma/BT1079/volumes/FLAIR.nii.gz	5160335
utsw-glioma/BT1079/volumes/T1.nii.gz	5134258
utsw-glioma/BT1079/volumes/T1c.nii.gz	5139152
utsw-glioma/BT1079/volumes/T2.nii.gz	5139777
utsw-glioma/BT1079/volumes/brain_mask.nii.gz	287412
utsw-glioma/BT1079/volumes/tumor_seg.nii.gz	188257
utsw-glioma/BT1080/preprocessing_metadata.json	1648
utsw-glioma/BT1080/volumes/FLAIR.nii.gz	4951679
utsw-glioma/BT1080/volumes/T1.nii.gz	4932418
utsw-glioma/BT1080/volumes/T1c.nii.gz	4931305
utsw-glioma/BT1080/volumes/T2.nii.gz	4915788
utsw-glioma/BT1080/volumes/brain_mask.nii.gz	277442
utsw-glioma/BT1080/volumes/tumor_seg.nii.gz	188828
utsw-glioma/BT1081/preprocessing_metadata.json	1638
utsw-glioma/BT1081/volumes/FLAIR.nii.gz	5434285
utsw-glioma/BT1081/volumes/T1.nii.gz	5415651
utsw-glioma/BT1081/volumes/T1c.nii.gz	5417507
utsw-glioma/BT1081/volumes/T2.nii.gz	5431909
utsw-glioma/BT1081/volumes/brain_mask.nii.gz	282736
utsw-glioma/BT1081/volumes/tumor_seg.nii.gz	186633
utsw-glioma/BT1082/preprocessing_metadata.json	1633
utsw-glioma/BT1082/volumes/FLAIR.nii.gz	4871279
utsw-glioma/BT1082/volumes/T1.nii.gz	4843210
utsw-glioma/BT1082/volumes/T1c.nii.gz	4861159
utsw-glioma/BT1082/volumes/T2.nii.gz	4836768
utsw-glioma/BT1082/volumes/brain_mask.nii.gz	283874
utsw-glioma/BT1082/volumes/tumor_seg.nii.gz	221720
utsw-glioma/BT1083/preprocessing_metadata.json	1636
utsw-glioma/BT1083/volumes/FLAIR.nii.gz	5784712
utsw-glioma/BT1083/volumes/T1.nii.gz	5781327
utsw-glioma/BT1083/volumes/T1c.nii.gz	5806517
utsw-glioma/BT1083/volumes/T2.nii.gz	5768496
utsw-glioma/BT1083/volumes/brain_mask.nii.gz	309280
utsw-glioma/BT1083/volumes/tumor_seg.nii.gz	178155
utsw-glioma/BT1084/preprocessing_metadata.json	1645
utsw-glioma/BT1084/volumes/FLAIR.nii.gz	6782928
utsw-glioma/BT1084/volumes/T1.nii.gz	6734083
utsw-glioma/BT1084/volumes/T1c.nii.gz	6772377
utsw-glioma/BT1084/volumes/T2.nii.gz	6710083
utsw-glioma/BT1084/volumes/brain_mask.nii.gz	314842
utsw-glioma/BT1084/volumes/tumor_seg.nii.gz	235326
utsw-glioma/BT1085/preprocessing_metadata.json	1643
utsw-glioma/BT1085/volumes/FLAIR.nii.gz	4558136
utsw-glioma/BT1085/volumes/T1.nii.gz	4549137
utsw-glioma/BT1085/volumes/T1c.nii.gz	4551656
utsw-glioma/BT1085/volumes/T2.nii.gz	4554418
utsw-glioma/BT1085/volumes/brain_mask.nii.gz	256432
utsw-glioma/BT1085/volumes/tumor_seg.nii.gz	192068
utsw-glioma/BT1086/preprocessing_metadata.json	1637
utsw-glioma/BT1086/volumes/FLAIR.nii.gz	5514187
utsw-glioma/BT1086/volumes/T1.nii.gz	5474783
utsw-glioma/BT1086/volumes/T1c.nii.gz	5486503
utsw-glioma/BT1086/volumes/T2.nii.gz	5488855
utsw-glioma/BT1086/volumes/brain_mask.nii.gz	295563
utsw-glioma/BT1086/volumes/tumor_seg.nii.gz	164839
utsw-glioma/BT1087/preprocessing_metadata.json	1639
utsw-glioma/BT1087/volumes/FLAIR.nii.gz	4732951
utsw-glioma/BT1087/volumes/T1.nii.gz	4704666
utsw-glioma/BT1087/volumes/T1c.nii.gz	4710392
utsw-glioma/BT1087/volumes/T2.nii.gz	4695946
utsw-glioma/BT1087/volumes/brain_mask.nii.gz	274549
utsw-glioma/BT1087/volumes/tumor_seg.nii.gz	175666
utsw-glioma/BT1088/preprocessing_metadata.json	1647
utsw-glioma/BT1088/volumes/FLAIR.nii.gz	5702378
utsw-glioma/BT1088/volumes/T1.nii.gz	5707925
utsw-glioma/BT1088/volumes/T1c.nii.gz	5723269
utsw-glioma/BT1088/volumes/T2.nii.gz	5696373
utsw-glioma/BT1088/volumes/brain_mask.nii.gz	304143
utsw-glioma/BT1088/volumes/tumor_seg.nii.gz	176984
utsw-glioma/BT1090/preprocessing_metadata.json	1612
utsw-glioma/BT1090/volumes/FLAIR.nii.gz	3012122
utsw-glioma/BT1090/volumes/T1.nii.gz	2991106
utsw-glioma/BT1090/volumes/T1c.nii.gz	3003475
utsw-glioma/BT1090/volumes/T2.nii.gz	2976415
utsw-glioma/BT1090/volumes/brain_mask.nii.gz	221554
utsw-glioma/BT1090/volumes/tumor_seg.nii.gz	131679
utsw-glioma/BT1091/preprocessing_metadata.json	1646
utsw-glioma/BT1091/volumes/FLAIR.nii.gz	5643038
utsw-glioma/BT1091/volumes/T1.nii.gz	5629422
utsw-glioma/BT1091/volumes/T1c.nii.gz	5641506
utsw-glioma/BT1091/volumes/T2.nii.gz	5628131
utsw-glioma/BT1091/volumes/brain_mask.nii.gz	303158
utsw-glioma/BT1091/volumes/tumor_seg.nii.gz	183852
utsw-glioma/BT1092/preprocessing_metadata.json	1624
utsw-glioma/BT1092/volumes/FLAIR.nii.gz	6044967
utsw-glioma/BT1092/volumes/T1.nii.gz	5993498
utsw-glioma/BT1092/volumes/T1c.nii.gz	6010309
utsw-glioma/BT1092/volumes/T2.nii.gz	6004194
utsw-glioma/BT1092/volumes/brain_mask.nii.gz	322320
utsw-glioma/BT1092/volumes/tumor_seg.nii.gz	191905
utsw-glioma/BT1094/preprocessing_metadata.json	1649
utsw-glioma/BT1094/volumes/FLAIR.nii.gz	5304066
utsw-glioma/BT1094/volumes/T1.nii.gz	5301234
utsw-glioma/BT1094/volumes/T1c.nii.gz	5317081
utsw-glioma/BT1094/volumes/T2.nii.gz	5315857
utsw-glioma/BT1094/volumes/brain_mask.nii.gz	294342
utsw-glioma/BT1094/volumes/tumor_seg.nii.gz	200462
utsw-glioma/BT1095/preprocessing_metadata.json	1644
utsw-glioma/BT1095/volumes/FLAIR.nii.gz	5982494
utsw-glioma/BT1095/volumes/T1.nii.gz	5977631
utsw-glioma/BT1095/volumes/T1c.nii.gz	5992351
utsw-glioma/BT1095/volumes/T2.nii.gz	5986054
utsw-glioma/BT1095/volumes/brain_mask.nii.gz	319397
utsw-glioma/BT1095/volumes/tumor_seg.nii.gz	231342
utsw-glioma/BT1096/preprocessing_metadata.json	1647
utsw-glioma/BT1096/volumes/FLAIR.nii.gz	6011073
utsw-glioma/BT1096/volumes/T1.nii.gz	5948522
utsw-glioma/BT1096/volumes/T1c.nii.gz	6001426
utsw-glioma/BT1096/volumes/T2.nii.gz	5973327
utsw-glioma/BT1096/volumes/brain_mask.nii.gz	309048
utsw-glioma/BT1096/volumes/tumor_seg.nii.gz	164414
utsw-glioma/BT1098/preprocessing_metadata.json	1625
utsw-glioma/BT1098/volumes/FLAIR.nii.gz	4458247
utsw-glioma/BT1098/volumes/T1.nii.gz	4419731
utsw-glioma/BT1098/volumes/T1c.nii.gz	4419044
utsw-glioma/BT1098/volumes/T2.nii.gz	4394098
utsw-glioma/BT1098/volumes/brain_mask.nii.gz	277732
utsw-glioma/BT1098/volumes/tumor_seg.nii.gz	187910
utsw-glioma/BT1099/preprocessing_metadata.json	1646
utsw-glioma/BT1099/volumes/FLAIR.nii.gz	6330245
utsw-glioma/BT1099/volumes/T1.nii.gz	6293877
utsw-glioma/BT1099/volumes/T1c.nii.gz	6295923
utsw-glioma/BT1099/volumes/T2.nii.gz	6301204
utsw-glioma/BT1099/volumes/brain_mask.nii.gz	309752
utsw-glioma/BT1099/volumes/tumor_seg.nii.gz	172839
utsw-glioma/BT1100/preprocessing_metadata.json	1635
utsw-glioma/BT1100/volumes/FLAIR.nii.gz	4915240
utsw-glioma/BT1100/volumes/T1.nii.gz	4895402
utsw-glioma/BT1100/volumes/T1c.nii.gz	4892672
utsw-glioma/BT1100/volumes/T2.nii.gz	4865735
utsw-glioma/BT1100/volumes/brain_mask.nii.gz	280614
utsw-glioma/BT1100/volumes/tumor_seg.nii.gz	195553
utsw-glioma/BT1102/preprocessing_metadata.json	1648
utsw-glioma/BT1102/volumes/FLAIR.nii.gz	5864025
utsw-glioma/BT1102/volumes/T1.nii.gz	5823855
utsw-glioma/BT1102/volumes/T1c.nii.gz	5835337
utsw-glioma/BT1102/volumes/T2.nii.gz	5814848
utsw-glioma/BT1102/volumes/brain_mask.nii.gz	296068
utsw-glioma/BT1102/volumes/tumor_seg.nii.gz	185945
utsw-glioma/BT1103/preprocessing_metadata.json	1646
utsw-glioma/BT1103/volumes/FLAIR.nii.gz	4689657
utsw-glioma/BT1103/volumes/T1.nii.gz	4699478
utsw-glioma/BT1103/volumes/T1c.nii.gz	4728259
utsw-glioma/BT1103/volumes/T2.nii.gz	4708602
utsw-glioma/BT1103/volumes/brain_mask.nii.gz	284724
utsw-glioma/BT1103/volumes/tumor_seg.nii.gz	196853
utsw-glioma/BT1104/preprocessing_metadata.json	1649
utsw-glioma/BT1104/volumes/FLAIR.nii.gz	5907992
utsw-glioma/BT1104/volumes/T1.nii.gz	5882363
utsw-glioma/BT1104/volumes/T1c.nii.gz	5869936
utsw-glioma/BT1104/volumes/T2.nii.gz	5912401
utsw-glioma/BT1104/volumes/brain_mask.nii.gz	308673
utsw-glioma/BT1104/volumes/tumor_seg.nii.gz	174990
utsw-glioma/BT1105/preprocessing_metadata.json	1622
utsw-glioma/BT1105/volumes/FLAIR.nii.gz	6073263
utsw-glioma/BT1105/volumes/T1.nii.gz	6085485
utsw-glioma/BT1105/volumes/T1c.nii.gz	6095620
utsw-glioma/BT1105/volumes/T2.nii.gz	6076132
utsw-glioma/BT1105/volumes/brain_mask.nii.gz	316495
utsw-glioma/BT1105/volumes/tumor_seg.nii.gz	217655
utsw-glioma/BT1106/preprocessing_metadata.json	1644
utsw-glioma/BT1106/volumes/FLAIR.nii.gz	5791854
utsw-glioma/BT1106/volumes/T1.nii.gz	5759876
utsw-glioma/BT1106/volumes/T1c.nii.gz	5789735
utsw-glioma/BT1106/volumes/T2.nii.gz	5749946
utsw-glioma/BT1106/volumes/brain_mask.nii.gz	310349
utsw-glioma/BT1106/volumes/tumor_seg.nii.gz	245377
utsw-glioma/BT1107/preprocessing_metadata.json	1651
utsw-glioma/BT1107/volumes/FLAIR.nii.gz	4633021
utsw-glioma/BT1107/volumes/T1.nii.gz	4610583
utsw-glioma/BT1107/volumes/T1c.nii.gz	4650087
utsw-glioma/BT1107/volumes/T2.nii.gz	4588322
utsw-glioma/BT1107/volumes/brain_mask.nii.gz	277870
utsw-glioma/BT1107/volumes/tumor_seg.nii.gz	213843
utsw-glioma/BT1108/preprocessing_metadata.json	1650
utsw-glioma/BT1108/volumes/FLAIR.nii.gz	5015144
utsw-glioma/BT1108/volumes/T1.nii.gz	5002696
utsw-glioma/BT1108/volumes/T1c.nii.gz	5006529
utsw-glioma/BT1108/volumes/T2.nii.gz	5005250
utsw-glioma/BT1108/volumes/brain_mask.nii.gz	288990
utsw-glioma/BT1108/volumes/tumor_seg.nii.gz	187053
utsw-glioma/BT1109/preprocessing_metadata.json	1629
utsw-glioma/BT1109/volumes/FLAIR.nii.gz	6250279
utsw-glioma/BT1109/volumes/T1.nii.gz	6215477
utsw-glioma/BT1109/volumes/T1c.nii.gz	6254011
utsw-glioma/BT1109/volumes/T2.nii.gz	6218180
utsw-glioma/BT1109/volumes/brain_mask.nii.gz	310782
utsw-glioma/BT1109/volumes/tumor_seg.nii.gz	222115
utsw-glioma/BT1110/preprocessing_metadata.json	1648
utsw-glioma/BT1110/volumes/FLAIR.nii.gz	5460363
utsw-glioma/BT1110/volumes/T1.nii.gz	5427868
utsw-glioma/BT1110/volumes/T1c.nii.gz	5446854
utsw-glioma/BT1110/volumes/T2.nii.gz	5428248
utsw-glioma/BT1110/volumes/brain_mask.nii.gz	300933
utsw-glioma/BT1110/volumes/tumor_seg.nii.gz	205609
utsw-glioma/BT1112/preprocessing_metadata.json	1644
utsw-glioma/BT1112/volumes/FLAIR.nii.gz	4577979
utsw-glioma/BT1112/volumes/T1.nii.gz	4540536
utsw-glioma/BT1112/volumes/T1c.nii.gz	4558545
utsw-glioma/BT1112/volumes/T2.nii.gz	4543249
utsw-glioma/BT1112/volumes/brain_mask.nii.gz	267918
utsw-glioma/BT1112/volumes/tumor_seg.nii.gz	177107
utsw-glioma/BT1113/preprocessing_metadata.json	1627
utsw-glioma/BT1113/volumes/FLAIR.nii.gz	5247309
utsw-glioma/BT1113/volumes/T1.nii.gz	5223215
utsw-glioma/BT1113/volumes/T1c.nii.gz	5250251
utsw-glioma/BT1113/volumes/T2.nii.gz	5200482
utsw-glioma/BT1113/volumes/brain_mask.nii.gz	281920
utsw-glioma/BT1113/volumes/tumor_seg.nii.gz	203726
utsw-glioma/BT1114/preprocessing_metadata.json	1640
utsw-glioma/BT1114/volumes/FLAIR.nii.gz	6619280
utsw-glioma/BT1114/volumes/T1.nii.gz	6552236
utsw-glioma/BT1114/volumes/T1c.nii.gz	6569137
utsw-glioma/BT1114/volumes/T2.nii.gz	6548335
utsw-glioma/BT1114/volumes/brain_mask.nii.gz	315017
utsw-glioma/BT1114/volumes/tumor_seg.nii.gz	194715
utsw-glioma/BT1115/preprocessing_metadata.json	1636
utsw-glioma/BT1115/volumes/FLAIR.nii.gz	4374455
utsw-glioma/BT1115/volumes/T1.nii.gz	4357771
utsw-glioma/BT1115/volumes/T1c.nii.gz	4354446
utsw-glioma/BT1115/volumes/T2.nii.gz	4329104
utsw-glioma/BT1115/volumes/brain_mask.nii.gz	266952
utsw-glioma/BT1115/volumes/tumor_seg.nii.gz	152949
utsw-glioma/BT1116/preprocessing_metadata.json	1632
utsw-glioma/BT1116/volumes/FLAIR.nii.gz	4053217
utsw-glioma/BT1116/volumes/T1.nii.gz	4021895
utsw-glioma/BT1116/volumes/T1c.nii.gz	4036879
utsw-glioma/BT1116/volumes/T2.nii.gz	4009653
utsw-glioma/BT1116/volumes/brain_mask.nii.gz	248154
utsw-glioma/BT1116/volumes/tumor_seg.nii.gz	176419
utsw-glioma/BT1117/preprocessing_metadata.json	1635
utsw-glioma/BT1117/volumes/FLAIR.nii.gz	5091338
utsw-glioma/BT1117/volumes/T1.nii.gz	5057797
utsw-glioma/BT1117/volumes/T1c.nii.gz	5073852
utsw-glioma/BT1117/volumes/T2.nii.gz	5071215
utsw-glioma/BT1117/volumes/brain_mask.nii.gz	294105
utsw-glioma/BT1117/volumes/tumor_seg.nii.gz	214204
utsw-glioma/BT1120/preprocessing_metadata.json	1645
utsw-glioma/BT1120/volumes/FLAIR.nii.gz	5266315
utsw-glioma/BT1120/volumes/T1.nii.gz	5267054
utsw-glioma/BT1120/volumes/T1c.nii.gz	5276251
utsw-glioma/BT1120/volumes/T2.nii.gz	5267328
utsw-glioma/BT1120/volumes/brain_mask.nii.gz	298870
utsw-glioma/BT1120/volumes/tumor_seg.nii.gz	208378
utsw-glioma/BT1121/preprocessing_metadata.json	1636
utsw-glioma/BT1121/volumes/FLAIR.nii.gz	5623884
utsw-glioma/BT1121/volumes/T1.nii.gz	5591507
utsw-glioma/BT1121/volumes/T1c.nii.gz	5631156
utsw-glioma/BT1121/volumes/T2.nii.gz	5595417
utsw-glioma/BT1121/volumes/brain_mask.nii.gz	300217
utsw-glioma/BT1121/volumes/tumor_seg.nii.gz	226476
utsw-glioma/BT1122/preprocessing_metadata.json	1630
utsw-glioma/BT1122/volumes/FLAIR.nii.gz	5995016
utsw-glioma/BT1122/volumes/T1.nii.gz	5978356
utsw-glioma/BT1122/volumes/T1c.nii.gz	5975445
utsw-glioma/BT1122/volumes/T2.nii.gz	5971944
utsw-glioma/BT1122/volumes/brain_mask.nii.gz	307380
utsw-glioma/BT1122/volumes/tumor_seg.nii.gz	201260
utsw-glioma/BT1123/preprocessing_metadata.json	1641
utsw-glioma/BT1123/volumes/FLAIR.nii.gz	4642881
utsw-glioma/BT1123/volumes/T1.nii.gz	4600447
utsw-glioma/BT1123/volumes/T1c.nii.gz	4624773
utsw-glioma/BT1123/volumes/T2.nii.gz	4618409
utsw-glioma/BT1123/volumes/brain_mask.nii.gz	277485
utsw-glioma/BT1123/volumes/tumor_seg.nii.gz	216344
utsw-glioma/BT1124/preprocessing_metadata.json	1645
utsw-glioma/BT1124/volumes/FLAIR.nii.gz	4393856
utsw-glioma/BT1124/volumes/T1.nii.gz	4387452
utsw-glioma/BT1124/volumes/T1c.nii.gz	4387660
utsw-glioma/BT1124/volumes/T2.nii.gz	4388327
utsw-glioma/BT1124/volumes/brain_mask.nii.gz	260167
utsw-glioma/BT1124/volumes/tumor_seg.nii.gz	158636
utsw-glioma/BT1125/preprocessing_metadata.json	1642
utsw-glioma/BT1125/volumes/FLAIR.nii.gz	4756218
utsw-glioma/BT1125/volumes/T1.nii.gz	4728844
utsw-glioma/BT1125/volumes/T1c.nii.gz	4732729
utsw-glioma/BT1125/volumes/T2.nii.gz	4718587
utsw-glioma/BT1125/volumes/brain_mask.nii.gz	288223
utsw-glioma/BT1125/volumes/tumor_seg.nii.gz	177695
utsw-glioma/BT1126/preprocessing_metadata.json	1644
utsw-glioma/BT1126/volumes/FLAIR.nii.gz	5185333
utsw-glioma/BT1126/volumes/T1.nii.gz	5166504
utsw-glioma/BT1126/volumes/T1c.nii.gz	5188065
utsw-glioma/BT1126/volumes/T2.nii.gz	5174335
utsw-glioma/BT1126/volumes/brain_mask.nii.gz	286068
utsw-glioma/BT1126/volumes/tumor_seg.nii.gz	196978
utsw-glioma/BT1128/preprocessing_metadata.json	1647
utsw-glioma/BT1128/volumes/FLAIR.nii.gz	5426317
utsw-glioma/BT1128/volumes/T1.nii.gz	5405814
utsw-glioma/BT1128/volumes/T1c.nii.gz	5405453
utsw-glioma/BT1128/volumes/T2.nii.gz	5378767
utsw-glioma/BT1128/volumes/brain_mask.nii.gz	295345
utsw-glioma/BT1128/volumes/tumor_seg.nii.gz	183002
utsw-glioma/BT1129/preprocessing_metadata.json	1626
utsw-glioma/BT1129/volumes/FLAIR.nii.gz	5467687
utsw-glioma/BT1129/volumes/T1.nii.gz	5435541
utsw-glioma/BT1129/volumes/T1c.nii.gz	5446852
utsw-glioma/BT1129/volumes/T2.nii.gz	5430573
utsw-glioma/BT1129/volumes/brain_mask.nii.gz	291049
utsw-glioma/BT1129/volumes/tumor_seg.nii.gz	200724
utsw-glioma/BT1131/preprocessing_metadata.json	1647
utsw-glioma/BT1131/volumes/FLAIR.nii.gz	4693771
utsw-glioma/BT1131/volumes/T1.nii.gz	4691590
utsw-glioma/BT1131/volumes/T1c.nii.gz	4703641
utsw-glioma/BT1131/volumes/T2.nii.gz	4683219
utsw-glioma/BT1131/volumes/brain_mask.nii.gz	285975
utsw-glioma/BT1131/volumes/tumor_seg.nii.gz	185949
utsw-glioma/BT1134/preprocessing_metadata.json	1639
utsw-glioma/BT1134/volumes/FLAIR.nii.gz	5705488
utsw-glioma/BT1134/volumes/T1.nii.gz	5676375
utsw-glioma/BT1134/volumes/T1c.nii.gz	5692985
utsw-glioma/BT1134/volumes/T2.nii.gz	5675362
utsw-glioma/BT1134/volumes/brain_mask.nii.gz	302112
utsw-glioma/BT1134/volumes/tumor_seg.nii.gz	207356
utsw-glioma/BT1135/preprocessing_metadata.json	1636
utsw-glioma/BT1135/volumes/FLAIR.nii.gz	5333621
utsw-glioma/BT1135/volumes/T1.nii.gz	5302912
utsw-glioma/BT1135/volumes/T1c.nii.gz	5333806
utsw-glioma/BT1135/volumes/T2.nii.gz	5328771
utsw-glioma/BT1135/volumes/brain_mask.nii.gz	289406
utsw-glioma/BT1135/volumes/tumor_seg.nii.gz	179026
utsw-glioma/BT1137/preprocessing_metadata.json	1645
utsw-glioma/BT1137/volumes/FLAIR.nii.gz	2417581
utsw-glioma/BT1137/volumes/T1.nii.gz	2405229
utsw-glioma/BT1137/volumes/T1c.nii.gz	2414310
utsw-glioma/BT1137/volumes/T2.nii.gz	2395558
utsw-glioma/BT1137/volumes/brain_mask.nii.gz	193607
utsw-glioma/BT1137/volumes/tumor_seg.nii.gz	179501
utsw-glioma/BT1138/preprocessing_metadata.json	1638
utsw-glioma/BT1138/volumes/FLAIR.nii.gz	5403669
utsw-glioma/BT1138/volumes/T1.nii.gz	5380843
utsw-glioma/BT1138/volumes/T1c.nii.gz	5384946
utsw-glioma/BT1138/volumes/T2.nii.gz	5393877
utsw-glioma/BT1138/volumes/brain_mask.nii.gz	299042
utsw-glioma/BT1138/volumes/tumor_seg.nii.gz	207994
utsw-glioma/BT1139/preprocessing_metadata.json	1625
utsw-glioma/BT1139/volumes/FLAIR.nii.gz	5868028
utsw-glioma/BT1139/volumes/T1.nii.gz	5825370
utsw-glioma/BT1139/volumes/T1c.nii.gz	5825885
utsw-glioma/BT1139/volumes/T2.nii.gz	5852286
utsw-glioma/BT1139/volumes/brain_mask.nii.gz	306283
utsw-glioma/BT1139/volumes/tumor_seg.nii.gz	168729
utsw-glioma/BT1140/preprocessing_metadata.json	1631
utsw-glioma/BT1140/volumes/FLAIR.nii.gz	5800102
utsw-glioma/BT1140/volumes/T1.nii.gz	5789547
utsw-glioma/BT1140/volumes/T1c.nii.gz	5816273
utsw-glioma/BT1140/volumes/T2.nii.gz	5796215
utsw-glioma/BT1140/volumes/brain_mask.nii.gz	304774
utsw-glioma/BT1140/volumes/tumor_seg.nii.gz	166887
utsw-glioma/BT1141/preprocessing_metadata.json	1637
utsw-glioma/BT1141/volumes/FLAIR.nii.gz	6492451
utsw-glioma/BT1141/volumes/T1.nii.gz	6447065
utsw-glioma/BT1141/volumes/T1c.nii.gz	6466728
utsw-glioma/BT1141/volumes/T2.nii.gz	6468990
utsw-glioma/BT1141/volumes/brain_mask.nii.gz	311770
utsw-glioma/BT1141/volumes/tumor_seg.nii.gz	202260
utsw-glioma/BT1143/preprocessing_metadata.json	1625
utsw-glioma/BT1143/volumes/FLAIR.nii.gz	5070874
utsw-glioma/BT1143/volumes/T1.nii.gz	5037168
utsw-glioma/BT1143/volumes/T1c.nii.gz	5047385
utsw-glioma/BT1143/volumes/T2.nii.gz	5075092
utsw-glioma/BT1143/volumes/brain_mask.nii.gz	280761
utsw-glioma/BT1143/volumes/tumor_seg.nii.gz	193286
utsw-glioma/BT1146/preprocessing_metadata.json	1628
utsw-glioma/BT1146/volumes/FLAIR.nii.gz	7193993
utsw-glioma/BT1146/volumes/T1.nii.gz	7168244
utsw-glioma/BT1146/volumes/T1c.nii.gz	7170858
utsw-glioma/BT1146/volumes/T2.nii.gz	7083666
utsw-glioma/BT1146/volumes/brain_mask.nii.gz	329333
utsw-glioma/BT1146/volumes/tumor_seg.nii.gz	279022
utsw-glioma/BT1147/preprocessing_metadata.json	1604
utsw-glioma/BT1147/volumes/FLAIR.nii.gz	5501514
utsw-glioma/BT1147/volumes/T1.nii.gz	5474124
utsw-glioma/BT1147/volumes/T1c.nii.gz	5477027
utsw-glioma/BT1147/volumes/T2.nii.gz	5503203
utsw-glioma/BT1147/volumes/brain_mask.nii.gz	296402
utsw-glioma/BT1147/volumes/tumor_seg.nii.gz	164437
utsw-glioma/BT1148/preprocessing_metadata.json	1649
utsw-glioma/BT1148/volumes/FLAIR.nii.gz	3491699
utsw-glioma/BT1148/volumes/T1.nii.gz	3478836
utsw-glioma/BT1148/volumes/T1c.nii.gz	3490384
utsw-glioma/BT1148/volumes/T2.nii.gz	3467799
utsw-glioma/BT1148/volumes/brain_mask.nii.gz	239536
utsw-glioma/BT1148/volumes/tumor_seg.nii.gz	165092
utsw-glioma/BT1150/preprocessing_metadata.json	1637
utsw-glioma/BT1150/volumes/FLAIR.nii.gz	5398348
utsw-glioma/BT1150/volumes/T1.nii.gz	5378537
utsw-glioma/BT1150/volumes/T1c.nii.gz	5396412
utsw-glioma/BT1150/volumes/T2.nii.gz	5395620
utsw-glioma/BT1150/volumes/brain_mask.nii.gz	294452
utsw-glioma/BT1150/volumes/tumor_seg.nii.gz	208361
utsw-glioma/BT1151/preprocessing_metadata.json	1645
utsw-glioma/BT1151/volumes/FLAIR.nii.gz	5975414
utsw-glioma/BT1151/volumes/T1.nii.gz	5944609
utsw-glioma/BT1151/volumes/T1c.nii.gz	5977292
utsw-glioma/BT1151/volumes/T2.nii.gz	5956503
utsw-glioma/BT1151/volumes/brain_mask.nii.gz	308524
utsw-glioma/BT1151/volumes/tumor_seg.nii.gz	208937
utsw-glioma/BT1201/preprocessing_metadata.json	1644
utsw-glioma/BT1201/volumes/FLAIR.nii.gz	5128721
utsw-glioma/BT1201/volumes/T1.nii.gz	5091957
utsw-glioma/BT1201/volumes/T1c.nii.gz	5131714
utsw-glioma/BT1201/volumes/T2.nii.gz	5127682
utsw-glioma/BT1201/volumes/brain_mask.nii.gz	286706
utsw-glioma/BT1201/volumes/tumor_seg.nii.gz	209196
utsw-glioma/BT1205/preprocessing_metadata.json	1629
utsw-glioma/BT1205/volumes/FLAIR.nii.gz	4588566
utsw-glioma/BT1205/volumes/T1.nii.gz	4578204
utsw-glioma/BT1205/volumes/T1c.nii.gz	4579681
utsw-glioma/BT1205/volumes/T2.nii.gz	4606984
utsw-glioma/BT1205/volumes/brain_mask.nii.gz	273852
utsw-glioma/BT1205/volumes/tumor_seg.nii.gz	159046
utsw-glioma/BT1207/preprocessing_metadata.json	1650
utsw-glioma/BT1207/volumes/FLAIR.nii.gz	6327589
utsw-glioma/BT1207/volumes/T1.nii.gz	6267330
utsw-glioma/BT1207/volumes/T1c.nii.gz	6304637
utsw-glioma/BT1207/volumes/T2.nii.gz	6257378
utsw-glioma/BT1207/volumes/brain_mask.nii.gz	315844
utsw-glioma/BT1207/volumes/tumor_seg.nii.gz	238391
utsw-glioma/BT1208/preprocessing_metadata.json	1647
utsw-glioma/BT1208/volumes/FLAIR.nii.gz	4960781
utsw-glioma/BT1208/volumes/T1.nii.gz	4934957
utsw-glioma/BT1208/volumes/T1c.nii.gz	4949662
utsw-glioma/BT1208/volumes/T2.nii.gz	4931281
utsw-glioma/BT1208/volumes/brain_mask.nii.gz	281039
utsw-glioma/BT1208/volumes/tumor_seg.nii.gz	175290
utsw-glioma/BT1209/preprocessing_metadata.json	1630
utsw-glioma/BT1209/volumes/FLAIR.nii.gz	3214229
utsw-glioma/BT1209/volumes/T1.nii.gz	3201273
utsw-glioma/BT1209/volumes/T1c.nii.gz	3202749
utsw-glioma/BT1209/volumes/T2.nii.gz	3187520
utsw-glioma/BT1209/volumes/brain_mask.nii.gz	231555
utsw-glioma/BT1209/volumes/tumor_seg.nii.gz	166982
utsw-glioma/BT1213/preprocessing_metadata.json	1649
utsw-glioma/BT1213/volumes/FLAIR.nii.gz	5030998
utsw-glioma/BT1213/volumes/T1.nii.gz	4994666
utsw-glioma/BT1213/volumes/T1c.nii.gz	5005382
utsw-glioma/BT1213/volumes/T2.nii.gz	5014405
utsw-glioma/BT1213/volumes/brain_mask.nii.gz	284270
utsw-glioma/BT1213/volumes/tumor_seg.nii.gz	176035
utsw-glioma/BT1215/preprocessing_metadata.json	1649
utsw-glioma/BT1215/volumes/FLAIR.nii.gz	4881136
utsw-glioma/BT1215/volumes/T1.nii.gz	4868795
utsw-glioma/BT1215/volumes/T1c.nii.gz	4891802
utsw-glioma/BT1215/volumes/T2.nii.gz	4871027
utsw-glioma/BT1215/volumes/brain_mask.nii.gz	272133
utsw-glioma/BT1215/volumes/tumor_seg.nii.gz	195752
utsw-glioma/BT1216/preprocessing_metadata.json	1646
utsw-glioma/BT1216/volumes/FLAIR.nii.gz	4142357
utsw-glioma/BT1216/volumes/T1.nii.gz	4111793
utsw-glioma/BT1216/volumes/T1c.nii.gz	4138195
utsw-glioma/BT1216/volumes/T2.nii.gz	4108859
utsw-glioma/BT1216/volumes/brain_mask.nii.gz	261405
utsw-glioma/BT1216/volumes/tumor_seg.nii.gz	174994
utsw-glioma/BT1223/preprocessing_metadata.json	1625
utsw-glioma/BT1223/volumes/FLAIR.nii.gz	4622448
utsw-glioma/BT1223/volumes/T1.nii.gz	4596131
utsw-glioma/BT1223/volumes/T1c.nii.gz	4591852
utsw-glioma/BT1223/volumes/T2.nii.gz	4580204
utsw-glioma/BT1223/volumes/brain_mask.nii.gz	282936
utsw-glioma/BT1223/volumes/tumor_seg.nii.gz	187039
utsw-glioma/BT1226/preprocessing_metadata.json	1642
utsw-glioma/BT1226/volumes/FLAIR.nii.gz	5033697
utsw-glioma/BT1226/volumes/T1.nii.gz	5022020
utsw-glioma/BT1226/volumes/T1c.nii.gz	5050070
utsw-glioma/BT1226/volumes/T2.nii.gz	5035280
utsw-glioma/BT1226/volumes/brain_mask.nii.gz	289078
utsw-glioma/BT1226/volumes/tumor_seg.nii.gz	202363
utsw-glioma/BT1228/preprocessing_metadata.json	1640
utsw-glioma/BT1228/volumes/FLAIR.nii.gz	4365975
utsw-glioma/BT1228/volumes/T1.nii.gz	4341799
utsw-glioma/BT1228/volumes/T1c.nii.gz	4340420
utsw-glioma/BT1228/volumes/T2.nii.gz	4347471
utsw-glioma/BT1228/volumes/brain_mask.nii.gz	260899
utsw-glioma/BT1228/volumes/tumor_seg.nii.gz	187567
utsw-glioma/BT1229/preprocessing_metadata.json	1637
utsw-glioma/BT1229/volumes/FLAIR.nii.gz	4029581
utsw-glioma/BT1229/volumes/T1.nii.gz	4001658
utsw-glioma/BT1229/volumes/T1c.nii.gz	4004200
utsw-glioma/BT1229/volumes/T2.nii.gz	4007265
utsw-glioma/BT1229/volumes/brain_mask.nii.gz	265428
utsw-glioma/BT1229/volumes/tumor_seg.nii.gz	174869
utsw-glioma/BT1232/preprocessing_metadata.json	1647
utsw-glioma/BT1232/volumes/FLAIR.nii.gz	5358442
utsw-glioma/BT1232/volumes/T1.nii.gz	5334923
utsw-glioma/BT1232/volumes/T1c.nii.gz	5334817
utsw-glioma/BT1232/volumes/T2.nii.gz	5348747
utsw-glioma/BT1232/volumes/brain_mask.nii.gz	294123
utsw-glioma/BT1232/volumes/tumor_seg.nii.gz	198997
utsw-glioma/BT1233/preprocessing_metadata.json	1643
utsw-glioma/BT1233/volumes/FLAIR.nii.gz	5611206
utsw-glioma/BT1233/volumes/T1.nii.gz	5569316
utsw-glioma/BT1233/volumes/T1c.nii.gz	5606278
utsw-glioma/BT1233/volumes/T2.nii.gz	5580922
utsw-glioma/BT1233/volumes/brain_mask.nii.gz	299276
utsw-glioma/BT1233/volumes/tumor_seg.nii.gz	209870
utsw-glioma/BT1234/preprocessing_metadata.json	1647
utsw-glioma/BT1234/volumes/FLAIR.nii.gz	5426408
utsw-glioma/BT1234/volumes/T1.nii.gz	5424624
utsw-glioma/BT1234/volumes/T1c.nii.gz	5424909
utsw-glioma/BT1234/volumes/T2.nii.gz	5422094
utsw-glioma/BT1234/volumes/brain_mask.nii.gz	295595
utsw-glioma/BT1234/volumes/tumor_seg.nii.gz	195038
utsw-glioma/BT1235/preprocessing_metadata.json	1648
utsw-glioma/BT1235/volumes/FLAIR.nii.gz	6314897
utsw-glioma/BT1235/volumes/T1.nii.gz	6248603
utsw-glioma/BT1235/volumes/T1c.nii.gz	6284303
utsw-glioma/BT1235/volumes/T2.nii.gz	6240512
utsw-glioma/BT1235/volumes/brain_mask.nii.gz	318810
utsw-glioma/BT1235/volumes/tumor_seg.nii.gz	254471
utsw-glioma/BT1236/preprocessing_metadata.json	1631
utsw-glioma/BT1236/volumes/FLAIR.nii.gz	5588633
utsw-glioma/BT1236/volumes/T1.nii.gz	5572443
utsw-glioma/BT1236/volumes/T1c.nii.gz	5576299
utsw-glioma/BT1236/volumes/T2.nii.gz	5566761
utsw-glioma/BT1236/volumes/brain_mask.nii.gz	295552
utsw-glioma/BT1236/volumes/tumor_seg.nii.gz	180353
utsw-glioma/BT1239/preprocessing_metadata.json	1632
utsw-glioma/BT1239/volumes/FLAIR.nii.gz	5613416
utsw-glioma/BT1239/volumes/T1.nii.gz	5565680
utsw-glioma/BT1239/volumes/T1c.nii.gz	5574725
utsw-glioma/BT1239/volumes/T2.nii.gz	5548862
utsw-glioma/BT1239/volumes/brain_mask.nii.gz	299571
utsw-glioma/BT1239/volumes/tumor_seg.nii.gz	198892
utsw-glioma/BT1240/preprocessing_metadata.json	1647
utsw-glioma/BT1240/volumes/FLAIR.nii.gz	4891949
utsw-glioma/BT1240/volumes/T1.nii.gz	4851489
utsw-glioma/BT1240/volumes/T1c.nii.gz	4880703
utsw-glioma/BT1240/volumes/T2.nii.gz	4842062
utsw-glioma/BT1240/volumes/brain_mask.nii.gz	280868
utsw-glioma/BT1240/volumes/tumor_seg.nii.gz	207075
utsw-glioma/BT1243/preprocessing_metadata.json	1630
utsw-glioma/BT1243/volumes/FLAIR.nii.gz	5046283
utsw-glioma/BT1243/volumes/T1.nii.gz	5016607
utsw-glioma/BT1243/volumes/T1c.nii.gz	5015082
utsw-glioma/BT1243/volumes/T2.nii.gz	5022350
utsw-glioma/BT1243/volumes/brain_mask.nii.gz	290549
utsw-glioma/BT1243/volumes/tumor_seg.nii.gz	170459
utsw-glioma/BT1244/preprocessing_metadata.json	1639
utsw-glioma/BT1244/volumes/FLAIR.nii.gz	5181438
utsw-glioma/BT1244/volumes/T1.nii.gz	5157341
utsw-glioma/BT1244/volumes/T1c.nii.gz	5173988
utsw-glioma/BT1244/volumes/T2.nii.gz	5141520
utsw-glioma/BT1244/volumes/brain_mask.nii.gz	283790
utsw-glioma/BT1244/volumes/tumor_seg.nii.gz	179293
utsw-glioma/BT1245/preprocessing_metadata.json	1649
utsw-glioma/BT1245/volumes/FLAIR.nii.gz	5648394
utsw-glioma/BT1245/volumes/T1.nii.gz	5608806
utsw-glioma/BT1245/volumes/T1c.nii.gz	5643191
utsw-glioma/BT1245/volumes/T2.nii.gz	5612871
utsw-glioma/BT1245/volumes/brain_mask.nii.gz	298559
utsw-glioma/BT1245/volumes/tumor_seg.nii.gz	208833
utsw-glioma/BT1246/preprocessing_metadata.json	1648
utsw-glioma/BT1246/volumes/FLAIR.nii.gz	4368612
utsw-glioma/BT1246/volumes/T1.nii.gz	4352079
utsw-glioma/BT1246/volumes/T1c.nii.gz	4353014
utsw-glioma/BT1246/volumes/T2.nii.gz	4335631
utsw-glioma/BT1246/volumes/brain_mask.nii.gz	269390
utsw-glioma/BT1246/volumes/tumor_seg.nii.gz	157077
utsw-glioma/BT1247/preprocessing_metadata.json	1649
utsw-glioma/BT1247/volumes/FLAIR.nii.gz	5704161
utsw-glioma/BT1247/volumes/T1.nii.gz	5665579
utsw-glioma/BT1247/volumes/T1c.nii.gz	5708589
utsw-glioma/BT1247/volumes/T2.nii.gz	5658179
utsw-glioma/BT1247/volumes/brain_mask.nii.gz	291409
utsw-glioma/BT1247/volumes/tumor_seg.nii.gz	219856
utsw-glioma/BT1249/preprocessing_metadata.json	1649
utsw-glioma/BT1249/volumes/FLAIR.nii.gz	6392871
utsw-glioma/BT1249/volumes/T1.nii.gz	6356077
utsw-glioma/BT1249/volumes/T1c.nii.gz	6362496
utsw-glioma/BT1249/volumes/T2.nii.gz	6359695
utsw-glioma/BT1249/volumes/brain_mask.nii.gz	320137
utsw-glioma/BT1249/volumes/tumor_seg.nii.gz	208018
utsw-glioma/BT1250/preprocessing_metadata.json	1644
utsw-glioma/BT1250/volumes/FLAIR.nii.gz	6270370
utsw-glioma/BT1250/volumes/T1.nii.gz	6237275
utsw-glioma/BT1250/volumes/T1c.nii.gz	6288485
utsw-glioma/BT1250/volumes/T2.nii.gz	6219609
utsw-glioma/BT1250/volumes/brain_mask.nii.gz	314234
utsw-glioma/BT1250/volumes/tumor_seg.nii.gz	239019
utsw-glioma/BT1252/preprocessing_metadata.json	1648
utsw-glioma/BT1252/volumes/FLAIR.nii.gz	5035124
utsw-glioma/BT1252/volumes/T1.nii.gz	5013433
utsw-glioma/BT1252/volumes/T1c.nii.gz	5019390
utsw-glioma/BT1252/volumes/T2.nii.gz	5011251
utsw-glioma/BT1252/volumes/brain_mask.nii.gz	295315
utsw-glioma/BT1252/volumes/tumor_seg.nii.gz	232198
utsw-glioma/BT1253/preprocessing_metadata.json	1630
utsw-glioma/BT1253/volumes/FLAIR.nii.gz	3185932
utsw-glioma/BT1253/volumes/T1.nii.gz	3167720
utsw-glioma/BT1253/volumes/T1c.nii.gz	3182988
utsw-glioma/BT1253/volumes/T2.nii.gz	3163231
utsw-glioma/BT1253/volumes/brain_mask.nii.gz	219368
utsw-glioma/BT1253/volumes/tumor_seg.nii.gz	173924
utsw-glioma/BT1254/preprocessing_metadata.json	1647
utsw-glioma/BT1254/volumes/FLAIR.nii.gz	5786360
utsw-glioma/BT1254/volumes/T1.nii.gz	5763286
utsw-glioma/BT1254/volumes/T1c.nii.gz	5766566
utsw-glioma/BT1254/volumes/T2.nii.gz	5771167
utsw-glioma/BT1254/volumes/brain_mask.nii.gz	309472
utsw-glioma/BT1254/volumes/tumor_seg.nii.gz	184112
utsw-glioma/BT1258/preprocessing_metadata.json	1623
utsw-glioma/BT1258/volumes/FLAIR.nii.gz	4059291
utsw-glioma/BT1258/volumes/T1.nii.gz	4038964
utsw-glioma/BT1258/volumes/T1c.nii.gz	4040904
utsw-glioma/BT1258/volumes/T2.nii.gz	4013551
utsw-glioma/BT1258/volumes/brain_mask.nii.gz	262597
utsw-glioma/BT1258/volumes/tumor_seg.nii.gz	151135
utsw-glioma/BT1259/preprocessing_metadata.json	1650
utsw-glioma/BT1259/volumes/FLAIR.nii.gz	6106075
utsw-glioma/BT1259/volumes/T1.nii.gz	6100419
utsw-glioma/BT1259/volumes/T1c.nii.gz	6106481
utsw-glioma/BT1259/volumes/T2.nii.gz	6103814
utsw-glioma/BT1259/volumes/brain_mask.nii.gz	314499
utsw-glioma/BT1259/volumes/tumor_seg.nii.gz	208796
utsw-glioma/BT1262/preprocessing_metadata.json	1652
utsw-glioma/BT1262/volumes/FLAIR.nii.gz	6041140
utsw-glioma/BT1262/volumes/T1.nii.gz	5986594
utsw-glioma/BT1262/volumes/T1c.nii.gz	6028712
utsw-glioma/BT1262/volumes/T2.nii.gz	5982878
utsw-glioma/BT1262/volumes/brain_mask.nii.gz	302384
utsw-glioma/BT1262/volumes/tumor_seg.nii.gz	223981
utsw-glioma/BT1263/preprocessing_metadata.json	1645
utsw-glioma/BT1263/volumes/FLAIR.nii.gz	6942296
utsw-glioma/BT1263/volumes/T1.nii.gz	6901919
utsw-glioma/BT1263/volumes/T1c.nii.gz	6918845
utsw-glioma/BT1263/volumes/T2.nii.gz	6913927
utsw-glioma/BT1263/volumes/brain_mask.nii.gz	328968
utsw-glioma/BT1263/volumes/tumor_seg.nii.gz	189161
utsw-glioma/BT1267/preprocessing_metadata.json	1647
utsw-glioma/BT1267/volumes/FLAIR.nii.gz	4831189
utsw-glioma/BT1267/volumes/T1.nii.gz	4810821
utsw-glioma/BT1267/volumes/T1c.nii.gz	4837435
utsw-glioma/BT1267/volumes/T2.nii.gz	4814930
utsw-glioma/BT1267/volumes/brain_mask.nii.gz	285175
utsw-glioma/BT1267/volumes/tumor_seg.nii.gz	206846
utsw-glioma/BT1268/preprocessing_metadata.json	1632
utsw-glioma/BT1268/volumes/FLAIR.nii.gz	4943975
utsw-glioma/BT1268/volumes/T1.nii.gz	4933034
utsw-glioma/BT1268/volumes/T1c.nii.gz	4953527
utsw-glioma/BT1268/volumes/T2.nii.gz	4922283
utsw-glioma/BT1268/volumes/brain_mask.nii.gz	286078
utsw-glioma/BT1268/volumes/tumor_seg.nii.gz	190261
utsw-glioma/BT1269/preprocessing_metadata.json	1650
utsw-glioma/BT1269/volumes/FLAIR.nii.gz	5828346
utsw-glioma/BT1269/volumes/T1.nii.gz	5778625
utsw-glioma/BT1269/volumes/T1c.nii.gz	5824569
utsw-glioma/BT1269/volumes/T2.nii.gz	5775447
utsw-glioma/BT1269/volumes/brain_mask.nii.gz	305541
utsw-glioma/BT1269/volumes/tumor_seg.nii.gz	255857
utsw-glioma/BT1270/preprocessing_metadata.json	1650
utsw-glioma/BT1270/volumes/FLAIR.nii.gz	6023801
utsw-glioma/BT1270/volumes/T1.nii.gz	6000494
utsw-glioma/BT1270/volumes/T1c.nii.gz	6025318
utsw-glioma/BT1270/volumes/T2.nii.gz	6002611
utsw-glioma/BT1270/volumes/brain_mask.nii.gz	296276
utsw-glioma/BT1270/volumes/tumor_seg.nii.gz	214937
utsw-glioma/BT1271/preprocessing_metadata.json	1628
utsw-glioma/BT1271/volumes/FLAIR.nii.gz	4750752
utsw-glioma/BT1271/volumes/T1.nii.gz	4726006
utsw-glioma/BT1271/volumes/T1c.nii.gz	4745752
utsw-glioma/BT1271/volumes/T2.nii.gz	4734222
utsw-glioma/BT1271/volumes/brain_mask.nii.gz	274048
utsw-glioma/BT1271/volumes/tumor_seg.nii.gz	191953
utsw-glioma/BT1272/preprocessing_metadata.json	1648
utsw-glioma/BT1272/volumes/FLAIR.nii.gz	5028648
utsw-glioma/BT1272/volumes/T1.nii.gz	4989208
utsw-glioma/BT1272/volumes/T1c.nii.gz	5008300
utsw-glioma/BT1272/volumes/T2.nii.gz	4989759
utsw-glioma/BT1272/volumes/brain_mask.nii.gz	282147
utsw-glioma/BT1272/volumes/tumor_seg.nii.gz	171545
utsw-glioma/BT1273/preprocessing_metadata.json	1645
utsw-glioma/BT1273/volumes/FLAIR.nii.gz	5211586
utsw-glioma/BT1273/volumes/T1.nii.gz	5165957
utsw-glioma/BT1273/volumes/T1c.nii.gz	5208020
utsw-glioma/BT1273/volumes/T2.nii.gz	5136142
utsw-glioma/BT1273/volumes/brain_mask.nii.gz	291970
utsw-glioma/BT1273/volumes/tumor_seg.nii.gz	222841
utsw-glioma/BT1274/preprocessing_metadata.json	1625
utsw-glioma/BT1274/volumes/FLAIR.nii.gz	5340135
utsw-glioma/BT1274/volumes/T1.nii.gz	5304248
utsw-glioma/BT1274/volumes/T1c.nii.gz	5318295
utsw-glioma/BT1274/volumes/T2.nii.gz	5323497
utsw-glioma/BT1274/volumes/brain_mask.nii.gz	295622
utsw-glioma/BT1274/volumes/tumor_seg.nii.gz	179609
utsw-glioma/BT1276/preprocessing_metadata.json	1649
utsw-glioma/BT1276/volumes/FLAIR.nii.gz	5660798
utsw-glioma/BT1276/volumes/T1.nii.gz	5632264
utsw-glioma/BT1276/volumes/T1c.nii.gz	5664471
utsw-glioma/BT1276/volumes/T2.nii.gz	5625844
utsw-glioma/BT1276/volumes/brain_mask.nii.gz	300702
utsw-glioma/BT1276/volumes/tumor_seg.nii.gz	197893
utsw-glioma/BT1277/preprocessing_metadata.json	1643
utsw-glioma/BT1277/volumes/FLAIR.nii.gz	4111996
utsw-glioma/BT1277/volumes/T1.nii.gz	4081911
utsw-glioma/BT1277/volumes/T1c.nii.gz	4097273
utsw-glioma/BT1277/volumes/T2.nii.gz	4082113
utsw-glioma/BT1277/volumes/brain_mask.nii.gz	265587
utsw-glioma/BT1277/volumes/tumor_seg.nii.gz	192602
utsw-glioma/BT1279/preprocessing_metadata.json	1648
utsw-glioma/BT1279/volumes/FLAIR.nii.gz	5252094
utsw-glioma/BT1279/volumes/T1.nii.gz	5235371
utsw-glioma/BT1279/volumes/T1c.nii.gz	5243501
utsw-glioma/BT1279/volumes/T2.nii.gz	5219038
utsw-glioma/BT1279/volumes/brain_mask.nii.gz	295175
utsw-glioma/BT1279/volumes/tumor_seg.nii.gz	200292
utsw-glioma/BT1280/preprocessing_metadata.json	1651
utsw-glioma/BT1280/volumes/FLAIR.nii.gz	6897029
utsw-glioma/BT1280/volumes/T1.nii.gz	6860168
utsw-glioma/BT1280/volumes/T1c.nii.gz	6890424
utsw-glioma/BT1280/volumes/T2.nii.gz	6832194
utsw-glioma/BT1280/volumes/brain_mask.nii.gz	332987
utsw-glioma/BT1280/volumes/tumor_seg.nii.gz	249562
utsw-glioma/BT1282/preprocessing_metadata.json	1642
utsw-glioma/BT1282/volumes/FLAIR.nii.gz	4955280
utsw-glioma/BT1282/volumes/T1.nii.gz	4935146
utsw-glioma/BT1282/volumes/T1c.nii.gz	4957361
utsw-glioma/BT1282/volumes/T2.nii.gz	4940445
utsw-glioma/BT1282/volumes/brain_mask.nii.gz	281965
utsw-glioma/BT1282/volumes/tumor_seg.nii.gz	164432
utsw-glioma/BT1283/preprocessing_metadata.json	1637
utsw-glioma/BT1283/volumes/FLAIR.nii.gz	5985379
utsw-glioma/BT1283/volumes/T1.nii.gz	5946888
utsw-glioma/BT1283/volumes/T1c.nii.gz	5952894
utsw-glioma/BT1283/volumes/T2.nii.gz	5958968
utsw-glioma/BT1283/volumes/brain_mask.nii.gz	302359
utsw-glioma/BT1283/volumes/tumor_seg.nii.gz	177351
utsw-glioma/BT1284/preprocessing_metadata.json	1648
utsw-glioma/BT1284/volumes/FLAIR.nii.gz	5143181
utsw-glioma/BT1284/volumes/T1.nii.gz	5109893
utsw-glioma/BT1284/volumes/T1c.nii.gz	5125469
utsw-glioma/BT1284/volumes/T2.nii.gz	5095325
utsw-glioma/BT1284/volumes/brain_mask.nii.gz	287105
utsw-glioma/BT1284/volumes/tumor_seg.nii.gz	217311
utsw-glioma/BT1285/preprocessing_metadata.json	1642
utsw-glioma/BT1285/volumes/FLAIR.nii.gz	5116801
utsw-glioma/BT1285/volumes/T1.nii.gz	5091063
utsw-glioma/BT1285/volumes/T1c.nii.gz	5106802
utsw-glioma/BT1285/volumes/T2.nii.gz	5100100
utsw-glioma/BT1285/volumes/brain_mask.nii.gz	282979
utsw-glioma/BT1285/volumes/tumor_seg.nii.gz	192668
utsw-glioma/BT1286/preprocessing_metadata.json	1643
utsw-glioma/BT1286/volumes/FLAIR.nii.gz	5921457
utsw-glioma/BT1286/volumes/T1.nii.gz	5891317
utsw-glioma/BT1286/volumes/T1c.nii.gz	5950106
utsw-glioma/BT1286/volumes/T2.nii.gz	5904379
utsw-glioma/BT1286/volumes/brain_mask.nii.gz	311454
utsw-glioma/BT1286/volumes/tumor_seg.nii.gz	199078
utsw-glioma/BT1288/preprocessing_metadata.json	1643
utsw-glioma/BT1288/volumes/FLAIR.nii.gz	4086372
utsw-glioma/BT1288/volumes/T1.nii.gz	4072168
utsw-glioma/BT1288/volumes/T1c.nii.gz	4075988
utsw-glioma/BT1288/volumes/T2.nii.gz	4071870
utsw-glioma/BT1288/volumes/brain_mask.nii.gz	260827
utsw-glioma/BT1288/volumes/tumor_seg.nii.gz	165068
utsw-glioma/BT1289/preprocessing_metadata.json	1641
utsw-glioma/BT1289/volumes/FLAIR.nii.gz	5572170
utsw-glioma/BT1289/volumes/T1.nii.gz	5551958
utsw-glioma/BT1289/volumes/T1c.nii.gz	5565991
utsw-glioma/BT1289/volumes/T2.nii.gz	5562643
utsw-glioma/BT1289/volumes/brain_mask.nii.gz	295710
utsw-glioma/BT1289/volumes/tumor_seg.nii.gz	231463
utsw-glioma/BT1296/preprocessing_metadata.json	1646
utsw-glioma/BT1296/volumes/FLAIR.nii.gz	7215399
utsw-glioma/BT1296/volumes/T1.nii.gz	7179635
utsw-glioma/BT1296/volumes/T1c.nii.gz	7198423
utsw-glioma/BT1296/volumes/T2.nii.gz	7225463
utsw-glioma/BT1296/volumes/brain_mask.nii.gz	320636
utsw-glioma/BT1296/volumes/tumor_seg.nii.gz	205079
utsw-glioma/BT1297/preprocessing_metadata.json	1643
utsw-glioma/BT1297/volumes/FLAIR.nii.gz	5740622
utsw-glioma/BT1297/volumes/T1.nii.gz	5720733
utsw-glioma/BT1297/volumes/T1c.nii.gz	5757601
utsw-glioma/BT1297/volumes/T2.nii.gz	5734134
utsw-glioma/BT1297/volumes/brain_mask.nii.gz	299347
utsw-glioma/BT1297/volumes/tumor_seg.nii.gz	183769
utsw-glioma/BT1298/preprocessing_metadata.json	1644
utsw-glioma/BT1298/volumes/FLAIR.nii.gz	5769197
utsw-glioma/BT1298/volumes/T1.nii.gz	5721877
utsw-glioma/BT1298/volumes/T1c.nii.gz	5732788
utsw-glioma/BT1298/volumes/T2.nii.gz	5747084
utsw-glioma/BT1298/volumes/brain_mask.nii.gz	301322
utsw-glioma/BT1298/volumes/tumor_seg.nii.gz	206743
utsw-glioma/BT1300/preprocessing_metadata.json	1640
utsw-glioma/BT1300/volumes/FLAIR.nii.gz	6285010
utsw-glioma/BT1300/volumes/T1.nii.gz	6251004
utsw-glioma/BT1300/volumes/T1c.nii.gz	6264173
utsw-glioma/BT1300/volumes/T2.nii.gz	6231590
utsw-glioma/BT1300/volumes/brain_mask.nii.gz	312393
utsw-glioma/BT1300/volumes/tumor_seg.nii.gz	226289
utsw-glioma/BT1301/preprocessing_metadata.json	1626
utsw-glioma/BT1301/volumes/FLAIR.nii.gz	5608984
utsw-glioma/BT1301/volumes/T1.nii.gz	5594694
utsw-glioma/BT1301/volumes/T1c.nii.gz	5595960
utsw-glioma/BT1301/volumes/T2.nii.gz	5602178
utsw-glioma/BT1301/volumes/brain_mask.nii.gz	298609
utsw-glioma/BT1301/volumes/tumor_seg.nii.gz	176805
utsw-glioma/BT1303/preprocessing_metadata.json	1645
utsw-glioma/BT1303/volumes/FLAIR.nii.gz	3878297
utsw-glioma/BT1303/volumes/T1.nii.gz	3865762
utsw-glioma/BT1303/volumes/T1c.nii.gz	3880195
utsw-glioma/BT1303/volumes/T2.nii.gz	3860396
utsw-glioma/BT1303/volumes/brain_mask.nii.gz	250436
utsw-glioma/BT1303/volumes/tumor_seg.nii.gz	161243
utsw-glioma/BT1311/preprocessing_metadata.json	1645
utsw-glioma/BT1311/volumes/FLAIR.nii.gz	3995017
utsw-glioma/BT1311/volumes/T1.nii.gz	3983100
utsw-glioma/BT1311/volumes/T1c.nii.gz	3995504
utsw-glioma/BT1311/volumes/T2.nii.gz	3979096
utsw-glioma/BT1311/volumes/brain_mask.nii.gz	254859
utsw-glioma/BT1311/volumes/tumor_seg.nii.gz	174786
utsw-glioma/BT1312/preprocessing_metadata.json	1630
utsw-glioma/BT1312/volumes/FLAIR.nii.gz	5798278
utsw-glioma/BT1312/volumes/T1.nii.gz	5801155
utsw-glioma/BT1312/volumes/T1c.nii.gz	5801502
utsw-glioma/BT1312/volumes/T2.nii.gz	5811837
utsw-glioma/BT1312/volumes/brain_mask.nii.gz	306994
utsw-glioma/BT1312/volumes/tumor_seg.nii.gz	169343
utsw-glioma/_global/seg_source_inventory.csv	45851
utsw-glioma/_global/seg_source_summary.txt	936
